,着順,枠番,馬番,馬名,性齢,斤量,騎手,タイム,着差,単勝,人気,馬体重,調教師,race_type,course_len,weather,ground_state,date,class,horse_id,jockey_id
202504010101,1,5,7,サルサロッサ,牝6,58.0,伴啓太,0:3:08.9,nan,9.6,5.0,462,[東] 高柳瑞樹,障害,2890,晴,良,2025年5月3日,未勝利,2019103100,01149
202504010101,2,7,11,ホウオウエクレール,牡8,60.0,小牧加矢,0:3:08.9,ハナ,1.8,1.0,510,[西] 宮徹,障害,2890,晴,良,2025年5月3日,未勝利,2017103293,01196
202504010101,3,4,6,サクセスバラード,牡5,60.0,上野翔,0:3:09.0,1/2,6.7,2.0,470,[東] 竹内正洋,障害,2890,晴,良,2025年5月3日,未勝利,2020104898,01087
202504010101,4,1,1,ディープレイヤー,牡6,60.0,五十嵐雄,0:3:09.8,5,24.2,7.0,496,[東] 大和田成,障害,2890,晴,良,2025年5月3日,未勝利,2019105844,01069
202504010101,5,7,12,フリーダムレイン,牡4,59.0,中村将之,0:3:10.3,3,7.4,4.0,480,[西] 高橋一哉,障害,2890,晴,良,2025年5月3日,未勝利,2021105792,01101
202504010101,6,6,9,コスモゴレアドール,牡6,57.0,土田真翔,0:3:10.7,2.1/2,23.9,6.0,434,[東] 土田稔,障害,2890,晴,良,2025年5月3日,未勝利,2019100741,01198
202504010101,7,6,10,ウィズユアドリーム,牡5,60.0,高田潤,0:3:11.1,2,7.0,3.0,504,[西] 宮地貴稔,障害,2890,晴,良,2025年5月3日,未勝利,2020101918,01046
202504010101,8,8,14,テトラード,牡4,59.0,小野寺祐,0:3:11.1,クビ,70.7,11.0,468,[西] 坂口智康,障害,2890,晴,良,2025年5月3日,未勝利,2021104999,01123
202504010101,9,3,3,プリンセスララア,牝8,58.0,大江原圭,0:3:11.8,4,87.3,12.0,428,[東] 的場均,障害,2890,晴,良,2025年5月3日,未勝利,2017100655,01120
202504010101,10,2,2,フォルガイル,牡4,57.0,水沼元輝,0:3:14.4,大,146.6,13.0,432,[東] 加藤和宏,障害,2890,晴,良,2025年5月3日,未勝利,2021101164,01201
202504010101,11,5,8,ディープグラビティ,セ6,60.0,石神深一,0:3:15.5,7,44.7,8.0,446,[東] 矢嶋大樹,障害,2890,晴,良,2025年5月3日,未勝利,2019104773,01059
202504010101,12,8,13,ドライグ,牡5,60.0,難波剛健,0:3:16.2,4,160.9,14.0,486,[西] 大根田裕,障害,2890,晴,良,2025年5月3日,未勝利,2020101652,01066
202504010101,13,4,5,ブルースピリット,セ7,60.0,草野太郎,0:3:17.6,9,51.7,9.0,504,[東] 岩戸孝樹,障害,2890,晴,良,2025年5月3日,未勝利,2018110037,01113
202504010101,14,3,4,トラモント,セ8,60.0,金子光希,0:3:22.6,大,69.4,10.0,504,[東] 新開幸一,障害,2890,晴,良,2025年5月3日,未勝利,2017105506,01052
202504010102,1,3,4,アンドリーナ,牝3,55.0,国分恭介,0:1:55.7,nan,2.8,1.0,456,[西] 牧浦充徳,ダート,1800,晴,稍重,2025年5月3日,未勝利,2022101457,01124
202504010102,2,3,5,リュウゼツラン,牝3,51.0,小林美駒,0:1:56.4,4,14.8,6.0,446,[東] 水野貴広,ダート,1800,晴,稍重,2025年5月3日,未勝利,2022106809,01206
202504010102,3,8,14,クリップクロップ,牝3,55.0,小崎綾也,0:1:56.4,クビ,9.8,5.0,460,[西] 高橋一哉,ダート,1800,晴,稍重,2025年5月3日,未勝利,2022105331,01152
202504010102,4,1,1,ラグナトーレ,牝3,51.0,河原田菜,0:1:56.6,1.1/4,61.9,11.0,450,[西] 角田晃一,ダート,1800,晴,稍重,2025年5月3日,未勝利,2022106185,01204
202504010102,5,4,7,フロウオブタイム,牝3,53.0,長浜鴻緒,0:1:56.7,クビ,7.4,3.0,440,[東] 大和田成,ダート,1800,晴,稍重,2025年5月3日,未勝利,2022106911,01214
202504010102,6,4,6,ラファエラエンゼル,牝3,52.0,水沼元輝,0:1:56.9,1.1/4,58.6,10.0,412,[東] 武市康男,ダート,1800,晴,稍重,2025年5月3日,未勝利,2022104544,01201
202504010102,7,5,9,ヨドギミ,牝3,55.0,丹内祐次,0:1:56.9,アタマ,8.3,4.0,466,[西] 中村直也,ダート,1800,晴,稍重,2025年5月3日,未勝利,2022104491,01091
202504010102,8,2,2,アンデルマット,牝3,55.0,佐々木大,0:1:57.3,2.1/2,3.6,2.0,482,[西] 梅田智之,ダート,1800,晴,稍重,2025年5月3日,未勝利,2022105193,01197
202504010102,9,2,3,ゼットヒーロ,牝3,55.0,斎藤新,0:1:58.3,6,27.9,9.0,462,[西] 吉田直弘,ダート,1800,晴,稍重,2025年5月3日,未勝利,2022100687,01178
202504010102,10,7,12,ラインアルテミス,牝3,55.0,武藤雅,0:1:58.6,1.3/4,19.5,7.0,514,[東] 武藤善則,ダート,1800,晴,稍重,2025年5月3日,未勝利,2022106875,01169
202504010102,11,5,8,ミステンザン,牝3,52.0,石神深道,0:1:58.7,3/4,208.4,15.0,452,[東] 和田正一,ダート,1800,晴,稍重,2025年5月3日,未勝利,2022104434,01209
202504010102,12,6,10,ファイブエム,牝3,52.0,鷲頭虎太,0:1:59.2,2.1/2,22.7,8.0,428,[西] 野中賢二,ダート,1800,晴,稍重,2025年5月3日,未勝利,2022100635,01202
202504010102,13,6,11,プルメリアリング,牝3,55.0,小沢大仁,0:1:59.2,クビ,110.7,13.0,432,[西] 藤原英昭,ダート,1800,晴,稍重,2025年5月3日,未勝利,2022106965,01185
202504010102,14,7,13,クインズモナカ,牝3,53.0,永島まな,0:1:59.7,3,109.3,12.0,464,[東] 池上昌和,ダート,1800,晴,稍重,2025年5月3日,未勝利,2022107194,01187
202504010102,中,8,15,カレリアンダンス,牝3,52.0,今村聖奈,nan,nan,131.1,14.0,436,[東] 小野次郎,ダート,1800,晴,稍重,2025年5月3日,未勝利,2022106878,01193
202504010103,1,8,15,テイエムパイロット,牡3,54.0,柴田裕一,0:1:11.9,nan,43.0,8.0,498,[西] 秋山真一,ダート,1200,晴,稍重,2025年5月3日,未勝利,2022103775,01212
202504010103,2,7,13,ペンテリコン,牝3,55.0,佐々木大,0:1:12.1,1.1/4,6.7,3.0,484,[西] 武幸四郎,ダート,1200,晴,稍重,2025年5月3日,未勝利,2022104644,01197
202504010103,3,6,11,ワイドデコラシオン,牡3,57.0,小沢大仁,0:1:12.1,ハナ,1.8,1.0,506,[西] 辻野泰之,ダート,1200,晴,稍重,2025年5月3日,未勝利,2022103306,01185
202504010103,4,4,6,クラウンセヘル,牡3,57.0,斎藤新,0:1:12.9,5,138.2,13.0,536,[西] 茶木太樹,ダート,1200,晴,稍重,2025年5月3日,未勝利,2022101296,01178
202504010103,5,8,14,チュラット,牝3,52.0,舟山瑠泉,0:1:12.9,クビ,29.0,7.0,436,[東] 水野貴広,ダート,1200,晴,稍重,2025年5月3日,未勝利,2022103892,01221
202504010103,6,5,8,リリードリーマー,牝3,52.0,古川奈穂,0:1:13.1,1.1/2,7.8,4.0,448,[西] 平田修,ダート,1200,晴,稍重,2025年5月3日,未勝利,2022106007,01190
202504010103,7,7,12,スカイダイバー,牝3,52.0,石田拓郎,0:1:13.2,クビ,119.3,11.0,446,[東] 田中勝春,ダート,1200,晴,稍重,2025年5月3日,未勝利,2022104122,01203
202504010103,8,6,10,ナックオリオン,牡3,54.0,佐藤翔馬,0:1:13.3,1/2,4.9,2.0,464,[東] 杉浦宏昭,ダート,1200,晴,稍重,2025年5月3日,未勝利,2022101542,01207
202504010103,9,3,5,モンサンヴデット,牝3,52.0,今村聖奈,0:1:13.3,ハナ,136.3,12.0,434,[西] 平田修,ダート,1200,晴,稍重,2025年5月3日,未勝利,2022101460,01193
202504010103,10,3,4,リポジノ,牝3,51.0,小林美駒,0:1:13.4,3/4,24.8,6.0,460,[西] 中村直也,ダート,1200,晴,稍重,2025年5月3日,未勝利,2022104301,01206
202504010103,11,2,2,プロピエダッド,牝3,53.0,長浜鴻緒,0:1:13.4,アタマ,16.4,5.0,478,[東] 武藤善則,ダート,1200,晴,稍重,2025年5月3日,未勝利,2022109090,01214
202504010103,12,2,3,イスラコラソン,牝3,52.0,上里直汰,0:1:13.6,3/4,72.7,10.0,442,[東] 大和田成,ダート,1200,晴,稍重,2025年5月3日,未勝利,2022105445,01217
202504010103,13,4,7,フューチャステップ,牝3,55.0,小林脩斗,0:1:14.1,3,515.2,15.0,472,[東] 青木孝文,ダート,1200,晴,稍重,2025年5月3日,未勝利,2022102304,01183
202504010103,14,1,1,ホワイトマジック,牡3,55.0,永島まな,0:1:14.1,アタマ,44.3,9.0,460,[東] 田中剛,ダート,1200,晴,稍重,2025年5月3日,未勝利,2022101635,01187
202504010103,15,5,9,ゴールドエンペラー,牡3,54.0,川端海翼,0:1:15.5,9,142.7,14.0,512,[西] 羽月友彦,ダート,1200,晴,稍重,2025年5月3日,未勝利,2022100902,01195
202504010104,1,5,7,ドゥラモンド,牡7,57.0,坂口智康,0:3:08.5,nan,10.8,6.0,500,[東] 手塚貴久,障害,2890,晴,良,2025年5月3日,オープン,2018105078,01211
202504010104,2,1,1,エンデュミオン,牡8,59.0,鷲頭虎太,0:3:08.5,アタマ,13.4,7.0,468,[西] 清水久詞,障害,2890,晴,良,2025年5月3日,オープン,2017106153,01202
202504010104,3,4,6,ミトロジー,セ9,60.0,金子光希,0:3:08.8,1.3/4,6.4,3.0,484,[東] 尾関知人,障害,2890,晴,良,2025年5月3日,オープン,2016104665,01052
202504010104,4,3,3,ガンダルフ,牡7,60.0,伴啓太,0:3:09.0,1.1/4,8.9,5.0,492,[東] 国枝栄,障害,2890,晴,良,2025年5月3日,オープン,2018104907,01149
202504010104,5,8,13,コンテナワールド,牡4,57.0,井上敏樹,0:3:09.0,ハナ,3.9,2.0,476,[西] 中竹和也,障害,2890,晴,良,2025年5月3日,オープン,2021104924,01151
202504010104,6,4,5,テイエムナイスラン,牡6,57.0,土田真翔,0:3:09.1,3/4,23.6,8.0,534,[東] 石栗龍彦,障害,2890,晴,良,2025年5月3日,オープン,2019102826,01198
202504010104,7,5,8,リレーションシップ,牡8,60.0,高田潤,0:3:09.4,1.1/2,8.2,4.0,516,[西] 斉藤崇史,障害,2890,晴,良,2025年5月3日,オープン,2017105272,01046
202504010104,8,7,12,ヴァトレニ,セ7,60.0,森一馬,0:3:09.4,ハナ,3.4,1.0,444,[西] 長谷川浩,障害,2890,晴,良,2025年5月3日,オープン,2018104331,01139
202504010104,9,6,10,サンマルグレイト,牡5,60.0,大江原圭,0:3:09.6,1.1/2,33.4,9.0,448,[東] 佐藤吉勝,障害,2890,晴,良,2025年5月3日,オープン,2020101779,01120
202504010104,10,7,11,ヤマタケアオイバラ,牡5,57.0,水沼元輝,0:3:09.9,1.1/2,159.9,13.0,452,[東] 萱野浩二,障害,2890,晴,良,2025年5月3日,オープン,2020102211,01201
202504010104,11,2,2,ラエール,牝6,58.0,上野翔,0:3:11.0,7,34.1,10.0,428,[東] 土田稔,障害,2890,晴,良,2025年5月3日,オープン,2019106851,01087
202504010104,12,6,9,ロンギングバース,セ7,60.0,五十嵐雄,0:3:11.3,1.3/4,35.6,11.0,458,[東] 竹内正洋,障害,2890,晴,良,2025年5月3日,オープン,2018102216,01069
202504010104,13,8,14,テイエムエメラルド,牝7,58.0,小野寺祐,0:3:12.1,5,73.9,12.0,470,[西] 小椋研介,障害,2890,晴,良,2025年5月3日,オープン,2018102822,01123
202504010104,14,3,4,ティートラップ,牡8,60.0,草野太郎,0:3:13.8,10,163.2,14.0,480,[東] 伊藤伸一,障害,2890,晴,良,2025年5月3日,オープン,2017103381,01113
202504010105,1,8,16,マーゴットカーラ,牝3,55.0,斎藤新,0:1:22.5,nan,22.9,9.0,428,[西] 石坂公一,芝,1400,晴,良,2025年5月3日,未勝利,2022100492,01178
202504010105,2,6,12,ナンナンプー,牝3,53.0,長浜鴻緒,0:1:22.9,2,41.9,10.0,438,[東] 矢嶋大樹,芝,1400,晴,良,2025年5月3日,未勝利,2022102878,01214
202504010105,3,6,11,オカゲサン,牡3,57.0,吉田隼人,0:1:22.9,クビ,7.4,4.0,498,[東] 尾形和幸,芝,1400,晴,良,2025年5月3日,未勝利,2022104068,01095
202504010105,4,8,15,ショウナンタハティ,牡3,57.0,丹内祐次,0:1:23.1,1,5.7,2.0,500,[東] 大竹正博,芝,1400,晴,良,2025年5月3日,未勝利,2022103911,01091
202504010105,5,1,1,サウンドルーチェ,牝3,52.0,和田陽希,0:1:23.2,1,12.4,5.0,434,[西] 渡辺薫彦,芝,1400,晴,良,2025年5月3日,未勝利,2022105267,01223
202504010105,6,1,2,フェンスブレイカー,牡3,57.0,松若風馬,0:1:23.3,クビ,6.6,3.0,544,[東] 田島俊明,芝,1400,晴,良,2025年5月3日,未勝利,2022104095,01154
202504010105,7,5,10,ダイヤノゴトク,牝3,51.0,小林美駒,0:1:23.3,クビ,19.9,8.0,452,[西] 小栗実,芝,1400,晴,良,2025年5月3日,未勝利,2022105125,01206
202504010105,8,3,6,キントラダンサー,牝3,55.0,佐々木大,0:1:23.5,1,2.4,1.0,464,[西] 長谷川浩,芝,1400,晴,良,2025年5月3日,未勝利,2022104387,01197
202504010105,9,4,8,ノーブルオリンポス,セ3,57.0,武藤雅,0:1:23.6,1/2,143.4,14.0,430,[東] 武藤善則,芝,1400,晴,良,2025年5月3日,未勝利,2022100528,01169
202504010105,10,4,7,スペシャルバニー,牝3,52.0,舟山瑠泉,0:1:23.6,クビ,15.0,6.0,396,[東] 田村康仁,芝,1400,晴,良,2025年5月3日,未勝利,2022101618,01221
202504010105,11,5,9,ブレゲアン,牡3,57.0,酒井学,0:1:23.7,1/2,60.4,11.0,470,[東] 田村康仁,芝,1400,晴,良,2025年5月3日,未勝利,2022106951,01034
202504010105,12,2,3,オーサムシャドウ,牝3,52.0,鷲頭虎太,0:1:24.1,2.1/2,164.7,15.0,416,[西] 斉藤崇史,芝,1400,晴,良,2025年5月3日,未勝利,2022105349,01202
202504010105,13,2,4,リラゲイル,牡3,55.0,永島まな,0:1:24.4,2,110.9,12.0,490,[西] 須貝尚介,芝,1400,晴,良,2025年5月3日,未勝利,2022103518,01187
202504010105,14,7,14,ルブリアン,牡3,54.0,柴田裕一,0:1:24.5,クビ,16.8,7.0,488,[西] 佐々木晶,芝,1400,晴,良,2025年5月3日,未勝利,2022106320,01212
202504010105,15,7,13,スパディール,セ3,54.0,今村聖奈,0:1:25.0,3.1/2,138.8,13.0,438,[東] 武井亮,芝,1400,晴,良,2025年5月3日,未勝利,2022104470,01193
202504010105,16,3,5,ジューンセレッソ,牝3,55.0,小沢大仁,0:1:26.1,7,178.2,16.0,396,[西] 武英智,芝,1400,晴,良,2025年5月3日,未勝利,2022100365,01185
202504010106,1,7,13,シャインバオバブ,牡3,57.0,古川吉洋,0:2:29.8,nan,4.0,2.0,496,[西] 本田優,芝,2400,晴,良,2025年5月3日,未勝利,2022106180,01015
202504010106,2,3,6,ポッポノフェスタ,牡3,57.0,西村太一,0:2:30.2,2.1/2,9.2,4.0,456,[東] 堀内岳志,芝,2400,晴,良,2025年5月3日,未勝利,2022105614,01131
202504010106,3,2,3,ロードアルディート,牡3,54.0,和田陽希,0:2:30.3,1/2,13.9,6.0,460,[西] 杉山晴紀,芝,2400,晴,良,2025年5月3日,未勝利,2022100637,01223
202504010106,4,6,12,シャインフリーリー,牡3,57.0,丹内祐次,0:2:30.5,1,3.8,1.0,474,[東] 矢嶋大樹,芝,2400,晴,良,2025年5月3日,未勝利,2022101495,01091
202504010106,5,1,2,エンゲージプライド,牡3,54.0,田山旺佑,0:2:30.5,ハナ,5.6,3.0,494,[西] 新谷功一,芝,2400,晴,良,2025年5月3日,未勝利,2022103905,01220
202504010106,6,8,16,ヒルノガリシア,牡3,57.0,秋山稔樹,0:2:30.6,3/4,154.8,14.0,444,[西] 北出成人,芝,2400,晴,良,2025年5月3日,未勝利,2022103815,01181
202504010106,7,1,1,ジャックオダモ,牡3,57.0,佐々木大,0:2:30.7,1/2,10.0,5.0,510,[西] 矢作芳人,芝,2400,晴,良,2025年5月3日,未勝利,2022110044,01197
202504010106,8,4,7,サンダーフレア,牝3,55.0,吉田隼人,0:2:31.0,1.3/4,24.1,10.0,456,[東] 久保田貴,芝,2400,晴,良,2025年5月3日,未勝利,2022102653,01095
202504010106,9,2,4,エコログロス,牡3,55.0,長浜鴻緒,0:2:31.3,1.1/2,19.2,8.0,420,[東] 手塚貴久,芝,2400,晴,良,2025年5月3日,未勝利,2022101430,01214
202504010106,10,8,15,コパカバーナ,牝3,51.0,小林美駒,0:2:31.3,クビ,60.5,12.0,390,[西] 森田直行,芝,2400,晴,良,2025年5月3日,未勝利,2022102703,01206
202504010106,11,3,5,タガノカワチイ,牝3,52.0,柴田裕一,0:2:31.4,1/2,212.2,16.0,432,[西] 岡田稲男,芝,2400,晴,良,2025年5月3日,未勝利,2022106557,01212
202504010106,12,5,9,エルモドンナ,牝3,55.0,小沢大仁,0:2:31.6,1.1/4,19.8,9.0,466,[西] 杉山晴紀,芝,2400,晴,良,2025年5月3日,未勝利,2022105186,01185
202504010106,13,6,11,レッドイストワール,牡3,57.0,斎藤新,0:2:32.1,3.1/2,29.5,11.0,462,[東] 田中博康,芝,2400,晴,良,2025年5月3日,未勝利,2022107261,01178
202504010106,14,5,10,ダンスデュヴァン,牡3,57.0,酒井学,0:2:32.2,アタマ,15.3,7.0,480,[西] 武英智,芝,2400,晴,良,2025年5月3日,未勝利,2022105841,01034
202504010106,15,4,8,バークテソーロ,牡3,56.0,横山琉人,0:2:33.5,8,170.7,15.0,430,[東] 稲垣幸雄,芝,2400,晴,良,2025年5月3日,未勝利,2022102254,01192
202504010106,16,7,14,カーボナード,牡3,57.0,亀田温心,0:2:34.7,7,77.8,13.0,462,[西] 斉藤崇史,芝,2400,晴,良,2025年5月3日,未勝利,2022105013,01176
202504010107,1,7,8,アルゴナヴィス,牡4,58.0,荻野極,0:1:54.5,nan,1.9,1.0,480,[西] 池江泰寿,ダート,1800,晴,稍重,2025年5月3日,1勝クラス,2021105750,01160
202504010107,2,8,11,メイショウクーガー,牡5,58.0,中井裕二,0:1:54.8,2,3.1,2.0,490,[西] 中内田充,ダート,1800,晴,稍重,2025年5月3日,1勝クラス,2020106205,01141
202504010107,3,6,6,ベルイストワール,牝4,56.0,杉原誠人,0:1:55.0,3/4,5.3,3.0,542,[東] 宮田敬介,ダート,1800,晴,稍重,2025年5月3日,1勝クラス,2021100606,01135
202504010107,4,1,1,エイカイボクサー,牡4,58.0,小沢大仁,0:1:55.2,1.1/2,37.4,7.0,482,[西] 藤原英昭,ダート,1800,晴,稍重,2025年5月3日,1勝クラス,2021105298,01185
202504010107,5,7,9,メイショウオグマ,セ6,58.0,国分恭介,0:1:55.4,1.1/2,32.9,6.0,492,[西] 安達昭夫,ダート,1800,晴,稍重,2025年5月3日,1勝クラス,2019104261,01124
202504010107,6,3,3,タナバタ,牡4,58.0,丹内祐次,0:1:55.5,1/2,11.0,4.0,492,[東] 武井亮,ダート,1800,晴,稍重,2025年5月3日,1勝クラス,2021105969,01091
202504010107,7,5,5,フジフォンテ,セ6,58.0,木幡初也,0:1:55.9,2.1/2,113.9,10.0,464,[東] 粕谷昌央,ダート,1800,晴,稍重,2025年5月3日,1勝クラス,2019105759,01153
202504010107,8,8,10,ショーケン,セ5,58.0,斎藤新,0:1:56.4,3,17.4,5.0,504,[西] 東田明士,ダート,1800,晴,稍重,2025年5月3日,1勝クラス,2020103997,01178
202504010107,9,6,7,ジュタドール,牝5,54.0,永島まな,0:1:56.6,3/4,71.8,8.0,486,[東] 天間昭一,ダート,1800,晴,稍重,2025年5月3日,1勝クラス,2020107109,01187
202504010107,10,2,2,エンツォ,牡4,58.0,酒井学,0:1:56.8,1.1/2,93.2,9.0,458,[東] 田村康仁,ダート,1800,晴,稍重,2025年5月3日,1勝クラス,2021105076,01034
202504010107,11,4,4,ブルーリヴァーサル,牡5,58.0,的場勇人,0:1:57.7,5,187.1,11.0,448,[東] 的場均,ダート,1800,晴,稍重,2025年5月3日,1勝クラス,2020104617,01108
202504010108,1,6,8,ドーンコーラス,牝4,56.0,佐々木大,0:1:33.7,nan,2.5,1.0,450,[東] 萩原清,芝,1600,晴,良,2025年5月3日,1勝クラス,2021105415,01197
202504010108,2,2,2,オリーボーレン,牝4,55.0,横山琉人,0:1:33.9,1,7.9,4.0,462,[西] 藤岡健一,芝,1600,晴,良,2025年5月3日,1勝クラス,2021105739,01192
202504010108,3,4,5,フォーカルフラワー,牝5,56.0,小沢大仁,0:1:34.5,3.1/2,4.0,2.0,454,[東] 国枝栄,芝,1600,晴,良,2025年5月3日,1勝クラス,2020102926,01185
202504010108,4,6,9,ビーグラッド,牝4,56.0,吉田隼人,0:1:34.7,1.1/2,7.0,3.0,440,[西] 岡田稲男,芝,1600,晴,良,2025年5月3日,1勝クラス,2021100683,01095
202504010108,5,7,11,パヴァーヌ,牝5,53.0,佐藤翔馬,0:1:35.1,2.1/2,156.3,10.0,454,[東] 伊藤圭三,芝,1600,晴,良,2025年5月3日,1勝クラス,2020100864,01207
202504010108,6,7,10,オタルグリーン,牝4,52.0,小林美駒,0:1:35.3,1,9.2,5.0,442,[西] 中竹和也,芝,1600,晴,良,2025年5月3日,1勝クラス,2021105289,01206
202504010108,7,8,13,ペイシャアンジェロ,牝5,54.0,長浜鴻緒,0:1:35.4,1/2,64.9,9.0,456,[東] 伊藤伸一,芝,1600,晴,良,2025年5月3日,1勝クラス,2020102135,01214
202504010108,8,5,7,アルバニー,牝4,56.0,古川吉洋,0:1:35.5,クビ,13.7,7.0,460,[西] 千田輝彦,芝,1600,晴,良,2025年5月3日,1勝クラス,2021105715,01015
202504010108,9,8,12,マテンロウディアナ,牝4,53.0,柴田裕一,0:1:35.5,クビ,34.7,8.0,448,[西] 中内田充,芝,1600,晴,良,2025年5月3日,1勝クラス,2021105210,01212
202504010108,10,5,6,インペリアルコート,牝5,56.0,斎藤新,0:1:35.6,1/2,9.7,6.0,442,[西] 畑端省吾,芝,1600,晴,良,2025年5月3日,1勝クラス,2020102561,01178
202504010108,11,1,1,ネクストヒロイン,牝4,56.0,武藤雅,0:1:35.8,1,209.5,11.0,410,[東] 戸田博文,芝,1600,晴,良,2025年5月3日,1勝クラス,2021100070,01169
202504010108,除,3,3,アルヴィエンヌ,牝5,56.0,小崎綾也,nan,nan,---,nan,486,[東] 浅利英明,芝,1600,晴,良,2025年5月3日,1勝クラス,2020103225,01152
202504010108,除,4,4,クスクス,牝4,56.0,荻野極,nan,nan,---,nan,478,[西] 松下武士,芝,1600,晴,良,2025年5月3日,1勝クラス,2021103665,01160
202504010109,1,3,4,バギーウィップ,牡3,57.0,武藤雅,0:1:52.8,nan,26.8,11.0,504,[東] 萩原清,ダート,1800,晴,稍重,2025年5月3日,1勝クラス,2022102987,01169
202504010109,2,2,2,ミライヘノカギ,牡3,57.0,荻野極,0:1:53.5,4,9.6,4.0,522,[東] 上原佑紀,ダート,1800,晴,稍重,2025年5月3日,1勝クラス,2022102062,01160
202504010109,3,3,5,レッドボブ,牡3,57.0,吉田隼人,0:1:53.7,1.1/4,5.1,2.0,530,[西] 田中克典,ダート,1800,晴,稍重,2025年5月3日,1勝クラス,2022105055,01095
202504010109,4,7,13,メリークリスマス,牡3,57.0,菊沢一樹,0:1:54.1,2.1/2,7.2,3.0,474,[東] 小手川準,ダート,1800,晴,稍重,2025年5月3日,1勝クラス,2022100394,01161
202504010109,5,4,7,チュウワクリスエス,牡3,57.0,原田和真,0:1:54.3,1.1/2,13.8,6.0,486,[東] 栗田徹,ダート,1800,晴,稍重,2025年5月3日,1勝クラス,2022102280,01143
202504010109,6,5,9,タガノマカシヤ,牡3,57.0,藤懸貴志,0:1:54.4,クビ,2.8,1.0,492,[西] 中村直也,ダート,1800,晴,稍重,2025年5月3日,1勝クラス,2022107134,01138
202504010109,7,2,3,ソニックステップ,牡3,57.0,小沢大仁,0:1:54.4,クビ,20.1,9.0,514,[西] 高野友和,ダート,1800,晴,稍重,2025年5月3日,1勝クラス,2022104854,01185
202504010109,8,8,15,キャストロププ,牡3,57.0,丹内祐次,0:1:54.8,2,10.3,5.0,488,[東] 尾形和幸,ダート,1800,晴,稍重,2025年5月3日,1勝クラス,2022100749,01091
202504010109,9,8,14,キョウキランブ,牡3,57.0,石神深道,0:1:55.0,1.1/2,16.8,8.0,520,[東] 古賀慎明,ダート,1800,晴,稍重,2025年5月3日,1勝クラス,2022103115,01209
202504010109,10,6,11,オリーブグリーン,牡3,57.0,川端海翼,0:1:55.1,クビ,14.0,7.0,526,[西] 矢作芳人,ダート,1800,晴,稍重,2025年5月3日,1勝クラス,2022105694,01195
202504010109,11,6,10,フィールオーサム,牝3,55.0,佐々木大,0:1:55.1,ハナ,71.9,12.0,438,[東] 岩戸孝樹,ダート,1800,晴,稍重,2025年5月3日,1勝クラス,2022105925,01197
202504010109,12,4,6,ロンパイア,牡3,57.0,斎藤新,0:1:55.2,3/4,24.8,10.0,470,[東] 尾関知人,ダート,1800,晴,稍重,2025年5月3日,1勝クラス,2022103708,01178
202504010109,13,5,8,カージオイド,牡3,57.0,杉原誠人,0:1:55.5,1.3/4,109.3,13.0,502,[東] 黒岩陽一,ダート,1800,晴,稍重,2025年5月3日,1勝クラス,2022104062,01135
202504010109,14,7,12,キタノラブミー,牝3,55.0,小林脩斗,0:1:55.6,クビ,187.0,15.0,494,[東] 萱野浩二,ダート,1800,晴,稍重,2025年5月3日,1勝クラス,2022104465,01183
202504010109,15,1,1,ヒフミバンダム,セ3,57.0,長浜鴻緒,0:1:56.2,3.1/2,174.5,14.0,466,[西] 小栗実,ダート,1800,晴,稍重,2025年5月3日,1勝クラス,2022103446,01214
202504010110,1,6,6,ライラスター,セ6,55.0,吉田隼人,0:1:46.6,nan,22.2,8.0,480,[東] 森一誠,芝,1800,晴,良,2025年5月3日,2勝クラス,2019105336,01095
202504010110,2,8,9,サダムオプシス,牡4,56.0,藤懸貴志,0:1:46.7,1,4.4,2.0,470,[西] 平田修,芝,1800,晴,良,2025年5月3日,2勝クラス,2021105474,01138
202504010110,3,7,8,デファイ,牝4,53.0,斎藤新,0:1:46.8,アタマ,9.6,5.0,460,[東] 斎藤誠,芝,1800,晴,良,2025年5月3日,2勝クラス,2021104421,01178
202504010110,4,5,5,ティンク,牝4,52.0,亀田温心,0:1:46.9,3/4,60.2,10.0,494,[東] 久保田貴,芝,1800,晴,良,2025年5月3日,2勝クラス,2021104994,01176
202504010110,5,4,4,ドラゴンヘッド,牡5,56.0,武藤雅,0:1:46.9,クビ,30.0,9.0,448,[東] 武藤善則,芝,1800,晴,良,2025年5月3日,2勝クラス,2020100495,01169
202504010110,6,7,7,マイネルオーシャン,牡4,55.0,丹内祐次,0:1:47.0,クビ,2.9,1.0,470,[東] 鹿戸雄一,芝,1800,晴,良,2025年5月3日,2勝クラス,2021106766,01091
202504010110,7,3,3,オオナミコナミ,牝4,54.0,佐々木大,0:1:47.1,3/4,7.6,4.0,492,[西] 牧浦充徳,芝,1800,晴,良,2025年5月3日,2勝クラス,2021107173,01197
202504010110,8,2,2,ツルマウカタチ,牡4,57.0,丸山元気,0:1:47.2,3/4,4.7,3.0,464,[東] 手塚貴久,芝,1800,晴,良,2025年5月3日,2勝クラス,2021102106,01127
202504010110,9,1,1,ロムネヤ,牝6,55.0,荻野極,0:1:48.0,5,10.5,6.0,440,[東] 国枝栄,芝,1800,晴,良,2025年5月3日,2勝クラス,2019105477,01160
202504010110,10,8,10,ニシノレバンテ,牡6,54.0,杉原誠人,0:1:48.3,1.3/4,20.7,7.0,492,[東] 栗田徹,芝,1800,晴,良,2025年5月3日,2勝クラス,2019102938,01135
202504010111,1,6,10,アピーリングルック,牝4,56.0,佐々木大,0:1:52.3,nan,3.6,1.0,478,[東] 辻哲英,ダート,1800,晴,稍重,2025年5月3日,3勝クラス,2021104914,01197
202504010111,2,1,1,メイショウホマレ,牝6,56.0,小沢大仁,0:1:52.5,1,5.1,2.0,460,[西] 高橋亮,ダート,1800,晴,稍重,2025年5月3日,3勝クラス,2019103401,01185
202504010111,3,3,5,ゴールドアローン,牝4,56.0,菊沢一樹,0:1:52.5,クビ,61.8,14.0,464,[東] 青木孝文,ダート,1800,晴,稍重,2025年5月3日,3勝クラス,2021106874,01161
202504010111,4,4,7,レシプロシティ,牝5,56.0,丹内祐次,0:1:52.7,1,9.0,5.0,462,[東] 田村康仁,ダート,1800,晴,稍重,2025年5月3日,3勝クラス,2020102862,01091
202504010111,5,2,2,リバートゥルー,牝5,56.0,吉田隼人,0:1:52.9,1,7.4,4.0,464,[東] 久保田貴,ダート,1800,晴,稍重,2025年5月3日,3勝クラス,2020102703,01095
202504010111,6,2,3,イージーオンミー,牝5,56.0,小崎綾也,0:1:52.9,クビ,17.0,8.0,450,[東] 中舘英二,ダート,1800,晴,稍重,2025年5月3日,3勝クラス,2020101143,01152
202504010111,7,8,14,サイモンブーケ,牝5,56.0,古川奈穂,0:1:52.9,ハナ,34.7,10.0,514,[西] 梅田智之,ダート,1800,晴,稍重,2025年5月3日,3勝クラス,2020102317,01190
202504010111,8,5,9,マーブルマウンテン,牝4,56.0,亀田温心,0:1:53.1,1,11.3,6.0,470,[西] 田中克典,ダート,1800,晴,稍重,2025年5月3日,3勝クラス,2021110084,01176
202504010111,9,4,6,メイショウポペット,牝5,56.0,国分恭介,0:1:53.2,3/4,37.5,11.0,486,[西] 角田晃一,ダート,1800,晴,稍重,2025年5月3日,3勝クラス,2020106896,01124
202504010111,10,5,8,アグラシアド,牝5,56.0,秋山稔樹,0:1:53.5,1.1/2,53.0,13.0,480,[西] 中村直也,ダート,1800,晴,稍重,2025年5月3日,3勝クラス,2020104912,01181
202504010111,11,7,13,ルージュアベリア,牝4,56.0,荻野極,0:1:53.6,3/4,6.8,3.0,484,[東] 田中博康,ダート,1800,晴,稍重,2025年5月3日,3勝クラス,2021105058,01160
202504010111,12,3,4,アンリーロード,牝5,56.0,斎藤新,0:1:53.7,3/4,14.4,7.0,478,[西] 茶木太樹,ダート,1800,晴,稍重,2025年5月3日,3勝クラス,2020103304,01178
202504010111,13,8,15,メロウヴォイス,牝6,56.0,柴田大知,0:1:53.9,3/4,95.6,15.0,466,[東] 上原博之,ダート,1800,晴,稍重,2025年5月3日,3勝クラス,2019102493,01009
202504010111,14,7,12,タガノチョコラータ,牝5,56.0,長浜鴻緒,0:1:53.9,クビ,38.3,12.0,502,[西] 角田晃一,ダート,1800,晴,稍重,2025年5月3日,3勝クラス,2020105533,01214
202504010111,15,6,11,メイショウオーロラ,牝5,56.0,古川吉洋,0:1:54.6,4,21.2,9.0,502,[西] 本田優,ダート,1800,晴,稍重,2025年5月3日,3勝クラス,2020101209,01015
202504010112,1,6,12,ニシノトキメキ,牝5,53.0,今村聖奈,0:0:54.6,nan,5.4,2.0,488,[東] 小手川準,芝,1000,晴,良,2025年5月3日,1勝クラス,2020100236,01193
202504010112,2,5,9,ブルボンクイーン,牝4,56.0,佐々木大,0:0:55.3,4,3.3,1.0,480,[西] 角田晃一,芝,1000,晴,良,2025年5月3日,1勝クラス,2021100297,01197
202504010112,3,7,13,オコジュ,牝5,56.0,嶋田純次,0:0:55.5,1.1/4,7.2,3.0,464,[東] 矢嶋大樹,芝,1000,晴,良,2025年5月3日,1勝クラス,2020101265,01134
202504010112,4,5,10,カツノテンス,牡5,56.0,長浜鴻緒,0:0:55.8,2,23.8,9.0,446,[東] 伊藤伸一,芝,1000,晴,良,2025年5月3日,1勝クラス,2020105525,01214
202504010112,5,8,16,ロードリレーション,牡4,58.0,長岡禎仁,0:0:56.0,1,9.6,6.0,458,[西] 辻野泰之,芝,1000,晴,良,2025年5月3日,1勝クラス,2021100145,01142
202504010112,6,3,6,マジカルガール,牝5,53.0,川端海翼,0:0:56.1,1,160.4,16.0,414,[東] 本間忍,芝,1000,晴,良,2025年5月3日,1勝クラス,2020104250,01195
202504010112,7,4,8,ティーラミレス,牝5,56.0,菊沢一樹,0:0:56.2,1/2,8.3,5.0,456,[東] 辻哲英,芝,1000,晴,良,2025年5月3日,1勝クラス,2020106788,01161
202504010112,8,1,1,パレスドフィーヌ,牝4,56.0,丸山元気,0:0:56.2,アタマ,11.5,7.0,494,[東] 鈴木慎太,芝,1000,晴,良,2025年5月3日,1勝クラス,2021105373,01127
202504010112,9,8,15,ザブルース,牝4,53.0,石神深道,0:0:56.3,1/2,67.2,13.0,414,[東] 土田稔,芝,1000,晴,良,2025年5月3日,1勝クラス,2021100121,01209
202504010112,10,7,14,アイリッシュパール,牝5,56.0,黛弘人,0:0:56.3,ハナ,8.2,4.0,484,[東] 柄崎将寿,芝,1000,晴,良,2025年5月3日,1勝クラス,2020103608,01109
202504010112,11,6,11,グレイスカリヨン,牝5,53.0,石田拓郎,0:0:56.4,1/2,48.4,11.0,454,[東] 堀内岳志,芝,1000,晴,良,2025年5月3日,1勝クラス,2020100558,01203
202504010112,12,4,7,アリュシナシオン,セ6,58.0,吉田隼人,0:0:56.6,1.1/4,17.8,8.0,518,[東] 土田稔,芝,1000,晴,良,2025年5月3日,1勝クラス,2019106962,01095
202504010112,13,1,2,ネイルンノ,牡4,58.0,杉原誠人,0:0:56.9,2,51.4,12.0,468,[東] 尾関知人,芝,1000,晴,良,2025年5月3日,1勝クラス,2021103338,01135
202504010112,14,2,4,グランレザンドール,牡4,58.0,秋山稔樹,0:0:56.9,クビ,138.2,15.0,514,[西] 高橋義忠,芝,1000,晴,良,2025年5月3日,1勝クラス,2021106091,01181
202504010112,15,3,5,マルモリディライト,牝5,56.0,柴田大知,0:0:57.0,クビ,125.3,14.0,478,[東] 畠山吉宏,芝,1000,晴,良,2025年5月3日,1勝クラス,2020100997,01009
202504010112,16,2,3,フリントロック,牝5,53.0,鷲頭虎太,0:0:57.1,1,35.1,10.0,434,[東] 菊沢隆徳,芝,1000,晴,良,2025年5月3日,1勝クラス,2020103844,01202
202504010201,1,8,15,ミッドタウンナイト,牝3,55.0,秋山稔樹,0:1:48.3,nan,5.3,2.0,478,[西] 河嶋宏樹,芝,1800,曇,稍重,2025年5月4日,未勝利,2022105529,01181
202504010201,2,2,4,グラツィオーソ,牝3,55.0,柴田大知,0:1:48.4,3/4,6.3,3.0,476,[東] 田中剛,芝,1800,曇,稍重,2025年5月4日,未勝利,2022102779,01009
202504010201,3,4,8,シンデレラダッシュ,牝3,55.0,小沢大仁,0:1:48.6,1,7.4,5.0,438,[東] 宮田敬介,芝,1800,曇,稍重,2025年5月4日,未勝利,2022105980,01185
202504010201,4,1,2,エキゾチックガール,牝3,52.0,石神深道,0:1:49.1,3,48.6,10.0,410,[東] 和田正一,芝,1800,曇,稍重,2025年5月4日,未勝利,2022106831,01209
202504010201,5,7,13,ジョリーピクシー,牝3,52.0,今村聖奈,0:1:49.2,1/2,119.9,11.0,458,[西] 笹田和秀,芝,1800,曇,稍重,2025年5月4日,未勝利,2022102613,01193
202504010201,6,5,9,ラッキーダンス,牝3,52.0,石田拓郎,0:1:49.3,1,163.4,12.0,448,[東] 新開幸一,芝,1800,曇,稍重,2025年5月4日,未勝利,2022106116,01203
202504010201,7,6,11,エニグマティーク,牝3,52.0,和田陽希,0:1:49.7,2.1/2,47.9,9.0,456,[西] 小崎憲,芝,1800,曇,稍重,2025年5月4日,未勝利,2022104676,01223
202504010201,8,3,5,エリセイラ,牝3,55.0,亀田温心,0:1:49.7,アタマ,8.0,6.0,428,[西] 大久保龍,芝,1800,曇,稍重,2025年5月4日,未勝利,2022105200,01176
202504010201,9,3,6,カウンティフェア,牝3,53.0,永島まな,0:1:49.9,3/4,7.1,4.0,454,[西] 高野友和,芝,1800,曇,稍重,2025年5月4日,未勝利,2022104121,01187
202504010201,10,8,16,アイルフィレール,牝3,52.0,田山旺佑,0:1:50.0,1,167.4,14.0,428,[西] 新谷功一,芝,1800,曇,稍重,2025年5月4日,未勝利,2022106859,01220
202504010201,11,4,7,ブラックダイヤ,牝3,55.0,泉谷楓真,0:1:50.0,ハナ,12.0,7.0,426,[西] 杉山晴紀,芝,1800,曇,稍重,2025年5月4日,未勝利,2022100971,01182
202504010201,12,5,10,ナウウィアートール,牝3,55.0,小崎綾也,0:1:50.3,1.3/4,313.8,16.0,446,[西] 高橋一哉,芝,1800,曇,稍重,2025年5月4日,未勝利,2022101615,01152
202504010201,13,6,12,サクラカゼ,牝3,52.0,鷲頭虎太,0:1:50.5,3/4,164.9,13.0,456,[東] 堀内岳志,芝,1800,曇,稍重,2025年5月4日,未勝利,2022106962,01202
202504010201,14,1,1,ショウナンアイバ,牝3,55.0,斎藤新,0:1:50.8,2,20.0,8.0,452,[西] 高橋義忠,芝,1800,曇,稍重,2025年5月4日,未勝利,2022103927,01178
202504010201,15,2,3,コヴェナント,牝3,55.0,丸山元気,0:1:51.0,1,212.0,15.0,466,[東] 根本康広,芝,1800,曇,稍重,2025年5月4日,未勝利,2022101383,01127
202504010201,16,7,14,ハツコイサイダー,牝3,54.0,西塚洸二,0:1:51.3,1.3/4,4.3,1.0,470,[西] 吉岡辰弥,芝,1800,曇,稍重,2025年5月4日,未勝利,2022102692,01200
202504010202,1,5,8,チケットトゥヘブン,牡3,56.0,横山琉人,0:1:11.4,nan,3.5,2.0,460,[東] 相沢郁,ダート,1200,曇,稍重,2025年5月4日,未勝利,2022102731,01192
202504010202,2,6,11,ゼットエール,牡3,56.0,西塚洸二,0:1:11.7,1.3/4,5.8,3.0,504,[西] 吉田直弘,ダート,1200,曇,稍重,2025年5月4日,未勝利,2022107278,01200
202504010202,3,2,3,ミニョンマルーン,牝3,53.0,長浜鴻緒,0:1:12.0,1.3/4,3.4,1.0,464,[東] 伊藤圭三,ダート,1200,曇,稍重,2025年5月4日,未勝利,2022103151,01214
202504010202,4,6,10,キーガッツ,牡3,57.0,長岡禎仁,0:1:12.4,2.1/2,11.3,6.0,468,[西] 杉山佳明,ダート,1200,曇,稍重,2025年5月4日,未勝利,2022106513,01142
202504010202,5,8,15,ワイドレッド,牝3,52.0,今村聖奈,0:1:12.6,1.1/2,32.4,8.0,444,[東] 武井亮,ダート,1200,曇,稍重,2025年5月4日,未勝利,2022100109,01193
202504010202,6,3,5,トラストパイロ,牡3,54.0,土田真翔,0:1:13.0,2.1/2,115.9,12.0,500,[東] 田村康仁,ダート,1200,曇,稍重,2025年5月4日,未勝利,2022107415,01198
202504010202,7,1,1,グリーンエリクサー,牡3,57.0,菊沢一樹,0:1:13.0,アタマ,9.9,4.0,496,[東] 青木孝文,ダート,1200,曇,稍重,2025年5月4日,未勝利,2022103399,01161
202504010202,8,5,9,ハクサンハナビ,牝3,52.0,石神深道,0:1:13.1,クビ,122.5,13.0,434,[東] 加藤士津,ダート,1200,曇,稍重,2025年5月4日,未勝利,2022100246,01209
202504010202,9,8,14,セイウンヤタガラス,牡3,54.0,佐藤翔馬,0:1:13.4,1.3/4,107.3,11.0,428,[東] 堀内岳志,ダート,1200,曇,稍重,2025年5月4日,未勝利,2022102890,01207
202504010202,10,4,7,チカクール,牝3,55.0,角田大和,0:1:13.5,3/4,11.2,5.0,502,[西] 池江泰寿,ダート,1200,曇,稍重,2025年5月4日,未勝利,2022110150,01186
202504010202,11,4,6,リーサイェイ,牡3,57.0,酒井学,0:1:13.7,1.1/4,44.9,9.0,452,[東] 池上昌和,ダート,1200,曇,稍重,2025年5月4日,未勝利,2022100538,01034
202504010202,12,7,13,テイエムジェネラル,牡3,54.0,柴田裕一,0:1:13.8,クビ,95.2,10.0,522,[西] 秋山真一,ダート,1200,曇,稍重,2025年5月4日,未勝利,2022101540,01212
202504010202,13,7,12,アイルクラウン,セ3,57.0,秋山稔樹,0:1:13.9,3/4,209.6,15.0,464,[東] 田島俊明,ダート,1200,曇,稍重,2025年5月4日,未勝利,2022103486,01181
202504010202,14,2,2,エスシーレベッカ,牝3,52.0,上里直汰,0:1:14.3,2.1/2,16.0,7.0,448,[東] 加藤士津,ダート,1200,曇,稍重,2025年5月4日,未勝利,2022100304,01217
202504010202,15,3,4,ランヴェルセ,牡3,57.0,武藤雅,0:1:14.3,ハナ,179.5,14.0,470,[東] 武藤善則,ダート,1200,曇,稍重,2025年5月4日,未勝利,2022103984,01169
202504010203,1,5,9,ショウサンジョージ,牡3,56.0,松本大輝,0:1:54.9,nan,8.9,5.0,488,[西] 松下武士,ダート,1800,晴,稍重,2025年5月4日,未勝利,2022102131,01191
202504010203,2,4,7,ラストレガシー,牡3,57.0,武藤雅,0:1:55.2,2,3.2,1.0,490,[東] 手塚貴久,ダート,1800,晴,稍重,2025年5月4日,未勝利,2022105556,01169
202504010203,3,2,2,フランキーバローズ,牡3,54.0,柴田裕一,0:1:55.6,2,6.8,4.0,470,[西] 池江泰寿,ダート,1800,晴,稍重,2025年5月4日,未勝利,2022101417,01212
202504010203,4,2,3,ジャスティンアロー,牡3,56.0,西塚洸二,0:1:55.7,1/2,4.7,2.0,538,[西] 吉岡辰弥,ダート,1800,晴,稍重,2025年5月4日,未勝利,2022102798,01200
202504010203,5,7,13,トゥーザムーン,牝3,54.0,横山琉人,0:1:55.9,1.1/2,19.1,7.0,494,[東] 辻哲英,ダート,1800,晴,稍重,2025年5月4日,未勝利,2022102700,01192
202504010203,6,4,6,ニシノプロテア,牡3,57.0,中井裕二,0:1:57.1,7,272.9,15.0,472,[東] 武市康男,ダート,1800,晴,稍重,2025年5月4日,未勝利,2022102707,01141
202504010203,7,8,14,アスコットロマン,牡3,57.0,江田照男,0:1:57.2,3/4,261.5,14.0,476,[東] 天間昭一,ダート,1800,晴,稍重,2025年5月4日,未勝利,2022101287,00689
202504010203,8,1,1,ミュージックマン,牡3,54.0,上里直汰,0:1:57.3,クビ,9.5,6.0,466,[東] 大和田成,ダート,1800,晴,稍重,2025年5月4日,未勝利,2022100397,01217
202504010203,9,6,10,メイショウカスガイ,牡3,57.0,角田大和,0:1:58.4,7,5.4,3.0,504,[西] 角田晃一,ダート,1800,晴,稍重,2025年5月4日,未勝利,2022102839,01186
202504010203,10,3,4,タイセイビートル,牡3,57.0,藤懸貴志,0:1:58.5,クビ,166.6,10.0,480,[西] 平田修,ダート,1800,晴,稍重,2025年5月4日,未勝利,2022101815,01138
202504010203,11,5,8,クロシオカレント,牡3,57.0,松若風馬,0:1:58.9,2.1/2,99.2,9.0,442,[西] 東田明士,ダート,1800,晴,稍重,2025年5月4日,未勝利,2022105572,01154
202504010203,12,7,12,ベネディクティオ,牡3,54.0,石神深道,0:1:59.1,1,238.0,13.0,500,[東] 加藤士津,ダート,1800,晴,稍重,2025年5月4日,未勝利,2022106706,01209
202504010203,13,3,5,ミッキーサンズ,牡3,54.0,舟山瑠泉,0:1:59.9,5,168.0,11.0,466,[東] 萩原清,ダート,1800,晴,稍重,2025年5月4日,未勝利,2022105080,01221
202504010203,14,8,15,スターコンパス,牡3,55.0,長浜鴻緒,0:2:03.5,大,190.4,12.0,486,[東] 根本康広,ダート,1800,晴,稍重,2025年5月4日,未勝利,2022107262,01214
202504010203,15,6,11,ネオクイーン,牝3,55.0,小沢大仁,0:2:09.2,大,29.0,8.0,470,[西] 藤原英昭,ダート,1800,晴,稍重,2025年5月4日,未勝利,2022104866,01185
202504010204,1,5,7,ジーククローネ,セ5,60.0,草野太郎,0:3:12.1,nan,3.2,2.0,450,[東] 宮田敬介,障害,2890,晴,稍重,2025年5月4日,未勝利,2020103537,01113
202504010204,2,5,8,フェーングロッテン,セ6,60.0,高田潤,0:3:12.1,クビ,3.0,1.0,466,[西] 宮本博,障害,2890,晴,稍重,2025年5月4日,未勝利,2019105366,01046
202504010204,3,4,5,ナムラドーギー,牡4,59.0,五十嵐雄,0:3:13.3,7,11.9,4.0,450,[東] 石栗龍彦,障害,2890,晴,稍重,2025年5月4日,未勝利,2021104267,01069
202504010204,4,4,6,ジーティーオウジャ,セ4,57.0,水沼元輝,0:3:13.4,1,113.1,13.0,510,[東] 石栗龍彦,障害,2890,晴,稍重,2025年5月4日,未勝利,2021104943,01201
202504010204,5,7,11,ビオグラフィア,牡7,60.0,中村将之,0:3:14.1,4,16.6,6.0,504,[西] 松下武士,障害,2890,晴,稍重,2025年5月4日,未勝利,2018105471,01101
202504010204,6,1,1,ロードプレイヤー,牡5,57.0,坂口智康,0:3:14.1,アタマ,19.7,9.0,460,[東] 尾形和幸,障害,2890,晴,稍重,2025年5月4日,未勝利,2020101199,01211
202504010204,7,3,4,タイセイシェダル,牡7,60.0,難波剛健,0:3:15.0,5,17.3,7.0,470,[西] 高橋義忠,障害,2890,晴,稍重,2025年5月4日,未勝利,2018103021,01066
202504010204,8,2,2,サニーオーシャン,セ7,60.0,石神深一,0:3:15.9,5,12.4,5.0,458,[東] 杉浦宏昭,障害,2890,晴,稍重,2025年5月4日,未勝利,2018103296,01059
202504010204,9,8,14,ホウオウユニコーン,牡6,60.0,伴啓太,0:3:16.0,1/2,33.4,10.0,496,[東] 奥村武,障害,2890,晴,稍重,2025年5月4日,未勝利,2019105808,01149
202504010204,10,3,3,レッドランメルト,牡6,60.0,上野翔,0:3:16.7,4,9.6,3.0,518,[東] 国枝栄,障害,2890,晴,稍重,2025年5月4日,未勝利,2019104981,01087
202504010204,11,7,12,ミルトハンター,牡5,60.0,小牧加矢,0:3:17.5,5,19.1,8.0,492,[西] 中竹和也,障害,2890,晴,稍重,2025年5月4日,未勝利,2020105157,01196
202504010204,12,6,9,ビヨンドザタイム,牡6,57.0,土田真翔,0:3:40.9,大,246.7,14.0,466,[東] 上原博之,障害,2890,晴,稍重,2025年5月4日,未勝利,2019100677,01198
202504010204,中,6,10,ララプロフォン,牡5,57.0,井上敏樹,nan,nan,99.2,12.0,514,[西] 坂口智康,障害,2890,晴,稍重,2025年5月4日,未勝利,2020105841,01151
202504010204,中,8,13,ドライブアローカス,牡5,60.0,黒岩悠,nan,nan,80.6,11.0,454,[東] 戸田博文,障害,2890,晴,稍重,2025年5月4日,未勝利,2020103034,01072
202504010205,1,6,11,キャピタルリッチ,牡3,56.0,横山琉人,0:2:02.9,nan,10.3,5.0,458,[東] 小笠倫弘,芝,2000,晴,稍重,2025年5月4日,未勝利,2022101480,01192
202504010205,2,8,15,レイヤードレッド,牡3,55.0,長浜鴻緒,0:2:03.1,1,4.4,2.0,476,[東] 手塚貴久,芝,2000,晴,稍重,2025年5月4日,未勝利,2022103310,01214
202504010205,3,3,5,ドゥラエテルノ,牡3,57.0,角田大和,0:2:03.5,2.1/2,2.6,1.0,470,[西] 武幸四郎,芝,2000,晴,稍重,2025年5月4日,未勝利,2022102722,01186
202504010205,4,3,6,エットトゥカム,牡3,57.0,黛弘人,0:2:04.0,3,78.0,10.0,402,[東] 深山雅史,芝,2000,晴,稍重,2025年5月4日,未勝利,2022103315,01109
202504010205,5,4,8,トウショウクラウド,牡3,57.0,菊沢一樹,0:2:04.0,クビ,68.5,9.0,458,[東] 萱野浩二,芝,2000,晴,稍重,2025年5月4日,未勝利,2022104194,01161
202504010205,6,5,9,ヴィアトル,牝3,55.0,吉田隼人,0:2:04.1,クビ,7.9,4.0,426,[東] 上原佑紀,芝,2000,晴,稍重,2025年5月4日,未勝利,2022105833,01095
202504010205,7,5,10,スピアッジャローザ,牝3,55.0,秋山稔樹,0:2:04.2,クビ,105.7,11.0,446,[東] 蛯名利弘,芝,2000,晴,稍重,2025年5月4日,未勝利,2022103537,01181
202504010205,8,7,13,アイアムルンルン,牝3,52.0,古川奈穂,0:2:04.3,1/2,184.5,15.0,382,[東] 奥平雅士,芝,2000,晴,稍重,2025年5月4日,未勝利,2022103184,01190
202504010205,9,1,2,バーケンヘッド,牡3,54.0,石神深道,0:2:04.5,1.1/2,7.6,3.0,418,[東] 武井亮,芝,2000,晴,稍重,2025年5月4日,未勝利,2022105227,01209
202504010205,10,1,1,サンライズロジャー,牡3,54.0,舟山瑠泉,0:2:04.6,1/2,11.1,6.0,530,[西] 加藤公太,芝,2000,晴,稍重,2025年5月4日,未勝利,2022105389,01221
202504010205,11,2,4,コリカンチャ,セ3,57.0,亀田温心,0:2:04.8,1.1/4,16.5,7.0,482,[西] 斉藤崇史,芝,2000,晴,稍重,2025年5月4日,未勝利,2022104623,01176
202504010205,12,2,3,マイネルトラキア,牡3,57.0,柴田大知,0:2:05.0,1,38.6,8.0,462,[東] 上原博之,芝,2000,晴,稍重,2025年5月4日,未勝利,2022106797,01009
202504010205,13,8,16,ナインダーツ,牡3,57.0,小林脩斗,0:2:05.1,クビ,170.7,14.0,434,[東] 奥平雅士,芝,2000,晴,稍重,2025年5月4日,未勝利,2022107250,01183
202504010205,14,7,14,セキトバシューズ,牝3,52.0,田山旺佑,0:2:05.3,1.1/2,111.4,12.0,456,[西] 新谷功一,芝,2000,晴,稍重,2025年5月4日,未勝利,2022101759,01220
202504010205,15,4,7,オゴオゴ,牡3,54.0,柴田裕一,0:2:05.5,1.1/4,164.6,13.0,456,[西] 中尾秀正,芝,2000,晴,稍重,2025年5月4日,未勝利,2022100525,01212
202504010205,16,6,12,ミシャベル,牝3,52.0,石田拓郎,0:2:05.7,1.1/4,267.0,16.0,372,[東] 松山将樹,芝,2000,晴,稍重,2025年5月4日,未勝利,2022106225,01203
202504010206,1,6,7,ウインアルドーレ,牡4,58.0,小沢大仁,0:1:53.7,nan,16.1,6.0,490,[西] 西園翔太,ダート,1800,晴,稍重,2025年5月4日,1勝クラス,2021106192,01185
202504010206,2,6,8,ゴヴェルナーレリコ,牝4,52.0,小林美駒,0:1:54.0,1.1/2,5.8,3.0,440,[東] 辻哲英,ダート,1800,晴,稍重,2025年5月4日,1勝クラス,2021105085,01206
202504010206,3,8,12,カレンワッツアップ,牡4,58.0,角田大和,0:1:54.1,1/2,2.0,1.0,480,[西] 小林真也,ダート,1800,晴,稍重,2025年5月4日,1勝クラス,2021104321,01186
202504010206,4,5,6,サトノルクソン,牡5,57.0,西塚洸二,0:1:54.3,1.1/2,5.4,2.0,480,[西] 藤原英昭,ダート,1800,晴,稍重,2025年5月4日,1勝クラス,2020103378,01200
202504010206,5,1,1,ワンダーウィルク,牡6,54.0,河原田菜,0:1:54.5,1.1/4,56.2,9.0,518,[西] 今野貞一,ダート,1800,晴,稍重,2025年5月4日,1勝クラス,2019103092,01204
202504010206,6,4,4,ハイグッドワールド,牡4,55.0,柴田裕一,0:1:54.6,3/4,14.0,5.0,500,[西] 谷潔,ダート,1800,晴,稍重,2025年5月4日,1勝クラス,2021104474,01212
202504010206,7,7,10,ベイビールビオ,牡6,56.0,永島まな,0:1:55.2,3.1/2,27.6,8.0,500,[東] 田村康仁,ダート,1800,晴,稍重,2025年5月4日,1勝クラス,2019103592,01187
202504010206,8,3,3,ムーンスカイ,牡5,57.0,松本大輝,0:1:55.4,1.1/4,25.6,7.0,438,[西] 牧田和弥,ダート,1800,晴,稍重,2025年5月4日,1勝クラス,2020102273,01191
202504010206,9,5,5,アレスエルピーダ,牡4,55.0,上里直汰,0:1:55.4,ハナ,93.9,10.0,474,[東] 栗田徹,ダート,1800,晴,稍重,2025年5月4日,1勝クラス,2021104541,01217
202504010206,10,8,11,クルル,牡6,55.0,川端海翼,0:1:55.7,1.3/4,306.5,11.0,508,[東] 高橋文雅,ダート,1800,晴,稍重,2025年5月4日,1勝クラス,2019106842,01195
202504010206,11,7,9,ジャスティンガルフ,牡4,58.0,斎藤新,0:1:57.3,10,9.5,4.0,512,[西] 茶木太樹,ダート,1800,晴,稍重,2025年5月4日,1勝クラス,2021103255,01178
202504010206,12,2,2,スノークローバー,牡4,55.0,水沼元輝,0:1:58.6,8,308.1,12.0,518,[東] 加藤和宏,ダート,1800,晴,稍重,2025年5月4日,1勝クラス,2021103266,01201
202504010207,1,5,7,スピードパンサー,牡4,54.0,小林美駒,0:1:11.3,nan,26.0,6.0,502,[東] 尾形和幸,ダート,1200,晴,稍重,2025年5月4日,1勝クラス,2021104079,01206
202504010207,2,1,1,ヨドノゴールド,牡7,58.0,丸山元気,0:1:11.3,アタマ,5.1,2.0,470,[西] 西園翔太,ダート,1200,晴,稍重,2025年5月4日,1勝クラス,2018103293,01127
202504010207,3,6,9,ゲキザル,牡6,58.0,小林脩斗,0:1:12.0,4,12.9,4.0,478,[東] 青木孝文,ダート,1200,晴,稍重,2025年5月4日,1勝クラス,2019102102,01183
202504010207,4,5,8,スプランドゥール,牡4,58.0,柴田大知,0:1:12.0,アタマ,22.7,5.0,462,[東] 和田雄二,ダート,1200,晴,稍重,2025年5月4日,1勝クラス,2021100623,01009
202504010207,5,8,13,ライトニングゼウス,牡4,58.0,菊沢一樹,0:1:12.3,1.3/4,1.9,1.0,510,[東] 勢司和浩,ダート,1200,晴,稍重,2025年5月4日,1勝クラス,2021104058,01161
202504010207,6,7,11,フォンメイリー,牝6,56.0,江田照男,0:1:12.3,クビ,91.0,11.0,488,[東] 粕谷昌央,ダート,1200,晴,稍重,2025年5月4日,1勝クラス,2019105287,00689
202504010207,7,8,14,ケイエイト,牡5,55.0,柴田裕一,0:1:12.6,1.3/4,32.7,8.0,478,[西] 羽月友彦,ダート,1200,晴,稍重,2025年5月4日,1勝クラス,2020103673,01212
202504010207,8,6,10,グレアミラージュ,牡8,58.0,黒岩悠,0:1:12.7,1/2,274.5,12.0,460,[西] 笹田和秀,ダート,1200,晴,稍重,2025年5月4日,1勝クラス,2017100426,01072
202504010207,9,7,12,グッドヴァイブス,牡4,58.0,酒井学,0:1:12.7,ハナ,5.4,3.0,482,[東] 高柳瑞樹,ダート,1200,晴,稍重,2025年5月4日,1勝クラス,2021101521,01034
202504010207,10,4,6,キングヴァージル,牡4,56.0,長浜鴻緒,0:1:12.9,1,33.2,9.0,506,[東] 田島俊明,ダート,1200,晴,稍重,2025年5月4日,1勝クラス,2021104878,01214
202504010207,11,3,4,ルミナスフラックス,セ6,55.0,石田拓郎,0:1:13.6,4,337.5,13.0,488,[東] 堀内岳志,ダート,1200,晴,稍重,2025年5月4日,1勝クラス,2019105142,01203
202504010207,12,4,5,ダディーズアイル,牡4,55.0,鷲頭虎太,0:1:13.7,3/4,31.7,7.0,478,[西] 千田輝彦,ダート,1200,晴,稍重,2025年5月4日,1勝クラス,2021104673,01202
202504010207,13,3,3,セッカチドラゴン,牡4,57.0,西塚洸二,0:1:13.7,クビ,66.8,10.0,464,[東] 本間忍,ダート,1200,晴,稍重,2025年5月4日,1勝クラス,2021100759,01200
202504010207,14,2,2,アイファーリーベン,牝6,56.0,的場勇人,0:1:15.8,大,765.2,14.0,460,[東] 的場均,ダート,1200,晴,稍重,2025年5月4日,1勝クラス,2019102950,01108
202504010208,1,7,7,メイショウノブカ,牝5,55.0,松本大輝,0:1:48.3,nan,2.3,1.0,504,[西] 本田優,芝,1800,晴,良,2025年5月4日,1勝クラス,2020106925,01191
202504010208,2,1,1,トレミニョン,牝4,54.0,長浜鴻緒,0:1:48.9,3.1/2,3.9,2.0,464,[東] 和田勇介,芝,1800,晴,良,2025年5月4日,1勝クラス,2021105144,01214
202504010208,3,4,4,クラウドセイル,牡5,55.0,上里直汰,0:1:49.0,1/2,5.3,3.0,480,[東] 堀内岳志,芝,1800,晴,良,2025年5月4日,1勝クラス,2020102552,01217
202504010208,4,3,3,メイショウタクボク,牡5,58.0,長岡禎仁,0:1:49.1,1/2,22.6,7.0,458,[西] 高橋亮,芝,1800,晴,良,2025年5月4日,1勝クラス,2020104000,01142
202504010208,5,5,5,レッドアーバイン,牡5,56.0,永島まな,0:1:49.2,クビ,11.6,4.0,512,[東] 手塚貴久,芝,1800,晴,良,2025年5月4日,1勝クラス,2020110123,01187
202504010208,6,6,6,コーラスライン,牝6,53.0,柴田裕一,0:1:49.4,1,65.6,9.0,438,[東] 本間忍,芝,1800,晴,良,2025年5月4日,1勝クラス,2019104843,01212
202504010208,7,8,8,ケイツールピア,牝4,53.0,石田拓郎,0:1:49.4,クビ,15.8,6.0,406,[東] 蛯名利弘,芝,1800,晴,良,2025年5月4日,1勝クラス,2021101801,01203
202504010208,8,2,2,パーセルペーパー,牡4,58.0,柴田大知,0:1:49.9,3,26.5,8.0,442,[東] 和田雄二,芝,1800,晴,良,2025年5月4日,1勝クラス,2021106840,01009
202504010208,9,8,9,エイシンポリシー,牝4,56.0,菊沢一樹,0:1:50.4,3,14.7,5.0,470,[東] 勢司和浩,芝,1800,晴,良,2025年5月4日,1勝クラス,2021102841,01161
202504010209,1,5,9,メテオールライト,牝5,56.0,丸山元気,0:1:53.7,nan,14.2,7.0,428,[東] 萩原清,ダート,1800,晴,稍重,2025年5月4日,2勝クラス,2020103247,01127
202504010209,2,8,14,ハリウッドパーク,牝4,56.0,斎藤新,0:1:54.1,2.1/2,5.9,4.0,504,[西] 長谷川浩,ダート,1800,晴,稍重,2025年5月4日,2勝クラス,2021104581,01178
202504010209,3,4,6,オールマキシマム,牝5,56.0,小林脩斗,0:1:54.3,1.1/2,4.9,2.0,454,[東] 奥平雅士,ダート,1800,晴,稍重,2025年5月4日,2勝クラス,2020100387,01183
202504010209,4,2,3,エンセリオ,牝4,56.0,西塚洸二,0:1:54.4,クビ,30.3,9.0,444,[東] 小笠倫弘,ダート,1800,晴,稍重,2025年5月4日,2勝クラス,2021100300,01200
202504010209,5,6,10,ウィンターダフネ,牝5,56.0,小沢大仁,0:1:54.4,ハナ,25.7,8.0,490,[東] 国枝栄,ダート,1800,晴,稍重,2025年5月4日,2勝クラス,2020103246,01185
202504010209,6,5,8,サクソンジェンヌ,牝4,56.0,藤懸貴志,0:1:54.4,クビ,5.4,3.0,464,[西] 高橋義忠,ダート,1800,晴,稍重,2025年5月4日,2勝クラス,2021106993,01138
202504010209,7,7,12,クリニクラウン,牝5,56.0,菊沢一樹,0:1:54.5,クビ,12.3,6.0,490,[東] 小手川準,ダート,1800,晴,稍重,2025年5月4日,2勝クラス,2020100934,01161
202504010209,8,4,7,ルフトクス,牝4,56.0,亀田温心,0:1:54.7,1.1/2,4.5,1.0,472,[西] 杉山佳明,ダート,1800,晴,稍重,2025年5月4日,2勝クラス,2021105502,01176
202504010209,9,3,4,チカミリオン,牝4,56.0,酒井学,0:1:54.7,ハナ,10.3,5.0,478,[西] 大久保龍,ダート,1800,晴,稍重,2025年5月4日,2勝クラス,2021103225,01034
202504010209,10,1,1,サイモンコーラル,牝5,56.0,角田大和,0:1:55.1,2.1/2,104.7,14.0,458,[西] 羽月友彦,ダート,1800,晴,稍重,2025年5月4日,2勝クラス,2020100629,01186
202504010209,10,8,15,メイショウコボケ,牝5,56.0,松本大輝,0:1:55.1,同着,53.8,13.0,502,[西] 本田優,ダート,1800,晴,稍重,2025年5月4日,2勝クラス,2020106209,01191
202504010209,12,2,2,マフィン,牝4,56.0,長浜鴻緒,0:1:55.8,4,39.1,10.0,410,[東] 大和田成,ダート,1800,晴,稍重,2025年5月4日,2勝クラス,2021101219,01214
202504010209,13,6,11,ファイントパーズ,牝4,56.0,小林美駒,0:1:57.0,7,45.7,11.0,468,[東] 鈴木伸尋,ダート,1800,晴,稍重,2025年5月4日,2勝クラス,2021107212,01206
202504010209,14,7,13,ネイリッカ,牝6,56.0,横山琉人,0:1:58.0,6,48.4,12.0,466,[東] 和田勇介,ダート,1800,晴,稍重,2025年5月4日,2勝クラス,2019100072,01192
202504010209,除,3,5,サツキノジョウ,牝4,56.0,黛弘人,nan,nan,---,nan,450,[東] 武井亮,ダート,1800,晴,稍重,2025年5月4日,2勝クラス,2021105789,01109
202504010210,1,4,8,ニシノコニャック,牡6,58.0,菊沢一樹,0:0:55.6,nan,23.9,7.0,458,[東] 伊藤大士,芝,1000,晴,良,2025年5月4日,2勝クラス,2019100937,01161
202504010210,2,7,13,イコサン,牡5,58.0,酒井学,0:0:56.2,3.1/2,2.2,1.0,500,[西] 長谷川浩,芝,1000,晴,良,2025年5月4日,2勝クラス,2020106914,01034
202504010210,3,7,14,クールベイビー,牝4,56.0,吉田隼人,0:0:56.3,1/2,4.0,2.0,466,[東] 矢野英一,芝,1000,晴,良,2025年5月4日,2勝クラス,2021100356,01095
202504010210,4,4,7,クオレス,牝4,56.0,武藤雅,0:0:56.6,1.1/2,40.3,10.0,488,[東] 牧光二,芝,1000,晴,良,2025年5月4日,2勝クラス,2021103667,01169
202504010210,5,8,15,スクルプトーリス,牝5,56.0,亀田温心,0:0:56.6,クビ,16.0,6.0,484,[西] 松下武士,芝,1000,晴,良,2025年5月4日,2勝クラス,2020100151,01176
202504010210,6,2,4,オリアメンディ,牝7,56.0,嶋田純次,0:0:56.8,1,153.3,15.0,474,[東] 南田美知,芝,1000,晴,良,2025年5月4日,2勝クラス,2018106612,01134
202504010210,7,3,5,キングクー,牡6,58.0,長浜鴻緒,0:0:56.9,1/2,14.8,4.0,532,[東] 根本康広,芝,1000,晴,良,2025年5月4日,2勝クラス,2019102321,01214
202504010210,8,3,6,ハピアーザンエバー,牡4,58.0,黛弘人,0:0:57.4,3,49.5,11.0,452,[西] 羽月友彦,芝,1000,晴,良,2025年5月4日,2勝クラス,2021106854,01109
202504010210,9,5,10,カリュウ,牝6,56.0,横山琉人,0:0:57.5,1,130.7,14.0,430,[東] 田島俊明,芝,1000,晴,良,2025年5月4日,2勝クラス,2019106714,01192
202504010210,10,8,16,トレブランシュ,牝5,56.0,西塚洸二,0:0:57.6,クビ,9.6,3.0,436,[東] 稲垣幸雄,芝,1000,晴,良,2025年5月4日,2勝クラス,2020102298,01200
202504010210,11,2,3,シックザイン,牡6,58.0,小沢大仁,0:0:57.7,3/4,112.3,13.0,484,[東] 水野貴広,芝,1000,晴,良,2025年5月4日,2勝クラス,2019103887,01185
202504010210,12,6,11,ジェイエルバルカー,牡5,58.0,小林脩斗,0:0:57.8,クビ,72.3,12.0,492,[東] 小西一男,芝,1000,晴,良,2025年5月4日,2勝クラス,2020100131,01183
202504010210,13,5,9,ペイシャカレン,牝6,56.0,江田照男,0:0:58.0,1.1/4,29.4,8.0,456,[東] 粕谷昌央,芝,1000,晴,良,2025年5月4日,2勝クラス,2019100132,00689
202504010210,14,6,12,ラホーヤストーム,牝5,56.0,斎藤新,0:0:58.3,2,16.0,5.0,486,[西] 藤野健太,芝,1000,晴,良,2025年5月4日,2勝クラス,2020104780,01178
202504010210,15,1,2,サンディブロンド,牝4,56.0,丸山元気,0:0:58.5,1.1/4,35.9,9.0,490,[東] 鈴木慎太,芝,1000,晴,良,2025年5月4日,2勝クラス,2021105821,01127
202504010210,16,1,1,アバンダンス,牡6,58.0,水沼元輝,0:0:59.2,4,395.9,16.0,452,[東] 根本康広,芝,1000,晴,良,2025年5月4日,2勝クラス,2019106269,01201
202504010211,1,4,7,ブシン,牡4,58.0,吉田隼人,0:1:11.0,nan,4.4,1.0,482,[西] 森秀行,ダート,1200,晴,稍重,2025年5月4日,オープン,2021110055,01095
202504010211,2,5,9,シークレットヴァウ,牡4,58.0,武藤雅,0:1:11.2,1,16.1,7.0,464,[東] 武藤善則,ダート,1200,晴,稍重,2025年5月4日,オープン,2021102413,01169
202504010211,3,5,8,レディフォース,牝5,56.0,長岡禎仁,0:1:11.2,クビ,23.0,10.0,524,[西] 杉山佳明,ダート,1200,晴,稍重,2025年5月4日,オープン,2020103790,01142
202504010211,3,7,12,ヒビキ,牡5,58.0,西塚洸二,0:1:11.2,同着,18.9,9.0,498,[西] 辻野泰之,ダート,1200,晴,稍重,2025年5月4日,オープン,2020105517,01200
202504010211,5,4,6,ロードラディウス,牡5,58.0,中井裕二,0:1:11.3,クビ,10.2,4.0,482,[西] 森田直行,ダート,1200,晴,稍重,2025年5月4日,オープン,2020100168,01141
202504010211,6,2,3,グッジョブ,牡5,58.0,国分恭介,0:1:11.3,アタマ,4.9,2.0,446,[西] 牧浦充徳,ダート,1200,晴,稍重,2025年5月4日,オープン,2020101182,01124
202504010211,7,6,11,シアージスト,牡6,60.0,小崎綾也,0:1:11.5,1,13.1,5.0,558,[東] 堀宣行,ダート,1200,晴,稍重,2025年5月4日,オープン,2019110009,01152
202504010211,8,6,10,ジュンウィンダム,牝5,56.0,斎藤新,0:1:11.7,1.1/4,5.2,3.0,498,[西] 浜田多実,ダート,1200,晴,稍重,2025年5月4日,オープン,2020106062,01178
202504010211,9,3,5,パラシュラーマ,牡5,58.0,松若風馬,0:1:12.1,2.1/2,17.7,8.0,484,[西] 浜田多実,ダート,1200,晴,稍重,2025年5月4日,オープン,2020105622,01154
202504010211,10,8,15,ゼットレヨン,牡6,58.0,酒井学,0:1:12.6,3.1/2,79.0,14.0,492,[西] 吉田直弘,ダート,1200,晴,稍重,2025年5月4日,オープン,2019103065,01034
202504010211,11,8,14,ビリーヴインミー,牝7,55.0,水沼元輝,0:1:13.2,3.1/2,50.1,13.0,480,[東] 加藤和宏,ダート,1200,晴,稍重,2025年5月4日,オープン,2018103739,01201
202504010211,12,3,4,レッドゲイル,牡6,58.0,小沢大仁,0:1:13.5,2,90.1,15.0,474,[東] 浅利英明,ダート,1200,晴,稍重,2025年5月4日,オープン,2019103976,01185
202504010211,13,7,13,サウンドアレグリア,牝4,56.0,高倉稜,0:1:14.1,3.1/2,27.4,12.0,502,[西] 武英智,ダート,1200,晴,稍重,2025年5月4日,オープン,2021102079,01130
202504010211,14,1,1,アネゴハダ,牝6,56.0,角田大和,0:1:14.1,アタマ,26.3,11.0,456,[西] 佐々木晶,ダート,1200,晴,稍重,2025年5月4日,オープン,2019106102,01186
202504010211,中,2,2,エランティス,牝5,56.0,丸山元気,nan,nan,15.6,6.0,488,[西] 杉山晴紀,ダート,1200,晴,稍重,2025年5月4日,オープン,2020104429,01127
202504010212,1,4,5,ベストオブユー,牡4,56.0,永島まな,0:1:22.7,nan,4.8,2.0,438,[東] 久保田貴,芝,1400,晴,良,2025年5月4日,1勝クラス,2021100152,01187
202504010212,2,3,3,ディスタントスカイ,牡4,58.0,酒井学,0:1:22.7,クビ,5.5,3.0,514,[西] 角田晃一,芝,1400,晴,良,2025年5月4日,1勝クラス,2021110067,01034
202504010212,3,5,7,テクノデザイン,牝5,53.0,鷲頭虎太,0:1:22.8,クビ,28.5,7.0,436,[西] 千田輝彦,芝,1400,晴,良,2025年5月4日,1勝クラス,2020102950,01202
202504010212,4,7,11,サンライズプルート,牡5,58.0,小沢大仁,0:1:22.8,クビ,6.8,4.0,468,[西] 東田明士,芝,1400,晴,良,2025年5月4日,1勝クラス,2020102326,01185
202504010212,5,7,10,デイジー,牝4,56.0,菊沢一樹,0:1:23.0,1.1/4,2.6,1.0,464,[東] 田中勝春,芝,1400,晴,良,2025年5月4日,1勝クラス,2021104173,01161
202504010212,6,8,12,ツッチーフェイス,牝6,53.0,和田陽希,0:1:23.1,クビ,40.8,9.0,494,[西] 今野貞一,芝,1400,晴,良,2025年5月4日,1勝クラス,2019100249,01223
202504010212,7,4,4,タイキバルドル,牡5,58.0,国分恭介,0:1:23.1,ハナ,12.8,6.0,474,[東] 勢司和浩,芝,1400,晴,良,2025年5月4日,1勝クラス,2020106817,01124
202504010212,8,5,6,ジーティームテキ,牡4,55.0,水沼元輝,0:1:23.1,ハナ,80.2,10.0,462,[東] 加藤和宏,芝,1400,晴,良,2025年5月4日,1勝クラス,2021106683,01201
202504010212,9,6,9,メイショウヤマモモ,牝4,56.0,長岡禎仁,0:1:23.3,1.1/4,11.3,5.0,450,[西] 高橋亮,芝,1400,晴,良,2025年5月4日,1勝クラス,2021103075,01142
202504010212,10,8,13,ヴォンヌヴォー,牝5,53.0,舟山瑠泉,0:1:23.3,クビ,169.4,11.0,448,[東] 菊川正達,芝,1400,晴,良,2025年5月4日,1勝クラス,2020106585,01221
202504010212,11,2,2,ソアラ,牝5,53.0,橋木太希,0:1:24.1,5,35.3,8.0,478,[西] 高橋康之,芝,1400,晴,良,2025年5月4日,1勝クラス,2020105897,01215
202504010212,12,1,1,レオプルミエール,牡5,55.0,佐藤翔馬,0:1:24.2,クビ,237.3,12.0,414,[東] 杉浦宏昭,芝,1400,晴,良,2025年5月4日,1勝クラス,2020106587,01207
202504010212,13,6,8,ツィスカリーゼ,牡5,58.0,的場勇人,0:1:24.4,1.1/2,319.8,13.0,456,[東] 的場均,芝,1400,晴,良,2025年5月4日,1勝クラス,2020102269,01108
