,0,1,2,3
202507010101,単勝,2,530,3
202507010101,複勝,2,140,3
202507010101,複勝,10,140,2
202507010101,複勝,4,110,1
202507010101,枠連,1-5,740,3
202507010101,馬連,2-10,660,2
202507010101,ワイド,2-10,260,2
202507010101,ワイド,2-4,310,4
202507010101,ワイド,4-10,300,3
202507010101,馬単,2→10,1640,6
202507010101,三連複,2-4-10,700,1
202507010101,三連単,2→10→4,5280,10
202507010102,単勝,4,490,3
202507010102,複勝,4,170,1
202507010102,複勝,15,180,2
202507010102,複勝,12,400,6
202507010102,枠連,2-8,1020,5
202507010102,馬連,4-15,1140,2
202507010102,ワイド,4-15,470,1
202507010102,ワイド,4-12,1570,14
202507010102,ワイド,12-15,1300,11
202507010102,馬単,4→15,2270,4
202507010102,三連複,4-12-15,6290,13
202507010102,三連単,4→15→12,25870,64
202507010103,単勝,5,150,1
202507010103,複勝,5,110,1
202507010103,複勝,16,180,3
202507010103,複勝,13,390,6
202507010103,枠連,3-8,470,2
202507010103,馬連,5-16,500,2
202507010103,ワイド,5-16,270,2
202507010103,ワイド,5-13,720,7
202507010103,ワイド,13-16,1710,18
202507010103,馬単,5→16,690,2
202507010103,三連複,5-13-16,3120,9
202507010103,三連単,5→16→13,6480,15
202507010104,単勝,1,440,2
202507010104,複勝,1,170,2
202507010104,複勝,5,170,4
202507010104,複勝,16,140,1
202507010104,枠連,1-3,1320,5
202507010104,馬連,1-5,1840,6
202507010104,ワイド,1-5,650,6
202507010104,ワイド,1-16,480,3
202507010104,ワイド,5-16,450,2
202507010104,馬単,1→5,3660,12
202507010104,三連複,1-5-16,2350,3
202507010104,三連単,1→5→16,14920,24
202507010105,単勝,4,460,2
202507010105,複勝,4,160,2
202507010105,複勝,18,140,1
202507010105,複勝,17,170,3
202507010105,枠連,2-8,450,1
202507010105,馬連,4-18,1100,2
202507010105,ワイド,4-18,440,1
202507010105,ワイド,4-17,600,4
202507010105,ワイド,17-18,450,2
202507010105,馬単,4→18,2270,4
202507010105,三連複,4-17-18,1850,1
202507010105,三連単,4→18→17,8820,5
202507010106,単勝,4,170,1
202507010106,複勝,8,150,2
202507010106,複勝,14,160,3
202507010106,枠連,2-4,300,1
202507010106,馬連,4-8,490,1
202507010106,ワイド,4-8,230,1
202507010106,ワイド,4-14,260,2
202507010106,ワイド,8-14,570,6
202507010106,馬単,4→8,770,2
202507010106,三連複,4-8-14,1200,3
202507010106,三連単,4→8→14,3020,2
202507010107,単勝,2,570,4
202507010107,複勝,2,150,4
202507010107,複勝,7,150,3
202507010107,複勝,9,110,1
202507010107,枠連,2-7,2270,9
202507010107,馬連,2-7,1960,9
202507010107,ワイド,2-7,490,6
202507010107,ワイド,2-9,290,3
202507010107,ワイド,7-9,270,2
202507010107,馬単,2→7,3830,14
202507010107,三連複,2-7-9,1050,3
202507010107,三連単,2→7→9,11520,41
202507010108,単勝,9,4880,12
202507010108,複勝,9,990,11
202507010108,複勝,14,380,7
202507010108,複勝,4,290,5
202507010108,枠連,5-7,6880,23
202507010108,馬連,9-14,25580,61
202507010108,ワイド,9-14,6010,58
202507010108,ワイド,4-9,3890,44
202507010108,ワイド,4-14,1640,23
202507010108,馬単,9→14,55490,123
202507010108,三連複,4-9-14,46350,144
202507010108,三連単,9→14→4,441710,1072
202507010109,単勝,5,320,2
202507010109,複勝,5,140,2
202507010109,複勝,3,280,6
202507010109,複勝,2,110,1
202507010109,枠連,3-5,3170,11
202507010109,馬連,3-5,2770,8
202507010109,ワイド,3-5,760,10
202507010109,ワイド,2-5,220,2
202507010109,ワイド,2-3,570,6
202507010109,馬単,5→3,3970,11
202507010109,三連複,2-3-5,1430,4
202507010109,三連単,5→3→2,9720,30
202507010110,単勝,10,470,2
202507010110,複勝,10,210,2
202507010110,複勝,3,340,5
202507010110,複勝,2,1120,12
202507010110,枠連,2-5,580,2
202507010110,馬連,3-10,2520,6
202507010110,ワイド,3-10,1080,8
202507010110,ワイド,2-10,4180,43
202507010110,ワイド,2-3,6500,60
202507010110,馬単,10→3,4530,14
202507010110,三連複,2-3-10,53640,137
202507010110,三連単,10→3→2,195400,506
202507010111,単勝,7,1200,6
202507010111,複勝,7,370,7
202507010111,複勝,16,240,4
202507010111,複勝,1,210,2
202507010111,枠連,4-8,2420,8
202507010111,馬連,7-16,4870,21
202507010111,ワイド,7-16,1670,24
202507010111,ワイド,1-7,1100,15
202507010111,ワイド,1-16,860,8
202507010111,馬単,7→16,12060,48
202507010111,三連複,1-7-16,8980,31
202507010111,三連単,7→16→1,69740,247
202507010112,単勝,6,1120,5
202507010112,複勝,6,280,5
202507010112,複勝,10,150,1
202507010112,複勝,2,280,4
202507010112,枠連,3-5,1540,5
202507010112,馬連,6-10,2170,8
202507010112,ワイド,6-10,830,8
202507010112,ワイド,2-6,1870,22
202507010112,ワイド,2-10,800,7
202507010112,馬単,6→10,5320,19
202507010112,三連複,2-6-10,8070,23
202507010112,三連単,6→10→2,49830,151
202507010201,単勝,2,300,1
202507010201,複勝,2,160,1
202507010201,複勝,12,640,11
202507010201,複勝,10,350,5
202507010201,枠連,1-6,2950,12
202507010201,馬連,2-12,4750,17
202507010201,ワイド,2-12,1490,17
202507010201,ワイド,2-10,770,4
202507010201,ワイド,10-12,5010,54
202507010201,馬単,2→12,6800,24
202507010201,三連複,2-10-12,18500,62
202507010201,三連単,2→12→10,75170,237
202507010202,単勝,9,280,1
202507010202,複勝,9,130,1
202507010202,複勝,6,180,2
202507010202,複勝,15,230,5
202507010202,枠連,3-5,580,2
202507010202,馬連,6-9,1040,2
202507010202,ワイド,6-9,420,2
202507010202,ワイド,9-15,450,3
202507010202,ワイド,6-15,830,8
202507010202,馬単,9→6,1800,3
202507010202,三連複,6-9-15,2490,3
202507010202,三連単,9→6→15,8070,3
202507010203,単勝,16,690,4
202507010203,複勝,16,220,4
202507010203,複勝,11,200,3
202507010203,複勝,10,730,9
202507010203,枠連,6-8,1160,6
202507010203,馬連,11-16,1580,5
202507010203,ワイド,11-16,620,5
202507010203,ワイド,10-16,2280,30
202507010203,ワイド,10-11,1310,18
202507010203,馬単,16→11,4320,15
202507010203,三連複,10-11-16,10960,41
202507010203,三連単,16→11→10,76630,246
202507010204,単勝,1,5570,8
202507010204,複勝,1,2040,8
202507010204,複勝,12,1510,7
202507010204,複勝,6,1300,6
202507010204,枠連,1-8,14820,17
202507010204,馬連,1-12,21280,30
202507010204,ワイド,1-12,3660,29
202507010204,ワイド,1-6,3580,28
202507010204,ワイド,6-12,2690,24
202507010204,馬単,1→12,63020,61
202507010204,三連複,1-6-12,72310,96
202507010204,三連単,1→12→6,732860,533
202507010205,単勝,11,460,2
202507010205,複勝,11,230,3
202507010205,複勝,10,740,10
202507010205,複勝,9,640,8
202507010205,枠連,5-6,3780,12
202507010205,馬連,10-11,7070,28
202507010205,ワイド,10-11,2440,32
202507010205,ワイド,9-11,1800,22
202507010205,ワイド,9-10,5540,51
202507010205,馬単,11→10,9650,39
202507010205,三連複,9-10-11,33440,111
202507010205,三連単,11→10→9,169940,544
202507010206,単勝,4,740,4
202507010206,複勝,4,220,4
202507010206,複勝,10,140,1
202507010206,複勝,8,760,10
202507010206,枠連,2-5,1240,4
202507010206,馬連,4-10,1020,3
202507010206,ワイド,4-10,420,3
202507010206,ワイド,4-8,2970,33
202507010206,ワイド,8-10,1900,18
202507010206,馬単,4→10,2640,6
202507010206,三連複,4-8-10,10600,28
202507010206,三連単,4→10→8,53040,142
202507010207,単勝,13,1410,6
202507010207,複勝,13,290,5
202507010207,複勝,5,590,11
202507010207,複勝,11,110,1
202507010207,枠連,3-7,11080,26
202507010207,馬連,5-13,31590,59
202507010207,ワイド,5-13,6360,55
202507010207,ワイド,11-13,440,3
202507010207,ワイド,5-11,2020,23
202507010207,馬単,13→5,77730,114
202507010207,三連複,5-11-13,15570,44
202507010207,三連単,13→5→11,239740,613
202507010208,単勝,15,510,2
202507010208,複勝,15,160,2
202507010208,複勝,3,170,3
202507010208,複勝,9,120,1
202507010208,枠連,2-8,1430,6
202507010208,馬連,3-15,2080,8
202507010208,ワイド,3-15,650,7
202507010208,ワイド,9-15,300,1
202507010208,ワイド,3-9,310,2
202507010208,馬単,15→3,3790,13
202507010208,三連複,3-9-15,1380,1
202507010208,三連単,15→3→9,11380,21
202507010209,単勝,15,510,3
202507010209,複勝,15,200,2
202507010209,複勝,11,740,10
202507010209,複勝,1,210,3
202507010209,枠連,6-8,2280,12
202507010209,馬連,11-15,13220,40
202507010209,ワイド,11-15,3360,37
202507010209,ワイド,1-15,710,5
202507010209,ワイド,1-11,2150,27
202507010209,馬単,15→11,19030,65
202507010209,三連複,1-11-15,16550,60
202507010209,三連単,15→11→1,128700,432
202507010210,単勝,1,1660,7
202507010210,複勝,1,360,7
202507010210,複勝,4,170,2
202507010210,複勝,12,170,1
202507010210,枠連,1-2,2440,14
202507010210,馬連,1-4,3940,17
202507010210,ワイド,1-4,1080,11
202507010210,ワイド,1-12,1560,21
202507010210,ワイド,4-12,440,1
202507010210,馬単,1→4,8000,35
202507010210,三連複,1-4-12,4790,12
202507010210,三連単,1→4→12,40600,123
202507010211,単勝,1,340,1
202507010211,複勝,1,160,1
202507010211,複勝,3,180,2
202507010211,複勝,11,950,12
202507010211,枠連,1-2,600,1
202507010211,馬連,1-3,610,1
202507010211,ワイド,1-3,350,1
202507010211,ワイド,1-11,3430,40
202507010211,ワイド,3-11,4890,50
202507010211,馬単,1→3,1190,2
202507010211,三連複,1-3-11,14670,44
202507010211,三連単,1→3→11,52080,153
202507010212,単勝,4,560,2
202507010212,複勝,4,210,2
202507010212,複勝,15,240,3
202507010212,複勝,13,570,8
202507010212,枠連,2-8,2210,7
202507010212,馬連,4-15,2530,9
202507010212,ワイド,4-15,690,6
202507010212,ワイド,4-13,1810,18
202507010212,ワイド,13-15,1890,20
202507010212,馬単,4→15,4860,16
202507010212,三連複,4-13-15,13560,42
202507010212,三連単,4→15→13,61060,178
202507010301,単勝,1,990,6
202507010301,複勝,1,240,4
202507010301,複勝,12,290,6
202507010301,複勝,10,250,5
202507010301,枠連,1-6,1380,6
202507010301,馬連,1-12,2710,11
202507010301,ワイド,1-12,820,9
202507010301,ワイド,1-10,820,8
202507010301,ワイド,10-12,910,12
202507010301,馬単,1→12,5390,19
202507010301,三連複,1-10-12,6290,17
202507010301,三連単,1→12→10,36620,121
202507010302,単勝,7,330,1
202507010302,複勝,7,170,1
202507010302,複勝,16,710,10
202507010302,複勝,9,1730,12
202507010302,枠連,4-8,1820,8
202507010302,馬連,7-16,3980,15
202507010302,ワイド,7-16,1450,15
202507010302,ワイド,7-9,2600,28
202507010302,ワイド,9-16,17620,82
202507010302,馬単,7→16,5840,24
202507010302,三連複,7-9-16,54540,140
202507010302,三連単,7→16→9,176340,508
202507010303,単勝,16,430,2
202507010303,複勝,16,190,2
202507010303,複勝,4,1210,12
202507010303,複勝,5,250,4
202507010303,枠連,2-8,2710,10
202507010303,馬連,4-16,14950,42
202507010303,ワイド,4-16,4520,48
202507010303,ワイド,5-16,890,7
202507010303,ワイド,4-5,5760,59
202507010303,馬単,16→4,19020,63
202507010303,三連複,4-5-16,31430,101
202507010303,三連単,16→4→5,213730,587
202507010304,単勝,14,420,1
202507010304,複勝,14,170,1
202507010304,複勝,4,980,12
202507010304,複勝,10,190,3
202507010304,枠連,2-7,8640,22
202507010304,馬連,4-14,12910,45
202507010304,ワイド,4-14,3920,46
202507010304,ワイド,10-14,550,2
202507010304,ワイド,4-10,4150,47
202507010304,馬単,14→4,19760,74
202507010304,三連複,4-10-14,23130,83
202507010304,三連単,14→4→10,167480,570
202507010305,単勝,9,690,4
202507010305,複勝,9,240,4
202507010305,複勝,16,2020,13
202507010305,複勝,17,210,1
202507010305,枠連,5-8,1260,5
202507010305,馬連,9-16,38180,74
202507010305,ワイド,9-16,8670,68
202507010305,ワイド,9-17,810,6
202507010305,ワイド,16-17,5430,54
202507010305,馬単,9→16,46000,116
202507010305,三連複,9-16-17,42090,122
202507010305,三連単,9→16→17,288400,856
202507010306,単勝,5,390,2
202507010306,複勝,5,220,2
202507010306,複勝,3,270,3
202507010306,馬連,3-5,880,4
202507010306,ワイド,3-5,340,4
202507010306,ワイド,1-5,410,7
202507010306,ワイド,1-3,530,9
202507010306,馬単,5→3,1650,6
202507010306,三連複,1-3-5,1180,6
202507010306,三連単,5→3→1,6900,24
202507010307,単勝,12,1900,7
202507010307,複勝,12,360,6
202507010307,複勝,1,210,4
202507010307,複勝,11,170,2
202507010307,枠連,1-6,1350,7
202507010307,馬連,1-12,5030,18
202507010307,ワイド,1-12,1420,18
202507010307,ワイド,11-12,1250,13
202507010307,ワイド,1-11,640,6
202507010307,馬単,12→1,11790,38
202507010307,三連複,1-11-12,8020,25
202507010307,三連単,12→1→11,81330,268
202507010308,単勝,7,220,1
202507010308,複勝,7,120,1
202507010308,複勝,5,540,8
202507010308,複勝,1,210,5
202507010308,枠連,5-6,2920,9
202507010308,馬連,5-7,2880,10
202507010308,ワイド,5-7,1220,14
202507010308,ワイド,1-7,400,3
202507010308,ワイド,1-5,2510,28
202507010308,馬単,7→5,4070,14
202507010308,三連複,1-5-7,5650,19
202507010308,三連単,7→5→1,24690,79
202507010309,単勝,13,1050,5
202507010309,複勝,7,180,3
202507010309,枠連,5-8,1890,10
202507010309,馬連,7-13,2880,13
202507010309,ワイド,7-13,1130,15
202507010309,ワイド,5-13,1460,20
202507010309,ワイド,5-7,780,10
202507010309,馬単,13→7,5960,27
202507010309,三連複,5-7-13,7250,31
202507010309,三連単,13→7→5,38080,140
202507010310,単勝,16,130,1
202507010310,複勝,16,110,1
202507010310,複勝,8,280,6
202507010310,複勝,2,170,3
202507010310,枠連,4-8,980,4
202507010310,馬連,8-16,1230,5
202507010310,ワイド,8-16,500,5
202507010310,ワイド,2-16,260,1
202507010310,ワイド,2-8,1040,9
202507010310,馬単,16→8,1240,4
202507010310,三連複,2-8-16,1940,4
202507010310,三連単,16→8→2,6400,18
202507010311,単勝,10,320,1
202507010311,複勝,10,160,2
202507010311,複勝,12,140,1
202507010311,複勝,15,290,6
202507010311,枠連,5-6,620,1
202507010311,馬連,10-12,880,1
202507010311,ワイド,10-12,430,2
202507010311,ワイド,10-15,820,9
202507010311,ワイド,12-15,930,11
202507010311,馬単,10→12,1560,2
202507010311,三連複,10-12-15,3320,8
202507010311,三連単,10→12→15,12490,18
202507010312,単勝,10,640,3
202507010312,複勝,10,230,3
202507010312,複勝,1,650,10
202507010312,枠連,1-5,830,2
202507010312,馬連,1-10,13410,36
202507010312,ワイド,1-10,3610,40
202507010312,ワイド,2-10,470,2
202507010312,ワイド,1-2,1570,20
202507010312,馬単,10→1,21110,66
202507010312,三連複,1-2-10,9840,30
202507010312,三連単,10→1→2,71110,235
202507010401,単勝,16,120,1
202507010401,複勝,16,100,1
202507010401,複勝,4,170,3
202507010401,複勝,11,380,7
202507010401,枠連,2-8,500,2
202507010401,馬連,4-16,510,2
202507010401,ワイド,4-16,240,2
202507010401,ワイド,11-16,780,7
202507010401,ワイド,4-11,2220,21
202507010401,馬単,16→4,540,2
202507010401,三連複,4-11-16,3710,10
202507010401,三連単,16→4→11,7870,20
202507010402,単勝,10,790,5
202507010402,複勝,10,340,4
202507010402,複勝,5,2170,13
202507010402,複勝,14,1360,12
202507010402,枠連,3-5,6670,21
202507010402,馬連,5-10,54010,72
202507010402,ワイド,5-10,11980,74
202507010402,ワイド,10-14,4130,44
202507010402,ワイド,5-14,46760,108
202507010402,馬単,10→5,67970,122
202507010402,三連複,5-10-14,616330,402
202507010402,三連単,10→5→14,3364960,2241
202507010403,単勝,3,2420,7
202507010403,複勝,3,450,7
202507010403,複勝,6,140,1
202507010403,枠連,2-3,900,3
202507010403,馬連,3-6,2910,12
202507010403,ワイド,3-6,1040,13
202507010403,ワイド,3-7,1330,16
202507010403,ワイド,6-7,380,2
202507010403,馬単,3→6,8870,31
202507010403,三連複,3-6-7,3650,11
202507010403,三連単,3→6→7,37060,117
202507010404,単勝,6,2020,5
202507010404,複勝,6,220,4
202507010404,複勝,12,110,1
202507010404,複勝,9,280,5
202507010404,枠連,5-8,350,2
202507010404,馬連,6-12,1110,3
202507010404,ワイド,6-12,500,3
202507010404,ワイド,6-9,1950,18
202507010404,ワイド,9-12,590,7
202507010404,馬単,6→12,3750,11
202507010404,三連複,6-9-12,4170,13
202507010404,三連単,6→12→9,37330,101
202507010405,単勝,2,1130,3
202507010405,複勝,2,430,4
202507010405,複勝,14,1040,11
202507010405,複勝,8,420,3
202507010405,枠連,1-7,3870,14
202507010405,馬連,2-14,20360,48
202507010405,ワイド,2-14,4140,46
202507010405,ワイド,2-8,1750,17
202507010405,ワイド,8-14,5220,54
202507010405,馬単,2→14,37050,84
202507010405,三連複,2-8-14,58260,136
202507010405,三連単,2→14→8,448840,813
202507010406,単勝,16,5890,10
202507010406,複勝,16,1510,12
202507010406,複勝,1,550,7
202507010406,複勝,3,1390,11
202507010406,枠連,1-8,6710,21
202507010406,馬連,1-16,47280,78
202507010406,ワイド,1-16,12600,79
202507010406,ワイド,3-16,19770,102
202507010406,ワイド,1-3,7310,61
202507010406,馬単,16→1,89820,150
202507010406,三連複,1-3-16,485380,471
202507010406,三連単,16→1→3,2145400,2384
202507010407,単勝,11,3600,8
202507010407,複勝,11,610,8
202507010407,複勝,7,380,5
202507010407,複勝,6,130,1
202507010407,枠連,4-6,2190,7
202507010407,馬連,7-11,16640,32
202507010407,ワイド,7-11,4430,35
202507010407,ワイド,6-11,950,8
202507010407,ワイド,6-7,790,5
202507010407,馬単,11→7,43210,70
202507010407,三連複,6-7-11,16230,36
202507010407,三連単,11→7→6,197450,365
202507010408,単勝,13,330,1
202507010408,複勝,13,160,1
202507010408,複勝,12,250,4
202507010408,複勝,3,250,5
202507010408,枠連,6-7,1230,5
202507010408,馬連,12-13,1370,3
202507010408,ワイド,12-13,520,3
202507010408,ワイド,3-13,720,7
202507010408,ワイド,3-12,1490,21
202507010408,馬単,13→12,2250,4
202507010408,三連複,3-12-13,5070,11
202507010408,三連単,13→12→3,19810,37
202507010409,単勝,3,140,1
202507010409,複勝,3,110,1
202507010409,複勝,7,130,2
202507010409,複勝,2,560,9
202507010409,枠連,2-4,280,1
202507010409,馬連,3-7,310,1
202507010409,ワイド,3-7,170,1
202507010409,ワイド,2-3,840,9
202507010409,ワイド,2-7,1980,21
202507010409,馬単,3→7,360,1
202507010409,三連複,2-3-7,2700,6
202507010409,三連単,3→7→2,5290,9
202507010410,単勝,6,5010,10
202507010410,複勝,6,690,11
202507010410,複勝,5,120,1
202507010410,複勝,8,210,3
202507010410,枠連,3-3,5430,18
202507010410,馬連,5-6,4720,14
202507010410,ワイド,5-6,1460,15
202507010410,ワイド,6-8,4060,41
202507010410,ワイド,5-8,290,2
202507010410,馬単,6→5,20770,47
202507010410,三連複,5-6-8,7500,23
202507010410,三連単,6→5→8,124770,289
202507010411,単勝,2,180,1
202507010411,複勝,2,120,1
202507010411,複勝,17,380,8
202507010411,枠連,1-1,480,2
202507010411,馬連,1-2,490,1
202507010411,ワイド,1-2,270,1
202507010411,ワイド,2-17,740,6
202507010411,ワイド,1-17,1400,15
202507010411,馬単,2→1,770,1
202507010411,三連複,1-2-17,2770,6
202507010411,三連単,2→1→17,7830,10
202507010412,単勝,6,500,3
202507010412,複勝,6,180,3
202507010412,複勝,5,140,1
202507010412,複勝,3,300,5
202507010412,枠連,3-3,580,2
202507010412,馬連,5-6,560,1
202507010412,ワイド,5-6,290,1
202507010412,ワイド,3-6,1100,11
202507010412,ワイド,3-5,710,6
202507010412,馬単,6→5,1480,3
202507010412,三連複,3-5-6,2830,5
202507010412,三連単,6→5→3,12940,25
202507010501,単勝,11,2700,10
202507010501,複勝,11,870,9
202507010501,複勝,9,3390,16
202507010501,複勝,14,1480,12
202507010501,枠連,5-6,7040,24
202507010501,馬連,9-11,111670,107
202507010501,ワイド,9-11,26110,108
202507010501,ワイド,11-14,16180,96
202507010501,ワイド,9-14,38830,115
202507010501,馬単,11→9,212830,204
202507010501,三連複,9-11-14,944220,521
202507010501,三連単,11→9→14,7098460,3130
202507010502,単勝,4,140,1
202507010502,複勝,5,370,6
202507010502,複勝,14,250,4
202507010502,枠連,2-3,1240,3
202507010502,馬連,4-5,2010,7
202507010502,ワイド,4-5,730,6
202507010502,ワイド,4-14,440,3
202507010502,ワイド,5-14,3070,31
202507010502,馬単,4→5,2200,7
202507010502,三連複,4-5-14,5350,17
202507010502,三連単,4→5→14,18160,52
202507010503,単勝,2,1060,5
202507010503,複勝,2,290,5
202507010503,複勝,11,180,2
202507010503,複勝,3,360,6
202507010503,枠連,1-6,520,1
202507010503,馬連,2-11,2330,9
202507010503,ワイド,2-11,890,9
202507010503,ワイド,2-3,2180,22
202507010503,ワイド,3-11,1110,12
202507010503,馬単,2→11,5550,18
202507010503,三連複,2-3-11,11860,32
202507010503,三連単,2→11→3,63090,186
202507010504,単勝,4,310,1
202507010504,複勝,4,190,1
202507010504,複勝,7,800,9
202507010504,複勝,9,1580,14
202507010504,枠連,3-4,2410,11
202507010504,馬連,4-7,5400,18
202507010504,ワイド,4-7,1510,17
202507010504,ワイド,4-9,4170,49
202507010504,ワイド,7-9,17440,91
202507010504,馬単,4→7,7440,28
202507010504,三連複,4-7-9,87990,207
202507010504,三連単,4→7→9,273510,753
202507010505,単勝,2,590,3
202507010505,複勝,2,180,3
202507010505,複勝,4,130,1
202507010505,複勝,11,220,6
202507010505,枠連,1-2,850,2
202507010505,馬連,2-4,850,2
202507010505,ワイド,2-4,400,2
202507010505,ワイド,2-11,780,10
202507010505,ワイド,4-11,470,3
202507010505,馬単,2→4,2030,4
202507010505,三連複,2-4-11,2230,3
202507010505,三連単,2→4→11,11540,21
202507010506,単勝,8,400,1
202507010506,複勝,8,160,1
202507010506,複勝,13,200,4
202507010506,複勝,12,180,3
202507010506,枠連,4-7,1140,5
202507010506,馬連,8-13,1520,4
202507010506,ワイド,8-13,580,4
202507010506,ワイド,8-12,460,2
202507010506,ワイド,12-13,770,6
202507010506,馬単,8→13,2260,3
202507010506,三連複,8-12-13,3220,3
202507010506,三連単,8→13→12,19000,27
202507010507,単勝,8,1370,5
202507010507,複勝,8,360,5
202507010507,複勝,15,210,3
202507010507,複勝,7,270,4
202507010507,枠連,4-7,1330,6
202507010507,馬連,8-15,3860,11
202507010507,ワイド,8-15,1300,12
202507010507,ワイド,7-8,1400,13
202507010507,ワイド,7-15,1060,9
202507010507,馬単,8→15,8320,25
202507010507,三連複,7-8-15,12470,29
202507010507,三連単,8→15→7,61680,155
202507010508,単勝,14,390,1
202507010508,複勝,14,230,3
202507010508,複勝,2,360,5
202507010508,複勝,11,810,12
202507010508,枠連,1-7,1890,8
202507010508,馬連,2-14,3880,11
202507010508,ワイド,2-14,1730,17
202507010508,ワイド,11-14,2440,31
202507010508,ワイド,2-11,4590,52
202507010508,馬単,14→2,6030,20
202507010508,三連複,2-11-14,29900,100
202507010508,三連単,14→2→11,113950,373
202507010509,単勝,11,900,6
202507010509,複勝,11,240,5
202507010509,複勝,10,180,1
202507010509,複勝,6,200,3
202507010509,枠連,5-6,820,3
202507010509,馬連,10-11,1920,7
202507010509,ワイド,10-11,700,5
202507010509,ワイド,6-11,990,11
202507010509,ワイド,6-10,540,2
202507010509,馬単,11→10,4840,15
202507010509,三連複,6-10-11,4520,9
202507010509,三連単,11→10→6,36180,108
202507010510,単勝,10,230,1
202507010510,複勝,4,260,5
202507010510,複勝,5,630,9
202507010510,枠連,2-5,970,3
202507010510,馬連,4-10,1110,4
202507010510,ワイド,4-10,570,5
202507010510,ワイド,5-10,1220,16
202507010510,ワイド,4-5,2650,29
202507010510,馬単,10→4,1680,4
202507010510,三連複,4-5-10,8250,28
202507010510,三連単,10→4→5,23170,62
202507010511,単勝,4,470,3
202507010511,複勝,4,210,3
202507010511,複勝,15,890,11
202507010511,枠連,3-5,580,1
202507010511,馬連,4-8,950,2
202507010511,ワイド,4-8,490,3
202507010511,ワイド,4-15,5240,49
202507010511,ワイド,8-15,3780,42
202507010511,馬単,4→8,1790,4
202507010511,三連複,4-8-15,22830,72
202507010511,三連単,4→8→15,75000,240
202507010512,単勝,14,2320,9
202507010512,複勝,14,580,8
202507010512,複勝,6,200,1
202507010512,複勝,7,660,10
202507010512,枠連,4-8,2730,13
202507010512,馬連,6-14,4340,15
202507010512,ワイド,6-14,1790,20
202507010512,ワイド,7-14,7160,68
202507010512,ワイド,6-7,1980,23
202507010512,馬単,14→6,11570,42
202507010512,三連複,6-7-14,39150,132
202507010512,三連単,14→6→7,196330,619
202507010601,単勝,1,310,1
202507010601,複勝,1,130,1
202507010601,複勝,15,150,2
202507010601,複勝,3,600,11
202507010601,枠連,1-8,350,1
202507010601,馬連,1-15,670,1
202507010601,ワイド,1-15,320,1
202507010601,ワイド,1-3,1300,17
202507010601,ワイド,3-15,2310,26
202507010601,馬単,1→15,1360,1
202507010601,三連複,1-3-15,6550,20
202507010601,三連単,1→15→3,23680,70
202507010602,単勝,2,260,2
202507010602,複勝,2,100,2
202507010602,複勝,6,100,1
202507010602,複勝,3,190,5
202507010602,枠連,2-6,140,1
202507010602,馬連,2-6,140,1
202507010602,ワイド,2-6,110,1
202507010602,ワイド,2-3,160,2
202507010602,ワイド,3-6,320,5
202507010602,馬単,2→6,330,2
202507010602,三連複,2-3-6,600,3
202507010602,三連単,2→6→3,2210,7
202507010603,単勝,5,490,2
202507010603,複勝,5,240,3
202507010603,複勝,1,1670,12
202507010603,複勝,16,1010,8
202507010603,枠連,1-3,5830,22
202507010603,馬連,1-5,15590,36
202507010603,ワイド,1-5,3950,35
202507010603,ワイド,5-16,1870,18
202507010603,ワイド,1-16,19900,95
202507010603,馬単,5→1,25390,62
202507010603,三連複,1-5-16,102100,189
202507010603,三連単,5→1→16,459070,854
202507010604,単勝,10,1110,7
202507010604,複勝,10,400,8
202507010604,複勝,11,390,7
202507010604,複勝,7,1130,10
202507010604,枠連,5-6,1500,5
202507010604,馬連,10-11,4970,22
202507010604,ワイド,10-11,1820,22
202507010604,ワイド,7-10,7120,59
202507010604,ワイド,7-11,7220,60
202507010604,馬単,10→11,9380,41
202507010604,三連複,7-10-11,72290,181
202507010604,三連単,10→11→7,387310,993
202507010605,単勝,15,530,3
202507010605,複勝,15,200,3
202507010605,複勝,6,450,7
202507010605,複勝,16,320,5
202507010605,枠連,3-7,740,2
202507010605,馬連,6-15,5710,26
202507010605,ワイド,6-15,1760,23
202507010605,ワイド,15-16,1010,11
202507010605,ワイド,6-16,2200,34
202507010605,馬単,15→6,9340,35
202507010605,三連複,6-15-16,12360,42
202507010605,三連単,15→6→16,81790,295
202507010606,単勝,5,550,3
202507010606,複勝,5,190,4
202507010606,複勝,6,110,1
202507010606,複勝,4,190,3
202507010606,枠連,3-3,710,2
202507010606,馬連,5-6,760,2
202507010606,ワイド,5-6,370,4
202507010606,ワイド,4-5,1240,13
202507010606,ワイド,4-6,340,3
202507010606,馬単,5→6,1570,6
202507010606,三連複,4-5-6,2470,6
202507010606,三連単,5→6→4,12160,36
202507010607,単勝,1,230,1
202507010607,複勝,1,120,1
202507010607,複勝,2,200,5
202507010607,複勝,6,120,2
202507010607,枠連,1-2,800,2
202507010607,馬連,1-2,780,2
202507010607,ワイド,1-2,320,2
202507010607,ワイド,1-6,170,1
202507010607,ワイド,2-6,480,7
202507010607,馬単,1→2,1220,3
202507010607,三連複,1-2-6,740,1
202507010607,三連単,1→2→6,3940,6
202507010608,単勝,2,380,2
202507010608,複勝,2,170,2
202507010608,複勝,15,240,4
202507010608,複勝,4,180,3
202507010608,枠連,1-8,1570,7
202507010608,馬連,2-15,2050,5
202507010608,ワイド,2-15,790,5
202507010608,ワイド,2-4,400,1
202507010608,ワイド,4-15,1090,12
202507010608,馬単,2→15,3930,10
202507010608,三連複,2-4-15,2980,5
202507010608,三連単,2→15→4,20480,35
202507010609,単勝,11,300,1
202507010609,複勝,11,160,1
202507010609,複勝,15,1980,14
202507010609,複勝,14,500,8
202507010609,枠連,6-8,6090,17
202507010609,馬連,11-15,20360,44
202507010609,ワイド,11-15,6510,52
202507010609,ワイド,11-14,1200,13
202507010609,ワイド,14-15,14370,77
202507010609,馬単,11→15,29190,75
202507010609,三連複,11-14-15,87140,176
202507010609,三連単,11→15→14,414430,868
202507010610,単勝,8,340,2
202507010610,複勝,8,150,1
202507010610,複勝,1,610,9
202507010610,複勝,11,210,4
202507010610,枠連,1-6,5960,19
202507010610,馬連,1-8,5800,19
202507010610,ワイド,1-8,1820,22
202507010610,ワイド,8-11,390,3
202507010610,ワイド,1-11,2640,28
202507010610,馬単,8→1,9270,31
202507010610,三連複,1-8-11,9560,34
202507010610,三連単,8→1→11,57560,194
202507010611,単勝,5,770,3
202507010611,複勝,5,210,3
202507010611,複勝,16,130,1
202507010611,複勝,1,830,13
202507010611,枠連,3-8,460,1
202507010611,馬連,5-16,900,2
202507010611,ワイド,5-16,420,2
202507010611,ワイド,1-5,4540,48
202507010611,ワイド,1-16,2100,24
202507010611,馬単,5→16,2460,7
202507010611,三連複,1-5-16,13290,43
202507010611,三連単,5→16→1,67260,206
202507010612,単勝,2,370,2
202507010612,複勝,2,150,2
202507010612,複勝,3,350,8
202507010612,枠連,2-4,470,2
202507010612,馬連,2-5,520,1
202507010612,ワイド,2-5,240,1
202507010612,ワイド,2-3,1000,18
202507010612,ワイド,3-5,940,17
202507010612,馬単,2→5,950,1
202507010612,三連複,2-3-5,3160,11
202507010612,三連単,2→5→3,13870,43
202507010701,単勝,2,390,2
202507010701,複勝,2,180,2
202507010701,複勝,11,350,7
202507010701,複勝,15,300,6
202507010701,枠連,1-6,2680,12
202507010701,馬連,2-11,3230,13
202507010701,ワイド,2-11,1200,14
202507010701,ワイド,2-15,810,8
202507010701,ワイド,11-15,2570,28
202507010701,馬単,2→11,5010,18
202507010701,三連複,2-11-15,9550,34
202507010701,三連単,2→11→15,49290,162
202507010702,単勝,5,520,3
202507010702,複勝,5,180,2
202507010702,複勝,7,330,5
202507010702,複勝,2,250,4
202507010702,枠連,4-5,1290,7
202507010702,馬連,5-7,3290,11
202507010702,ワイド,5-7,530,4
202507010702,ワイド,2-5,640,5
202507010702,ワイド,2-7,1550,19
202507010702,馬単,5→7,5360,20
202507010702,三連複,2-5-7,7650,23
202507010702,三連単,5→7→2,44360,137
202507010703,単勝,10,500,2
202507010703,複勝,4,260,7
202507010703,複勝,13,140,1
202507010703,枠連,2-5,2210,10
202507010703,馬連,4-10,2970,9
202507010703,ワイド,4-10,830,8
202507010703,ワイド,10-13,410,1
202507010703,ワイド,4-13,710,5
202507010703,馬単,10→4,5520,16
202507010703,三連複,4-10-13,3140,3
202507010703,三連単,10→4→13,23450,49
202507010704,単勝,2,250,2
202507010704,複勝,2,110,2
202507010704,複勝,7,110,1
202507010704,複勝,8,170,4
202507010704,枠連,2-7,150,1
202507010704,馬連,2-7,170,1
202507010704,ワイド,2-7,110,1
202507010704,ワイド,2-8,350,6
202507010704,ワイド,7-8,410,7
202507010704,馬単,2→7,440,2
202507010704,三連複,2-7-8,670,4
202507010704,三連単,2→7→8,2310,8
202507010705,単勝,7,510,3
202507010705,複勝,7,190,3
202507010705,複勝,11,780,10
202507010705,複勝,5,150,1
202507010705,枠連,4-6,2730,10
202507010705,馬連,7-11,7430,18
202507010705,ワイド,7-11,1250,10
202507010705,ワイド,5-7,390,2
202507010705,ワイド,5-11,1800,17
202507010705,馬単,7→11,11120,27
202507010705,三連複,5-7-11,8210,17
202507010705,三連単,7→11→5,57130,148
202507010706,単勝,1,940,4
202507010706,複勝,1,270,4
202507010706,複勝,8,620,7
202507010706,枠連,1-7,6200,21
202507010706,馬連,1-8,10140,24
202507010706,ワイド,1-8,3140,27
202507010706,ワイド,1-2,1150,14
202507010706,ワイド,2-8,2710,24
202507010706,馬単,1→8,17480,44
202507010706,三連複,1-2-8,27880,65
202507010706,三連単,1→8→2,190570,382
202507010707,単勝,3,530,3
202507010707,複勝,3,140,4
202507010707,複勝,1,120,2
202507010707,枠連,3-6,550,3
202507010707,馬連,3-6,580,3
202507010707,ワイド,3-6,210,3
202507010707,ワイド,1-3,380,5
202507010707,ワイド,1-6,200,1
202507010707,馬単,3→6,1440,5
202507010707,三連複,1-3-6,810,3
202507010707,三連単,3→6→1,4680,11
202507010708,単勝,6,260,1
202507010708,複勝,6,150,1
202507010708,複勝,1,1020,10
202507010708,複勝,11,580,8
202507010708,枠連,1-3,1400,6
202507010708,馬連,1-6,6220,22
202507010708,ワイド,1-6,1820,21
202507010708,ワイド,6-11,1160,14
202507010708,ワイド,1-11,11970,66
202507010708,馬単,6→1,9620,33
202507010708,三連複,1-6-11,37310,98
202507010708,三連単,6→1→11,137420,393
202507010709,単勝,10,310,2
202507010709,複勝,10,150,2
202507010709,複勝,11,190,3
202507010709,複勝,7,220,5
202507010709,枠連,8-8,1140,4
202507010709,馬連,10-11,1310,7
202507010709,ワイド,10-11,430,4
202507010709,ワイド,7-10,520,7
202507010709,ワイド,7-11,590,8
202507010709,馬単,10→11,1820,6
202507010709,三連複,7-10-11,2260,8
202507010709,三連単,10→11→7,8170,20
202507010710,複勝,1,480,11
202507010710,複勝,4,220,3
202507010710,枠連,1-1,1560,7
202507010710,馬連,1-2,1560,5
202507010710,ワイド,1-2,760,6
202507010710,ワイド,2-4,380,2
202507010710,ワイド,1-4,2210,26
202507010710,馬単,2→1,2070,6
202507010710,三連複,1-2-4,4530,12
202507010710,三連単,2→1→4,14070,29
202507010711,単勝,8,720,4
202507010711,複勝,8,280,5
202507010711,複勝,14,190,2
202507010711,複勝,1,350,7
202507010711,枠連,4-7,500,1
202507010711,馬連,8-14,2170,6
202507010711,ワイド,8-14,850,7
202507010711,ワイド,1-8,1390,18
202507010711,ワイド,1-14,1170,14
202507010711,馬単,8→14,4690,18
202507010711,三連複,1-8-14,9140,30
202507010711,三連単,8→14→1,44500,134
202507010712,単勝,14,1200,6
202507010712,複勝,14,330,6
202507010712,複勝,8,700,9
202507010712,複勝,9,210,2
202507010712,枠連,4-7,1600,6
202507010712,馬連,8-14,16650,41
202507010712,ワイド,8-14,3410,39
202507010712,ワイド,9-14,680,6
202507010712,ワイド,8-9,1820,21
202507010712,馬単,14→8,31200,82
202507010712,三連複,8-9-14,16150,57
202507010712,三連単,14→8→9,145280,451
202507010801,単勝,1,120,1
202507010801,複勝,1,110,1
202507010801,複勝,4,200,3
202507010801,複勝,13,260,4
202507010801,枠連,1-2,360,2
202507010801,馬連,1-4,540,2
202507010801,ワイド,1-4,280,2
202507010801,ワイド,1-13,380,3
202507010801,ワイド,4-13,2010,20
202507010801,馬単,1→4,640,2
202507010801,三連複,1-4-13,2370,7
202507010801,三連単,1→4→13,5980,15
202507010802,単勝,10,440,2
202507010802,複勝,10,370,2
202507010802,複勝,12,420,3
202507010802,複勝,13,1300,6
202507010802,枠連,5-6,1640,5
202507010802,馬連,10-12,900,3
202507010802,ワイド,10-12,290,3
202507010802,ワイド,10-13,1160,10
202507010802,ワイド,12-13,1130,9
202507010802,馬単,10→12,2020,8
202507010802,三連複,10-12-13,4960,14
202507010802,三連単,10→12→13,24770,67
202507010803,単勝,6,250,1
202507010803,複勝,3,200,3
202507010803,複勝,2,610,8
202507010803,枠連,2-3,430,2
202507010803,馬連,3-6,700,2
202507010803,ワイド,3-6,370,2
202507010803,ワイド,2-6,1630,19
202507010803,ワイド,2-3,2230,25
202507010803,馬単,6→3,1330,3
202507010803,三連複,2-3-6,7550,21
202507010803,三連単,6→3→2,25730,78
202507010804,単勝,5,450,1
202507010804,複勝,5,180,1
202507010804,複勝,10,200,3
202507010804,複勝,2,270,5
202507010804,枠連,3-5,660,1
202507010804,馬連,5-10,1720,3
202507010804,ワイド,5-10,670,3
202507010804,ワイド,2-5,780,6
202507010804,ワイド,2-10,1240,15
202507010804,馬単,5→10,3080,2
202507010804,三連複,2-5-10,5370,7
202507010804,三連単,5→10→2,22620,26
202507010805,複勝,6,120,1
202507010805,複勝,14,140,2
202507010805,枠連,3-7,620,3
202507010805,馬連,6-14,580,1
202507010805,ワイド,6-14,260,1
202507010805,ワイド,6-9,530,4
202507010805,ワイド,9-14,640,8
202507010805,馬単,6→14,1190,2
202507010805,三連複,6-9-14,2260,3
202507010805,三連単,6→14→9,8000,9
202507010806,単勝,1,430,2
202507010806,複勝,1,190,3
202507010806,複勝,15,170,2
202507010806,複勝,10,260,4
202507010806,枠連,1-8,870,3
202507010806,馬連,1-15,1350,3
202507010806,ワイド,1-15,710,4
202507010806,ワイド,1-10,750,6
202507010806,ワイド,10-15,980,9
202507010806,馬単,1→15,2200,4
202507010806,三連複,1-10-15,4780,10
202507010806,三連単,1→15→10,19650,34
202507010807,単勝,3,340,2
202507010807,複勝,3,140,3
202507010807,複勝,14,120,1
202507010807,複勝,4,130,2
202507010807,枠連,2-8,390,2
202507010807,馬連,3-14,400,1
202507010807,ワイド,3-14,230,1
202507010807,ワイド,3-4,290,3
202507010807,ワイド,4-14,250,2
202507010807,馬単,3→14,960,3
202507010807,三連複,3-4-14,720,1
202507010807,三連単,3→14→4,3510,3
202507010808,単勝,8,330,1
202507010808,複勝,2,210,5
202507010808,枠連,1-4,960,2
202507010808,馬連,2-8,890,2
202507010808,ワイド,2-8,370,2
202507010808,ワイド,8-11,460,4
202507010808,ワイド,2-11,820,11
202507010808,馬単,8→2,1630,3
202507010808,三連複,2-8-11,2040,3
202507010808,三連単,8→2→11,8800,9
202507010809,単勝,9,230,1
202507010809,複勝,10,130,2
202507010809,複勝,2,180,4
202507010809,枠連,8-8,380,1
202507010809,馬連,9-10,440,1
202507010809,ワイド,9-10,210,1
202507010809,ワイド,2-9,340,3
202507010809,ワイド,2-10,430,5
202507010809,馬単,9→10,580,1
202507010809,三連複,2-9-10,980,2
202507010809,三連単,9→10→2,3180,3
202507010810,単勝,13,190,1
202507010810,複勝,13,120,1
202507010810,複勝,11,800,9
202507010810,複勝,1,190,4
202507010810,枠連,7-8,1650,6
202507010810,馬連,11-13,3470,12
202507010810,ワイド,11-13,1450,14
202507010810,ワイド,1-11,3930,37
202507010810,馬単,13→11,5820,20
202507010810,三連複,1-11-13,8360,25
202507010810,三連単,13→11→1,39810,110
202507010811,単勝,4,210,1
202507010811,複勝,4,120,1
202507010811,複勝,9,150,2
202507010811,複勝,3,180,4
202507010811,枠連,3-6,320,1
202507010811,馬連,4-9,580,1
202507010811,ワイド,4-9,270,1
202507010811,ワイド,3-4,430,3
202507010811,ワイド,3-9,550,5
202507010811,馬単,4→9,860,1
202507010811,三連複,3-4-9,1550,2
202507010811,三連単,4→9→3,3950,3
202507010812,単勝,1,170,1
202507010812,複勝,5,220,5
202507010812,複勝,11,230,6
202507010812,枠連,1-5,1030,5
202507010812,馬連,1-5,960,5
202507010812,ワイド,1-5,370,3
202507010812,ワイド,1-11,420,5
202507010812,ワイド,5-11,1460,17
202507010812,馬単,1→5,1410,5
202507010812,三連複,1-5-11,2790,10
202507010812,三連単,1→5→11,7230,24
202507010901,単勝,2,470,2
202507010901,複勝,2,240,2
202507010901,複勝,6,310,3
202507010901,複勝,4,1870,9
202507010901,枠連,2-6,1830,8
202507010901,馬連,2-6,1430,5
202507010901,ワイド,2-6,520,6
202507010901,ワイド,2-4,2380,23
202507010901,ワイド,4-6,2740,25
202507010901,馬単,2→6,2820,11
202507010901,三連複,2-4-6,16050,39
202507010901,三連単,2→6→4,55030,137
202507010902,単勝,3,220,1
202507010902,複勝,3,120,1
202507010902,複勝,11,960,11
202507010902,枠連,2-3,660,2
202507010902,馬連,3-5,780,1
202507010902,ワイド,3-5,300,1
202507010902,ワイド,3-11,3010,33
202507010902,ワイド,5-11,4980,51
202507010902,馬単,3→5,1070,1
202507010902,三連複,3-5-11,13530,48
202507010902,三連単,3→5→11,35720,106
202507010903,単勝,1,210,1
202507010903,複勝,1,150,1
202507010903,複勝,6,510,7
202507010903,複勝,11,310,6
202507010903,枠連,1-6,510,1
202507010903,馬連,1-6,2470,11
202507010903,ワイド,1-6,1090,15
202507010903,ワイド,1-11,660,9
202507010903,ワイド,6-11,2280,25
202507010903,馬単,1→6,3190,12
202507010903,三連複,1-6-11,7890,30
202507010903,三連単,1→6→11,22260,82
202507010904,単勝,7,2190,6
202507010904,複勝,7,250,6
202507010904,複勝,1,130,2
202507010904,馬連,1-7,3670,12
202507010904,ワイド,1-7,780,12
202507010904,ワイド,3-7,710,10
202507010904,ワイド,1-3,180,1
202507010904,馬単,7→1,9050,25
202507010904,三連複,1-3-7,2070,9
202507010904,三連単,7→1→3,27700,89
202507010905,単勝,10,1880,7
202507010905,複勝,10,450,8
202507010905,複勝,12,230,4
202507010905,複勝,5,190,2
202507010905,枠連,5-6,1530,8
202507010905,馬連,10-12,5290,23
202507010905,ワイド,10-12,1920,24
202507010905,ワイド,5-10,1490,20
202507010905,ワイド,5-12,710,4
202507010905,馬単,10→12,12400,46
202507010905,三連複,5-10-12,8760,31
202507010905,三連単,10→12→5,89010,297
202507010906,単勝,8,500,2
202507010906,複勝,8,160,2
202507010906,複勝,2,130,1
202507010906,複勝,1,170,3
202507010906,枠連,1-4,610,2
202507010906,馬連,2-8,1120,3
202507010906,ワイド,2-8,390,2
202507010906,ワイド,1-8,780,7
202507010906,ワイド,1-2,310,1
202507010906,馬単,8→2,2440,5
202507010906,三連複,1-2-8,2250,4
202507010906,三連単,8→2→1,10850,12
202507010907,単勝,3,380,2
202507010907,複勝,3,160,2
202507010907,複勝,14,170,3
202507010907,複勝,6,880,9
202507010907,枠連,2-7,700,3
202507010907,馬連,3-14,1150,5
202507010907,ワイド,3-14,390,4
202507010907,ワイド,3-6,2050,20
202507010907,ワイド,6-14,3850,30
202507010907,馬単,3→14,2290,9
202507010907,三連複,3-6-14,13530,37
202507010907,三連単,3→14→6,48990,127
202507010908,単勝,8,150,1
202507010908,複勝,8,110,1
202507010908,複勝,5,130,2
202507010908,複勝,2,200,4
202507010908,枠連,4-6,270,1
202507010908,馬連,5-8,300,1
202507010908,ワイド,5-8,150,1
202507010908,ワイド,2-8,320,3
202507010908,ワイド,2-5,610,9
202507010908,馬単,8→5,430,1
202507010908,三連複,2-5-8,980,2
202507010908,三連単,8→5→2,2180,2
202507010909,単勝,4,250,1
202507010909,複勝,5,120,3
202507010909,複勝,9,110,2
202507010909,枠連,4-5,490,2
202507010909,馬連,4-5,470,2
202507010909,ワイド,4-5,170,2
202507010909,ワイド,4-9,160,1
202507010909,ワイド,5-9,200,3
202507010909,馬単,4→5,840,3
202507010909,三連複,4-5-9,360,1
202507010909,三連単,4→5→9,1770,2
202507010910,単勝,5,1240,5
202507010910,複勝,5,310,6
202507010910,複勝,11,130,1
202507010910,枠連,1-4,5620,20
202507010910,馬連,1-5,6310,23
202507010910,ワイド,1-5,1860,24
202507010910,ワイド,5-11,740,6
202507010910,ワイド,1-11,370,2
202507010910,馬単,5→1,13430,48
202507010910,三連複,1-5-11,4020,13
202507010910,三連単,5→1→11,43670,144
202507010911,単勝,1,970,5
202507010911,複勝,1,250,5
202507010911,複勝,3,160,3
202507010911,枠連,1-5,740,4
202507010911,馬連,1-9,1080,3
202507010911,ワイド,1-9,440,3
202507010911,ワイド,1-3,600,8
202507010911,ワイド,3-9,270,1
202507010911,馬単,1→9,3160,12
202507010911,三連複,1-3-9,1240,2
202507010911,三連単,1→9→3,10680,22
202507010912,単勝,8,640,4
202507010912,複勝,8,200,4
202507010912,複勝,2,150,1
202507010912,複勝,4,250,5
202507010912,枠連,2-6,1480,6
202507010912,馬連,2-8,1380,4
202507010912,ワイド,2-8,520,4
202507010912,ワイド,4-8,1220,14
202507010912,ワイド,2-4,580,5
202507010912,馬単,8→2,3230,9
202507010912,三連複,2-4-8,3730,9
202507010912,三連単,8→2→4,21500,56
202507020101,単勝,2,220,1
202507020101,複勝,10,4360,15
202507020101,複勝,1,1020,9
202507020101,枠連,1-5,10400,18
202507020101,馬連,2-10,36850,56
202507020101,ワイド,2-10,10940,63
202507020101,ワイド,1-2,2580,24
202507020101,ワイド,1-10,96960,115
202507020101,馬単,2→10,36010,73
202507020101,三連複,1-2-10,514640,333
202507020101,三連単,2→10→1,1474760,1463
202507020102,単勝,4,350,1
202507020102,複勝,4,150,1
202507020102,複勝,6,230,3
202507020102,枠連,2-5,1430,3
202507020102,馬連,4-10,3550,16
202507020102,ワイド,4-10,1230,15
202507020102,ワイド,4-6,580,3
202507020102,ワイド,6-10,2780,35
202507020102,馬単,4→10,5130,22
202507020102,三連複,4-6-10,8100,38
202507020102,三連単,4→10→6,53640,233
202507020103,単勝,12,290,2
202507020103,複勝,12,110,2
202507020103,複勝,9,140,3
202507020103,枠連,6-6,230,1
202507020103,馬連,11-12,210,1
202507020103,ワイド,11-12,130,1
202507020103,ワイド,9-12,270,3
202507020103,ワイド,9-11,230,2
202507020103,馬単,12→11,610,2
202507020103,三連複,9-11-12,330,1
202507020103,三連単,12→11→9,2000,3
202507020104,単勝,8,120,1
202507020104,複勝,5,300,6
202507020104,枠連,1-5,990,4
202507020104,馬連,1-8,610,3
202507020104,ワイド,1-8,380,4
202507020104,ワイド,5-8,460,5
202507020104,ワイド,1-5,1750,16
202507020104,馬単,8→1,950,4
202507020104,三連複,1-5-8,3370,12
202507020104,三連単,8→1→5,7030,20
202507020105,単勝,11,460,3
202507020105,複勝,11,150,2
202507020105,複勝,12,120,1
202507020105,複勝,2,220,4
202507020105,枠連,6-6,580,2
202507020105,馬連,11-12,600,1
202507020105,ワイド,11-12,240,1
202507020105,ワイド,2-11,970,10
202507020105,ワイド,2-12,640,4
202507020105,馬単,11→12,1230,3
202507020105,三連複,2-11-12,2120,2
202507020105,三連単,11→12→2,9740,12
202507020106,単勝,1,400,1
202507020106,複勝,7,460,7
202507020106,複勝,13,430,6
202507020106,枠連,1-5,870,3
202507020106,馬連,1-7,3130,11
202507020106,ワイド,1-7,790,8
202507020106,ワイド,1-13,1470,14
202507020106,ワイド,7-13,4510,51
202507020106,馬単,1→7,5310,20
202507020106,三連複,1-7-13,16850,62
202507020106,三連単,1→7→13,78530,298
202507020107,複勝,5,230,3
202507020107,複勝,15,320,5
202507020107,複勝,7,660,9
202507020107,枠連,3-8,1100,3
202507020107,馬連,5-15,3270,11
202507020107,ワイド,5-15,1140,13
202507020107,ワイド,5-7,2060,24
202507020107,ワイド,7-15,4090,41
202507020107,馬単,5→15,4820,16
202507020107,三連複,5-7-15,25260,81
202507020107,三連単,5→15→7,97340,334
202507020108,単勝,9,290,2
202507020108,複勝,9,160,1
202507020108,複勝,11,300,4
202507020108,複勝,14,420,6
202507020108,枠連,5-6,940,3
202507020108,馬連,9-11,1210,4
202507020108,ワイド,9-11,530,4
202507020108,ワイド,9-14,1480,14
202507020108,ワイド,11-14,3920,34
202507020108,馬単,9→11,1710,5
202507020108,三連複,9-11-14,12390,33
202507020108,三連単,9→11→14,41770,118
202507020109,複勝,3,130,1
202507020109,複勝,9,160,2
202507020109,複勝,16,1810,15
202507020109,枠連,2-5,410,1
202507020109,馬連,3-9,520,1
202507020109,ワイド,3-9,290,1
202507020109,ワイド,3-16,7290,56
202507020109,ワイド,9-16,12530,75
202507020109,馬単,3→9,1010,2
202507020109,三連複,3-9-16,32490,88
202507020109,三連単,3→9→16,81750,226
202507020110,単勝,5,240,1
202507020110,複勝,5,130,1
202507020110,複勝,11,280,5
202507020110,複勝,2,510,9
202507020110,枠連,4-7,1510,6
202507020110,馬連,5-11,1530,5
202507020110,ワイド,5-11,580,6
202507020110,ワイド,2-5,1090,13
202507020110,ワイド,2-11,2220,31
202507020110,馬単,5→11,2210,6
202507020110,三連複,2-5-11,8550,32
202507020110,三連単,5→11→2,34080,115
202507020111,単勝,14,430,2
202507020111,複勝,14,130,2
202507020111,複勝,5,130,4
202507020111,複勝,12,160,5
202507020111,枠連,4-7,1060,4
202507020111,馬連,7-14,1110,1
202507020111,ワイド,7-14,280,2
202507020111,ワイド,5-14,280,1
202507020111,ワイド,12-14,330,6
202507020111,ワイド,5-7,320,5
202507020111,ワイド,7-12,370,7
202507020111,馬単,14→7,2130,3
202507020111,三連複,5-7-14,920,1
202507020111,三連複,7-12-14,1090,3
202507020111,三連単,14→7→5,4440,2
202507020111,三連単,14→7→12,6090,18
202507020112,単勝,15,530,2
202507020112,複勝,15,190,2
202507020112,複勝,6,160,1
202507020112,複勝,13,210,4
202507020112,枠連,3-7,610,2
202507020112,馬連,6-15,1360,2
202507020112,ワイド,6-15,490,1
202507020112,ワイド,13-15,730,4
202507020112,ワイド,6-13,770,6
202507020112,馬単,15→6,2920,4
202507020112,三連複,6-13-15,3490,4
202507020112,三連単,15→6→13,17980,18
202507020201,単勝,16,570,3
202507020201,複勝,16,170,3
202507020201,複勝,1,220,5
202507020201,枠連,3-8,620,2
202507020201,馬連,6-16,590,2
202507020201,ワイド,6-16,280,2
202507020201,ワイド,1-16,720,9
202507020201,ワイド,1-6,490,6
202507020201,馬単,16→6,1430,5
202507020201,三連複,1-6-16,1640,5
202507020201,三連単,16→6→1,7980,20
202507020202,単勝,1,290,2
202507020202,複勝,1,220,2
202507020202,複勝,8,290,3
202507020202,複勝,13,1100,6
202507020202,枠連,1-6,590,3
202507020202,馬連,1-8,580,3
202507020202,ワイド,1-8,240,3
202507020202,ワイド,1-13,1330,11
202507020202,ワイド,8-13,1630,17
202507020202,馬単,1→8,980,4
202507020202,三連複,1-8-13,6980,19
202507020202,三連単,1→8→13,16600,42
202507020203,単勝,2,1290,6
202507020203,複勝,2,500,9
202507020203,複勝,3,220,3
202507020203,複勝,1,460,8
202507020203,枠連,1-2,3020,13
202507020203,馬連,2-3,5030,20
202507020203,ワイド,2-3,1930,22
202507020203,ワイド,1-2,3260,33
202507020203,ワイド,1-3,1280,15
202507020203,馬単,2→3,11340,43
202507020203,三連複,1-2-3,18530,61
202507020203,三連単,2→3→1,129890,409
202507020204,単勝,2,260,1
202507020204,複勝,9,180,4
202507020204,複勝,4,150,2
202507020204,枠連,1-5,770,3
202507020204,馬連,2-9,780,3
202507020204,ワイド,2-9,320,3
202507020204,ワイド,2-4,280,2
202507020204,ワイド,4-9,500,6
202507020204,馬単,2→9,1410,5
202507020204,三連複,2-4-9,1100,3
202507020204,三連単,2→9→4,5130,11
202507020205,単勝,15,830,5
202507020205,複勝,15,250,5
202507020205,複勝,17,340,6
202507020205,複勝,13,130,1
202507020205,枠連,7-8,810,4
202507020205,馬連,15-17,6780,19
202507020205,ワイド,15-17,2600,30
202507020205,ワイド,13-15,580,4
202507020205,ワイド,13-17,890,7
202507020205,馬単,15→17,13040,41
202507020205,三連複,13-15-17,6140,18
202507020205,三連単,15→17→13,44690,121
202507020206,単勝,3,170,1
202507020206,複勝,9,160,4
202507020206,複勝,10,120,2
202507020206,枠連,3-8,210,1
202507020206,馬連,3-9,760,3
202507020206,ワイド,3-9,280,3
202507020206,ワイド,3-10,170,1
202507020206,ワイド,9-10,460,6
202507020206,馬単,3→9,1010,4
202507020206,三連複,3-9-10,710,2
202507020206,三連単,3→9→10,2790,5
202507020207,単勝,1,860,5
202507020207,複勝,1,330,5
202507020207,複勝,8,450,7
202507020207,複勝,7,410,6
202507020207,枠連,1-4,1490,6
202507020207,馬連,1-8,6410,24
202507020207,ワイド,1-8,2410,35
202507020207,ワイド,1-7,2420,36
202507020207,ワイド,7-8,2260,30
202507020207,馬単,1→8,8510,33
202507020207,三連複,1-7-8,29060,109
202507020207,三連単,1→8→7,99730,373
202507020208,単勝,9,150,1
202507020208,複勝,6,230,4
202507020208,複勝,11,210,3
202507020208,枠連,4-6,560,3
202507020208,馬連,6-9,720,3
202507020208,ワイド,6-9,350,3
202507020208,ワイド,9-11,300,2
202507020208,ワイド,6-11,1170,13
202507020208,馬単,9→6,990,3
202507020208,三連複,6-9-11,1840,2
202507020208,三連単,9→6→11,5100,6
202507020209,単勝,8,500,3
202507020209,複勝,8,210,4
202507020209,複勝,4,190,2
202507020209,複勝,6,440,7
202507020209,枠連,4-6,840,3
202507020209,馬連,4-8,790,2
202507020209,ワイド,4-8,450,3
202507020209,ワイド,6-8,1520,22
202507020209,ワイド,4-6,1180,13
202507020209,馬単,8→4,1850,6
202507020209,三連複,4-6-8,7540,24
202507020209,三連単,8→4→6,35610,104
202507020210,単勝,3,300,2
202507020210,複勝,11,490,9
202507020210,複勝,1,250,4
202507020210,枠連,3-8,3610,16
202507020210,馬連,3-11,4220,15
202507020210,ワイド,3-11,1090,12
202507020210,ワイド,1-3,620,5
202507020210,ワイド,1-11,2640,32
202507020210,馬単,3→11,4940,18
202507020210,三連複,1-3-11,10820,39
202507020210,三連単,3→11→1,39980,134
202507020211,単勝,6,820,4
202507020211,複勝,4,400,7
202507020211,枠連,2-6,1280,6
202507020211,馬連,2-6,1180,4
202507020211,ワイド,2-6,500,4
202507020211,ワイド,4-6,1840,23
202507020211,ワイド,2-4,740,8
202507020211,馬単,6→2,3040,11
202507020211,三連複,2-4-6,4470,18
202507020211,三連単,6→2→4,28480,101
202507020212,単勝,3,720,4
202507020212,複勝,3,230,5
202507020212,複勝,8,170,1
202507020212,複勝,9,190,3
202507020212,枠連,2-4,1060,5
202507020212,馬連,3-8,2090,6
202507020212,ワイド,3-8,750,6
202507020212,ワイド,3-9,940,15
202507020212,ワイド,8-9,520,2
202507020212,馬単,3→8,3550,8
202507020212,三連複,3-8-9,4140,7
202507020212,三連単,3→8→9,25020,61
202507020301,複勝,2,130,2
202507020301,複勝,5,150,3
202507020301,枠連,2-3,300,1
202507020301,馬連,2-3,420,1
202507020301,ワイド,2-3,200,1
202507020301,ワイド,3-5,310,2
202507020301,ワイド,2-5,380,3
202507020301,馬単,3→2,740,1
202507020301,三連複,2-3-5,800,1
202507020301,三連単,3→2→5,2330,1
202507020302,単勝,16,210,1
202507020302,複勝,8,630,8
202507020302,複勝,10,330,5
202507020302,枠連,4-8,4320,15
202507020302,馬連,8-16,4030,15
202507020302,ワイド,8-16,1470,18
202507020302,ワイド,10-16,580,4
202507020302,ワイド,8-10,4110,38
202507020302,馬単,16→8,5600,18
202507020302,三連複,8-10-16,10040,33
202507020302,三連単,16→8→10,44340,133
202507020303,単勝,6,2280,6
202507020303,複勝,6,380,7
202507020303,枠連,3-5,490,2
202507020303,馬連,3-6,5770,14
202507020303,ワイド,3-6,1810,17
202507020303,ワイド,5-6,860,12
202507020303,ワイド,3-5,280,3
202507020303,馬単,6→3,14560,38
202507020303,三連複,3-5-6,3340,12
202507020303,三連単,6→3→5,43780,131
202507020304,単勝,8,2180,6
202507020304,複勝,8,270,6
202507020304,枠連,2-4,2440,9
202507020304,馬連,4-8,3440,13
202507020304,ワイド,4-8,880,11
202507020304,ワイド,8-11,690,7
202507020304,ワイド,4-11,180,1
202507020304,馬単,8→4,8850,28
202507020304,三連複,4-8-11,1800,4
202507020304,三連単,8→4→11,24540,75
202507020305,単勝,1,1600,4
202507020305,複勝,1,280,4
202507020305,複勝,7,400,5
202507020305,複勝,2,160,3
202507020305,枠連,1-4,330,1
202507020305,馬連,1-7,14120,28
202507020305,ワイド,1-7,3450,27
202507020305,ワイド,1-2,570,4
202507020305,ワイド,2-7,730,5
202507020305,馬単,1→7,23180,51
202507020305,三連複,1-2-7,10570,25
202507020305,三連単,1→7→2,105160,233
202507020306,単勝,8,140,1
202507020306,複勝,3,310,7
202507020306,複勝,11,250,5
202507020306,枠連,3-6,1320,5
202507020306,馬連,3-8,1150,6
202507020306,ワイド,3-8,410,6
202507020306,ワイド,8-11,340,3
202507020306,ワイド,3-11,2120,25
202507020306,馬単,8→3,1450,7
202507020306,三連複,3-8-11,2460,10
202507020306,三連単,8→3→11,7690,24
202507020307,単勝,9,310,1
202507020307,複勝,11,300,5
202507020307,複勝,14,1110,14
202507020307,枠連,5-6,1050,4
202507020307,馬連,9-11,2390,6
202507020307,ワイド,9-11,740,4
202507020307,ワイド,9-14,2910,37
202507020307,ワイド,11-14,9120,79
202507020307,馬単,9→11,3860,9
202507020307,三連複,9-11-14,28810,109
202507020307,三連単,9→11→14,86810,275
202507020308,単勝,12,650,4
202507020308,複勝,12,200,5
202507020308,複勝,8,180,3
202507020308,枠連,5-7,1320,4
202507020308,馬連,8-12,2490,9
202507020308,ワイド,8-12,940,10
202507020308,ワイド,5-12,670,5
202507020308,ワイド,5-8,530,3
202507020308,馬単,12→8,5960,22
202507020308,三連複,5-8-12,3850,8
202507020308,三連単,12→8→5,28430,83
202507020309,単勝,8,10070,12
202507020309,複勝,8,1810,12
202507020309,複勝,6,560,5
202507020309,複勝,12,710,9
202507020309,枠連,3-4,2610,11
202507020309,馬連,6-8,47570,67
202507020309,ワイド,6-8,11990,70
202507020309,ワイド,8-12,17190,78
202507020309,ワイド,6-12,6060,52
202507020309,馬単,8→6,158480,157
202507020309,三連複,6-8-12,386090,368
202507020309,三連単,8→6→12,4125900,2643
202507020310,単勝,9,480,3
202507020310,複勝,9,230,3
202507020310,複勝,5,270,4
202507020310,複勝,12,580,7
202507020310,枠連,3-5,1120,5
202507020310,馬連,5-9,1660,7
202507020310,ワイド,5-9,650,8
202507020310,ワイド,9-12,1590,16
202507020310,ワイド,5-12,2670,25
202507020310,馬単,9→5,3310,14
202507020310,三連複,5-9-12,11670,36
202507020310,三連単,9→5→12,43690,131
202507020311,単勝,6,630,3
202507020311,複勝,6,260,3
202507020311,複勝,18,320,4
202507020311,複勝,14,1410,13
202507020311,枠連,3-8,2120,10
202507020311,馬連,6-18,2450,5
202507020311,ワイド,6-18,990,7
202507020311,ワイド,6-14,4600,54
202507020311,ワイド,14-18,5940,60
202507020311,馬単,6→18,4330,8
202507020311,三連複,6-14-18,36940,132
202507020311,三連単,6→18→14,147530,568
202507020312,単勝,16,540,3
202507020312,複勝,16,210,1
202507020312,複勝,4,460,8
202507020312,複勝,8,610,10
202507020312,枠連,2-8,930,4
202507020312,馬連,4-16,5030,26
202507020312,ワイド,4-16,1850,25
202507020312,ワイド,8-16,1710,23
202507020312,ワイド,4-8,4790,51
202507020312,馬単,16→4,8170,35
202507020312,三連複,4-8-16,26320,107
202507020312,三連単,16→4→8,126660,517
202507020401,単勝,9,200,1
202507020401,複勝,9,140,1
202507020401,複勝,11,330,5
202507020401,複勝,3,880,11
202507020401,枠連,5-6,830,2
202507020401,馬連,9-11,1140,4
202507020401,ワイド,9-11,450,3
202507020401,ワイド,3-9,2330,20
202507020401,ワイド,3-11,7470,52
202507020401,馬単,9→11,1820,4
202507020401,三連複,3-9-11,16500,50
202507020401,三連単,9→11→3,40790,114
202507020402,単勝,13,750,3
202507020402,複勝,13,130,3
202507020402,複勝,10,110,2
202507020402,枠連,2-8,450,2
202507020402,馬連,2-13,350,2
202507020402,ワイド,2-13,160,2
202507020402,ワイド,10-13,290,4
202507020402,ワイド,2-10,130,1
202507020402,馬単,13→2,1320,5
202507020402,三連複,2-10-13,340,1
202507020402,三連単,13→2→10,3200,7
202507020403,単勝,14,1600,8
202507020403,複勝,14,560,9
202507020403,複勝,3,310,3
202507020403,複勝,8,520,8
202507020403,枠連,2-7,7220,24
202507020403,馬連,3-14,11310,36
202507020403,ワイド,3-14,3300,38
202507020403,ワイド,8-14,3660,42
202507020403,ワイド,3-8,2620,33
202507020403,馬単,14→3,19530,70
202507020403,三連複,3-8-14,42950,122
202507020403,三連単,14→3→8,173450,551
202507020404,単勝,14,2040,9
202507020404,複勝,14,410,7
202507020404,複勝,6,190,2
202507020404,複勝,4,370,6
202507020404,枠連,3-7,2780,11
202507020404,馬連,6-14,3990,17
202507020404,ワイド,6-14,1340,18
202507020404,ワイド,4-14,3320,34
202507020404,ワイド,4-6,1060,11
202507020404,馬単,14→6,10550,43
202507020404,三連複,4-6-14,16420,58
202507020404,三連単,14→6→4,129140,411
202507020405,単勝,17,500,3
202507020405,枠連,4-8,840,3
202507020405,馬連,8-17,1100,2
202507020405,ワイド,8-17,540,5
202507020405,ワイド,5-17,490,3
202507020405,ワイド,5-8,410,1
202507020405,馬単,17→8,2680,7
202507020405,三連複,5-8-17,1750,1
202507020405,三連単,17→8→5,8450,2
202507020406,単勝,4,1130,5
202507020406,複勝,4,320,5
202507020406,複勝,16,290,4
202507020406,枠連,2-8,2550,8
202507020406,馬連,4-16,6100,20
202507020406,ワイド,4-16,1670,19
202507020406,ワイド,4-14,1890,22
202507020406,ワイド,14-16,1930,24
202507020406,馬単,4→16,11260,31
202507020406,三連複,4-14-16,23070,68
202507020406,三連単,4→16→14,117140,336
202507020407,単勝,12,1530,6
202507020407,複勝,12,450,7
202507020407,複勝,1,340,6
202507020407,枠連,6-7,2200,11
202507020407,馬連,12-13,2460,10
202507020407,ワイド,12-13,1030,12
202507020407,ワイド,1-12,2810,32
202507020407,ワイド,1-13,840,9
202507020407,馬単,12→13,4650,17
202507020407,三連複,1-12-13,9000,33
202507020407,三連単,12→13→1,61700,198
202507020408,複勝,14,180,3
202507020408,複勝,13,170,2
202507020408,複勝,6,360,7
202507020408,枠連,7-7,920,4
202507020408,馬連,13-14,950,2
202507020408,ワイド,13-14,440,2
202507020408,ワイド,6-14,1280,17
202507020408,ワイド,6-13,1250,14
202507020408,馬単,14→13,1910,3
202507020408,三連複,6-13-14,5750,18
202507020408,三連単,14→13→6,20600,59
202507020409,単勝,9,680,5
202507020409,複勝,9,160,3
202507020409,複勝,7,180,5
202507020409,複勝,8,130,1
202507020409,枠連,7-8,470,2
202507020409,馬連,7-9,2400,10
202507020409,ワイド,7-9,710,10
202507020409,ワイド,8-9,270,1
202507020409,ワイド,7-8,370,5
202507020409,馬単,9→7,3780,20
202507020409,三連複,7-8-9,1760,6
202507020409,三連単,9→7→8,15380,47
202507020410,単勝,4,550,3
202507020410,複勝,9,190,4
202507020410,複勝,14,180,1
202507020410,枠連,2-5,950,3
202507020410,馬連,4-9,1490,1
202507020410,ワイド,4-9,640,2
202507020410,ワイド,4-14,670,4
202507020410,ワイド,9-14,630,1
202507020410,馬単,4→9,2980,2
202507020410,三連複,4-9-14,3940,6
202507020410,三連単,4→9→14,19260,17
202507020411,単勝,16,2550,10
202507020411,複勝,16,510,10
202507020411,複勝,6,270,3
202507020411,複勝,9,180,1
202507020411,枠連,3-8,2240,11
202507020411,馬連,6-16,9330,38
202507020411,ワイド,6-16,1780,20
202507020411,ワイド,9-16,2070,27
202507020411,ワイド,6-9,840,3
202507020411,馬単,16→6,20950,83
202507020411,三連複,6-9-16,14770,50
202507020411,三連単,16→6→9,135440,470
202507020412,単勝,14,330,1
202507020412,複勝,14,160,1
202507020412,複勝,18,650,10
202507020412,複勝,11,270,3
202507020412,枠連,7-8,850,2
202507020412,馬連,14-18,4750,12
202507020412,ワイド,14-18,1710,15
202507020412,ワイド,11-14,650,2
202507020412,ワイド,11-18,3390,41
202507020412,馬単,14→18,7930,23
202507020412,三連複,11-14-18,13720,35
202507020412,三連単,14→18→11,67050,154
202507020501,単勝,16,180,1
202507020501,複勝,8,180,4
202507020501,枠連,4-8,530,2
202507020501,馬連,8-16,750,3
202507020501,ワイド,8-16,290,3
202507020501,ワイド,1-16,190,1
202507020501,ワイド,1-8,490,5
202507020501,馬単,16→8,1080,3
202507020501,三連複,1-8-16,840,2
202507020501,三連単,16→8→1,3110,4
202507020502,単勝,7,570,4
202507020502,複勝,7,180,4
202507020502,複勝,5,150,2
202507020502,枠連,4-5,550,2
202507020502,馬連,5-7,1130,6
202507020502,ワイド,5-7,420,5
202507020502,ワイド,7-13,380,3
202507020502,ワイド,5-13,360,1
202507020502,馬単,7→5,2520,9
202507020502,三連複,5-7-13,1690,3
202507020502,三連単,7→5→13,9430,17
202507020503,単勝,11,400,2
202507020503,複勝,11,150,1
202507020503,複勝,1,280,6
202507020503,複勝,3,250,4
202507020503,枠連,1-6,1310,4
202507020503,馬連,1-11,1330,5
202507020503,ワイド,1-11,560,5
202507020503,ワイド,3-11,480,3
202507020503,ワイド,1-3,1130,14
202507020503,馬単,11→1,2320,9
202507020503,三連複,1-3-11,3010,7
202507020503,三連単,11→1→3,11530,22
202507020504,複勝,9,260,4
202507020504,枠連,2-4,820,2
202507020504,馬連,2-4,1190,3
202507020504,ワイド,2-4,410,3
202507020504,ワイド,2-9,650,7
202507020504,ワイド,4-9,1720,23
202507020504,馬単,2→4,1980,5
202507020504,三連複,2-4-9,4790,16
202507020504,三連単,2→4→9,18760,55
202507020505,単勝,11,250,1
202507020505,複勝,11,140,1
202507020505,複勝,1,410,7
202507020505,複勝,18,220,5
202507020505,枠連,1-6,860,4
202507020505,馬連,1-11,4070,13
202507020505,ワイド,1-11,830,10
202507020505,ワイド,11-18,350,1
202507020505,ワイド,1-18,2530,28
202507020505,馬単,11→1,5200,23
202507020505,三連複,1-11-18,6090,19
202507020505,三連単,11→1→18,35440,101
202507020506,単勝,7,810,6
202507020506,複勝,7,320,6
202507020506,複勝,2,2490,12
202507020506,複勝,4,980,9
202507020506,枠連,2-4,2830,12
202507020506,馬連,2-7,60390,55
202507020506,ワイド,2-7,14240,58
202507020506,ワイド,4-7,4150,34
202507020506,ワイド,2-4,23540,68
202507020506,馬単,7→2,69350,98
202507020506,三連複,2-4-7,291450,227
202507020506,三連単,7→2→4,1545570,1218
202507020507,単勝,1,670,2
202507020507,複勝,1,140,2
202507020507,複勝,2,220,5
202507020507,複勝,10,110,1
202507020507,枠連,1-2,5710,12
202507020507,馬連,1-2,6720,15
202507020507,ワイド,1-2,1190,14
202507020507,ワイド,1-10,250,1
202507020507,ワイド,2-10,390,5
202507020507,馬単,1→2,12440,30
202507020507,三連複,1-2-10,1800,4
202507020507,三連単,1→2→10,27690,84
202507020508,単勝,15,10300,14
202507020508,複勝,15,1150,11
202507020508,複勝,13,350,5
202507020508,複勝,16,660,7
202507020508,枠連,7-8,5590,18
202507020508,馬連,13-15,16500,39
202507020508,ワイド,13-15,4630,40
202507020508,ワイド,15-16,20310,85
202507020508,ワイド,13-16,3830,34
202507020508,馬単,15→13,58560,112
202507020508,三連複,13-15-16,183290,270
202507020508,三連単,15→13→16,2257750,2019
202507020509,単勝,5,470,1
202507020509,複勝,5,240,2
202507020509,複勝,8,1050,12
202507020509,複勝,10,490,8
202507020509,枠連,4-6,1280,3
202507020509,馬連,5-8,12340,49
202507020509,ワイド,5-8,3560,51
202507020509,ワイド,5-10,1800,26
202507020509,ワイド,8-10,6420,64
202507020509,馬単,5→8,17950,91
202507020509,三連複,5-8-10,45650,170
202507020509,三連単,5→8→10,214970,901
202507020510,単勝,3,290,1
202507020510,複勝,8,410,7
202507020510,複勝,1,150,3
202507020510,枠連,3-8,1630,8
202507020510,馬連,3-8,4020,12
202507020510,ワイド,3-8,880,11
202507020510,ワイド,1-3,290,3
202507020510,ワイド,1-8,1290,15
202507020510,馬単,3→8,5850,18
202507020510,三連複,1-3-8,3820,13
202507020510,三連単,3→8→1,25060,87
202507020511,単勝,9,390,3
202507020511,複勝,2,140,1
202507020511,複勝,6,280,6
202507020511,枠連,2-7,380,1
202507020511,馬連,2-9,840,2
202507020511,ワイド,2-9,370,2
202507020511,ワイド,6-9,600,9
202507020511,ワイド,2-6,730,11
202507020511,馬単,9→2,1610,2
202507020511,三連複,2-6-9,2190,5
202507020511,三連単,9→2→6,8080,11
202507020512,複勝,14,140,3
202507020512,複勝,12,130,2
202507020512,枠連,6-7,580,1
202507020512,馬連,12-14,610,1
202507020512,ワイド,12-14,270,1
202507020512,ワイド,9-14,300,2
202507020512,ワイド,9-12,350,3
202507020512,馬単,14→12,1150,1
202507020512,三連複,9-12-14,880,1
202507020512,三連単,14→12→9,3850,1
202507020601,単勝,5,420,2
202507020601,複勝,5,220,4
202507020601,複勝,11,230,5
202507020601,複勝,7,440,7
202507020601,枠連,5-8,1510,10
202507020601,馬連,5-11,1610,8
202507020601,ワイド,5-11,770,12
202507020601,ワイド,5-7,1710,21
202507020601,ワイド,7-11,1490,18
202507020601,馬単,5→11,3100,13
202507020601,三連複,5-7-11,9710,32
202507020601,三連単,5→11→7,36230,142
202507020602,複勝,8,200,5
202507020602,枠連,4-5,1560,6
202507020602,馬連,8-10,1740,6
202507020602,ワイド,8-10,570,6
202507020602,ワイド,4-10,310,2
202507020602,ワイド,4-8,380,3
202507020602,馬単,10→8,1780,7
202507020602,三連複,4-8-10,1820,5
202507020602,三連単,10→8→4,13470,34
202507020603,単勝,6,790,5
202507020603,複勝,6,260,5
202507020603,複勝,8,220,4
202507020603,複勝,7,450,8
202507020603,枠連,5-6,1880,10
202507020603,馬連,6-8,2680,10
202507020603,ワイド,6-8,910,11
202507020603,ワイド,6-7,2190,29
202507020603,ワイド,7-8,1590,22
202507020603,馬単,6→8,3740,17
202507020603,三連複,6-7-8,12790,47
202507020603,三連単,6→8→7,55100,202
202507020604,単勝,13,650,3
202507020604,複勝,13,210,3
202507020604,複勝,1,240,5
202507020604,複勝,8,120,2
202507020604,枠連,1-8,3500,11
202507020604,馬連,1-13,3020,10
202507020604,ワイド,1-13,780,10
202507020604,ワイド,8-13,240,2
202507020604,ワイド,1-8,380,5
202507020604,馬単,13→1,7620,23
202507020604,三連複,1-8-13,1970,6
202507020604,三連単,13→1→8,21950,67
202507020605,単勝,11,1730,6
202507020605,複勝,12,220,4
202507020605,枠連,6-6,3860,12
202507020605,馬連,11-12,4450,15
202507020605,ワイド,11-12,1080,14
202507020605,ワイド,11-13,870,9
202507020605,ワイド,12-13,500,4
202507020605,馬単,11→12,9730,35
202507020605,三連複,11-12-13,4240,12
202507020605,三連単,11→12→13,32050,103
202507020606,単勝,8,400,2
202507020606,複勝,8,190,4
202507020606,複勝,7,240,6
202507020606,枠連,6-6,1570,8
202507020606,馬連,7-8,2180,10
202507020606,ワイド,7-8,730,10
202507020606,ワイド,3-8,560,7
202507020606,ワイド,3-7,970,13
202507020606,馬単,8→7,3150,13
202507020606,三連複,3-7-8,3710,13
202507020606,三連単,8→7→3,15550,54
202507020607,単勝,8,320,3
202507020607,複勝,8,170,3
202507020607,複勝,1,350,5
202507020607,枠連,3-8,590,3
202507020607,馬連,3-8,580,3
202507020607,ワイド,3-8,230,3
202507020607,ワイド,1-8,770,9
202507020607,ワイド,1-3,730,8
202507020607,馬単,8→3,1220,6
202507020607,三連複,1-3-8,2320,8
202507020607,三連単,8→3→1,8690,23
202507020608,単勝,7,260,2
202507020608,複勝,7,140,1
202507020608,複勝,3,140,2
202507020608,馬連,3-7,300,1
202507020608,ワイド,3-7,140,2
202507020608,ワイド,6-7,120,1
202507020608,ワイド,3-6,150,3
202507020608,馬単,7→3,620,3
202507020608,三連複,3-6-7,260,1
202507020608,三連単,7→3→6,1390,3
202507020609,単勝,3,3360,8
202507020609,複勝,3,430,7
202507020609,複勝,11,200,4
202507020609,複勝,5,160,1
202507020609,枠連,3-7,1210,5
202507020609,馬連,3-11,6780,22
202507020609,ワイド,3-11,1760,23
202507020609,ワイド,3-5,1250,15
202507020609,ワイド,5-11,440,5
202507020609,馬単,3→11,18170,45
202507020609,三連複,3-5-11,7410,30
202507020609,三連単,3→11→5,91430,274
202507020610,単勝,7,240,1
202507020610,複勝,8,250,5
202507020610,枠連,2-4,1020,3
202507020610,馬連,4-7,1110,3
202507020610,ワイド,4-7,510,3
202507020610,ワイド,7-8,760,7
202507020610,ワイド,4-8,1130,14
202507020610,馬単,7→4,1420,3
202507020610,三連複,4-7-8,4610,13
202507020610,三連単,7→4→8,13050,22
202507020611,単勝,10,380,2
202507020611,複勝,14,140,1
202507020611,複勝,15,330,6
202507020611,枠連,5-7,570,1
202507020611,馬連,10-14,820,1
202507020611,ワイド,10-14,360,1
202507020611,ワイド,10-15,1150,12
202507020611,ワイド,14-15,860,10
202507020611,馬単,10→14,1460,1
202507020611,三連複,10-14-15,2900,6
202507020611,三連単,10→14→15,11080,16
202507020612,単勝,6,300,1
202507020612,複勝,12,240,6
202507020612,枠連,3-6,510,2
202507020612,馬連,6-11,580,1
202507020612,ワイド,6-11,290,1
202507020612,ワイド,6-12,530,5
202507020612,ワイド,11-12,760,11
202507020612,馬単,6→11,1250,3
202507020612,三連複,6-11-12,2040,6
202507020612,三連単,6→11→12,7390,14
202507030101,単勝,1,1180,3
202507030101,複勝,1,690,4
202507030101,複勝,2,2430,8
202507030101,複勝,12,570,3
202507030101,枠連,1-2,10320,24
202507030101,馬連,1-2,11000,24
202507030101,ワイド,1-2,3840,33
202507030101,ワイド,1-12,1550,15
202507030101,ワイド,2-12,3750,32
202507030101,馬単,1→2,24730,51
202507030101,三連複,1-2-12,36010,74
202507030101,三連単,1→2→12,261310,411
202507030102,単勝,6,2630,7
202507030102,複勝,6,800,8
202507030102,複勝,14,220,3
202507030102,枠連,3-7,7720,19
202507030102,馬連,6-14,9280,24
202507030102,ワイド,6-14,2980,27
202507030102,ワイド,1-6,3040,28
202507030102,ワイド,1-14,630,7
202507030102,馬単,6→14,24450,64
202507030102,三連複,1-6-14,17100,49
202507030102,三連単,6→14→1,167470,394
202507030103,単勝,6,210,2
202507030103,複勝,6,110,2
202507030103,馬連,3-6,170,1
202507030103,ワイド,3-6,130,1
202507030103,ワイド,4-6,560,7
202507030103,ワイド,3-4,610,8
202507030103,馬単,6→3,350,2
202507030103,三連複,3-4-6,1190,5
202507030103,三連単,6→3→4,3180,10
202507030104,単勝,8,220,1
202507030104,複勝,8,120,1
202507030104,複勝,4,330,8
202507030104,枠連,2-7,510,1
202507030104,馬連,2-8,440,1
202507030104,ワイド,2-8,210,1
202507030104,ワイド,4-8,750,10
202507030104,ワイド,2-4,890,13
202507030104,馬単,8→2,820,1
202507030104,三連複,2-4-8,2020,6
202507030104,三連単,8→2→4,5570,7
202507030105,単勝,4,570,2
202507030105,複勝,4,200,2
202507030105,複勝,5,270,6
202507030105,複勝,3,220,4
202507030105,枠連,2-3,1130,3
202507030105,馬連,4-5,2310,8
202507030105,ワイド,4-5,790,6
202507030105,ワイド,3-4,520,2
202507030105,ワイド,3-5,850,7
202507030105,馬単,4→5,4230,12
202507030105,三連複,3-4-5,3860,5
202507030105,三連単,4→5→3,21110,27
202507030106,単勝,15,1330,7
202507030106,複勝,15,480,9
202507030106,複勝,10,420,6
202507030106,複勝,12,420,7
202507030106,枠連,5-8,1660,8
202507030106,馬連,10-15,8420,33
202507030106,ワイド,10-15,2620,34
202507030106,ワイド,12-15,2490,31
202507030106,ワイド,10-12,2260,29
202507030106,馬単,15→10,15710,65
202507030106,三連複,10-12-15,30410,109
202507030106,三連単,15→10→12,177630,625
202507030107,単勝,8,620,4
202507030107,複勝,9,220,5
202507030107,複勝,3,150,2
202507030107,枠連,7-8,280,1
202507030107,馬連,8-9,2940,12
202507030107,ワイド,8-9,930,12
202507030107,ワイド,3-8,560,8
202507030107,ワイド,3-9,560,7
202507030107,馬単,8→9,4840,21
202507030107,三連複,3-8-9,3610,13
202507030107,三連単,8→9→3,23310,86
202507030108,単勝,1,180,1
202507030108,複勝,7,210,3
202507030108,馬連,1-7,530,1
202507030108,ワイド,1-7,210,1
202507030108,ワイド,1-4,280,5
202507030108,ワイド,4-7,780,15
202507030108,馬単,1→7,700,1
202507030108,三連複,1-4-7,1340,10
202507030108,三連単,1→7→4,3930,14
202507030109,単勝,2,230,1
202507030109,複勝,7,340,6
202507030109,複勝,3,490,7
202507030109,馬連,2-7,1630,8
202507030109,ワイド,2-7,570,7
202507030109,ワイド,2-3,1010,14
202507030109,ワイド,3-7,2260,22
202507030109,馬単,2→7,2090,8
202507030109,三連複,2-3-7,7020,25
202507030109,三連単,2→7→3,20540,76
202507030110,単勝,10,2970,9
202507030110,複勝,10,590,10
202507030110,複勝,11,570,7
202507030110,複勝,8,140,1
202507030110,枠連,8-8,23280,28
202507030110,馬連,10-11,35060,53
202507030110,ワイド,10-11,8140,51
202507030110,ワイド,8-10,1210,15
202507030110,ワイド,8-11,1370,17
202507030110,馬単,10→11,70150,105
202507030110,三連複,8-10-11,26340,76
202507030110,三連単,10→11→8,313280,585
202507030111,単勝,9,610,3
202507030111,複勝,9,210,3
202507030111,複勝,11,250,4
202507030111,複勝,14,710,9
202507030111,枠連,6-7,810,4
202507030111,馬連,9-11,3060,11
202507030111,ワイド,9-11,940,10
202507030111,ワイド,9-14,2660,25
202507030111,ワイド,11-14,3040,28
202507030111,馬単,9→11,5780,20
202507030111,三連複,9-11-14,19820,55
202507030111,三連単,9→11→14,109520,307
202507030112,単勝,10,240,2
202507030112,枠連,5-8,200,1
202507030112,馬連,5-10,290,1
202507030112,ワイド,5-10,160,1
202507030112,ワイド,9-10,270,2
202507030112,ワイド,5-9,280,3
202507030112,馬単,10→5,510,1
202507030112,三連複,5-9-10,410,1
202507030112,三連単,10→5→9,1620,1
202507030201,単勝,14,190,1
202507030201,複勝,14,110,1
202507030201,複勝,8,440,8
202507030201,枠連,3-8,420,1
202507030201,馬連,4-14,430,1
202507030201,ワイド,4-14,220,1
202507030201,ワイド,8-14,1050,12
202507030201,ワイド,4-8,1630,19
202507030201,馬単,14→4,730,1
202507030201,三連複,4-8-14,3520,11
202507030201,三連単,14→4→8,9980,23
202507030202,単勝,3,720,5
202507030202,複勝,3,230,4
202507030202,複勝,14,510,8
202507030202,枠連,2-8,1970,9
202507030202,馬連,3-15,1850,7
202507030202,ワイド,3-15,670,6
202507030202,ワイド,3-14,2070,27
202507030202,ワイド,14-15,1450,17
202507030202,馬単,3→15,4060,16
202507030202,三連複,3-14-15,9560,34
202507030202,三連単,3→15→14,51750,169
202507030203,単勝,3,670,3
202507030203,複勝,6,160,2
202507030203,馬連,3-6,940,4
202507030203,ワイド,3-6,180,3
202507030203,ワイド,3-5,170,2
202507030203,ワイド,5-6,120,1
202507030203,馬単,3→6,1770,8
202507030203,三連複,3-5-6,320,1
202507030203,三連単,3→6→5,5200,19
202507030204,単勝,9,860,6
202507030204,複勝,9,250,6
202507030204,複勝,1,220,4
202507030204,複勝,3,160,1
202507030204,枠連,1-5,1440,7
202507030204,馬連,1-9,3510,15
202507030204,ワイド,1-9,1230,17
202507030204,ワイド,3-9,690,5
202507030204,ワイド,1-3,640,3
202507030204,馬単,9→1,7890,34
202507030204,三連複,1-3-9,5140,13
202507030204,三連単,9→1→3,36250,107
202507030205,単勝,7,400,2
202507030205,複勝,7,160,2
202507030205,複勝,9,390,7
202507030205,複勝,4,240,4
202507030205,枠連,4-5,4670,17
202507030205,馬連,7-9,4080,16
202507030205,ワイド,7-9,1280,13
202507030205,ワイド,4-7,640,3
202507030205,ワイド,4-9,1840,20
202507030205,馬単,7→9,6290,22
202507030205,三連複,4-7-9,11230,38
202507030205,三連単,7→9→4,64490,205
202507030206,単勝,3,270,2
202507030206,複勝,3,110,2
202507030206,複勝,2,160,4
202507030206,枠連,3-7,220,1
202507030206,馬連,3-7,240,1
202507030206,ワイド,3-7,150,1
202507030206,ワイド,2-3,350,6
202507030206,ワイド,2-7,320,3
202507030206,馬単,3→7,480,2
202507030206,三連複,2-3-7,610,2
202507030206,三連単,3→7→2,2160,5
202507030207,単勝,7,750,4
202507030207,複勝,8,190,3
202507030207,複勝,2,160,2
202507030207,枠連,4-4,3110,13
202507030207,馬連,7-8,2920,12
202507030207,ワイド,7-8,1100,13
202507030207,ワイド,2-7,790,6
202507030207,ワイド,2-8,500,3
202507030207,馬単,7→8,5610,22
202507030207,三連複,2-7-8,2970,4
202507030207,三連単,7→8→2,19390,34
202507030208,単勝,6,290,2
202507030208,複勝,6,170,2
202507030208,複勝,2,260,4
202507030208,馬連,2-6,930,5
202507030208,ワイド,2-6,250,5
202507030208,ワイド,4-6,160,1
202507030208,ワイド,2-4,240,4
202507030208,馬単,6→2,1510,8
202507030208,三連複,2-4-6,590,2
202507030208,三連単,6→2→4,3850,13
202507030209,単勝,5,440,3
202507030209,複勝,5,130,3
202507030209,枠連,5-6,1010,4
202507030209,馬連,5-6,1020,5
202507030209,ワイド,5-6,270,4
202507030209,ワイド,1-5,190,2
202507030209,ワイド,1-6,160,1
202507030209,馬単,5→6,1820,9
202507030209,三連複,1-5-6,480,1
202507030209,三連単,5→6→1,3940,13
202507030210,単勝,9,210,1
202507030210,複勝,11,890,10
202507030210,複勝,8,420,8
202507030210,枠連,7-8,710,3
202507030210,馬連,9-11,6770,24
202507030210,ワイド,9-11,2100,27
202507030210,ワイド,8-9,890,10
202507030210,ワイド,8-11,11570,53
202507030210,馬単,9→11,8180,32
202507030210,三連複,8-9-11,33470,87
202507030210,三連単,9→11→8,136630,397
202507030211,単勝,5,200,1
202507030211,複勝,1,180,3
202507030211,複勝,9,310,6
202507030211,枠連,1-5,690,3
202507030211,馬連,1-5,710,3
202507030211,ワイド,1-5,300,2
202507030211,ワイド,1-9,1300,14
202507030211,馬単,5→1,970,3
202507030211,三連複,1-5-9,3040,10
202507030211,三連単,5→1→9,7930,26
202507030212,単勝,3,690,3
202507030212,複勝,6,300,5
202507030212,複勝,4,180,2
202507030212,枠連,3-6,6040,18
202507030212,馬連,3-6,4310,16
202507030212,ワイド,3-6,1170,16
202507030212,ワイド,3-4,590,6
202507030212,ワイド,4-6,900,11
202507030212,馬単,3→6,8160,29
202507030212,三連複,3-4-6,6340,23
202507030212,三連単,3→6→4,47220,157
202507030701,単勝,5,340,2
202507030701,複勝,7,300,4
202507030701,複勝,8,950,8
202507030701,枠連,5-7,1370,5
202507030701,馬連,5-7,1460,5
202507030701,ワイド,5-7,570,5
202507030701,ワイド,5-8,2020,19
202507030701,ワイド,7-8,3570,25
202507030701,馬単,5→7,2640,8
202507030701,三連複,5-7-8,14100,35
202507030701,三連単,5→7→8,65560,160
202507030702,複勝,9,120,2
202507030702,複勝,5,190,5
202507030702,枠連,8-8,300,1
202507030702,馬連,9-10,330,1
202507030702,ワイド,9-10,170,1
202507030702,ワイド,5-10,360,4
202507030702,ワイド,5-9,460,5
202507030702,馬単,10→9,600,1
202507030702,三連複,5-9-10,1110,4
202507030702,三連単,10→9→5,3160,5
202507030703,単勝,16,1450,5
202507030703,複勝,16,410,5
202507030703,複勝,9,270,4
202507030703,枠連,4-8,1810,7
202507030703,馬連,7-16,2320,7
202507030703,ワイド,7-16,820,7
202507030703,ワイド,9-16,1390,13
202507030703,ワイド,7-9,540,5
202507030703,馬単,16→7,6850,18
202507030703,三連複,7-9-16,4770,11
202507030703,三連単,16→7→9,34750,87
202507030704,単勝,7,300,2
202507030704,複勝,4,170,4
202507030704,枠連,4-6,400,1
202507030704,馬連,7-12,400,1
202507030704,ワイド,7-12,200,1
202507030704,ワイド,4-7,360,4
202507030704,ワイド,4-12,420,5
202507030704,馬単,7→12,860,2
202507030704,三連複,4-7-12,890,2
202507030704,三連単,7→12→4,3240,3
202507030705,単勝,13,1160,6
202507030705,複勝,13,320,6
202507030705,複勝,3,460,7
202507030705,枠連,2-7,2830,13
202507030705,馬連,3-13,10000,30
202507030705,ワイド,3-13,2220,25
202507030705,ワイド,8-13,1210,13
202507030705,ワイド,3-8,1710,19
202507030705,馬単,13→3,21660,70
202507030705,三連複,3-8-13,23080,74
202507030705,三連単,13→3→8,160810,470
202507030706,単勝,6,170,1
202507030706,複勝,7,150,2
202507030706,枠連,5-5,410,2
202507030706,馬連,6-7,430,1
202507030706,ワイド,6-7,230,1
202507030706,ワイド,5-6,410,4
202507030706,ワイド,5-7,850,10
202507030706,馬単,6→7,570,1
202507030706,三連複,5-6-7,1490,3
202507030706,三連単,6→7→5,3390,4
202507030707,単勝,8,960,5
202507030707,複勝,8,240,5
202507030707,複勝,7,300,6
202507030707,枠連,5-8,740,3
202507030707,馬連,5-8,1050,4
202507030707,ワイド,5-8,490,5
202507030707,ワイド,7-8,1650,19
202507030707,ワイド,5-7,660,7
202507030707,馬単,8→5,2570,8
202507030707,三連複,5-7-8,4150,15
202507030707,三連単,8→5→7,24450,86
202507030708,単勝,8,380,2
202507030708,複勝,1,100,1
202507030708,複勝,4,160,5
202507030708,馬連,1-8,250,1
202507030708,ワイド,1-8,150,1
202507030708,ワイド,4-8,630,10
202507030708,ワイド,1-4,270,4
202507030708,馬単,8→1,690,3
202507030708,三連複,1-4-8,860,3
202507030708,三連単,8→1→4,4550,17
202507030709,複勝,3,130,2
202507030709,複勝,7,230,4
202507030709,枠連,2-5,400,1
202507030709,馬連,3-9,460,1
202507030709,ワイド,3-9,220,1
202507030709,ワイド,3-7,630,5
202507030709,ワイド,7-9,580,4
202507030709,馬単,3→9,1030,2
202507030709,三連複,3-7-9,1830,3
202507030709,三連単,3→9→7,6740,9
202507030710,単勝,1,280,2
202507030710,複勝,2,130,3
202507030710,馬連,1-8,690,2
202507030710,ワイド,1-8,240,2
202507030710,ワイド,1-2,230,1
202507030710,ワイド,2-8,250,3
202507030710,馬単,1→8,1670,6
202507030710,三連複,1-2-8,790,2
202507030710,三連単,1→8→2,4810,11
202507030711,単勝,6,350,1
202507030711,複勝,10,390,6
202507030711,枠連,3-5,1970,8
202507030711,馬連,6-10,4720,15
202507030711,ワイド,6-10,1370,13
202507030711,ワイド,6-15,330,1
202507030711,ワイド,10-15,1100,8
202507030711,馬単,6→10,7960,25
202507030711,三連複,6-10-15,5780,12
202507030711,三連単,6→10→15,44500,118
202507030712,単勝,6,380,2
202507030712,複勝,6,140,2
202507030712,枠連,6-8,520,2
202507030712,馬連,6-9,500,1
202507030712,ワイド,6-9,240,1
202507030712,ワイド,5-6,380,4
202507030712,ワイド,5-9,290,2
202507030712,馬単,6→9,1000,2
202507030712,三連複,5-6-9,930,1
202507030712,三連単,6→9→5,4040,3
202507030801,単勝,1,110,1
202507030801,馬連,1-6,120,1
202507030801,ワイド,1-6,100,1
202507030801,ワイド,1-2,190,3
202507030801,ワイド,2-6,280,5
202507030801,馬単,1→6,130,1
202507030801,三連複,1-2-6,270,1
202507030801,三連単,1→6→2,400,1
202507030802,単勝,9,380,2
202507030802,複勝,9,200,2
202507030802,複勝,1,500,7
202507030802,複勝,15,600,8
202507030802,枠連,1-5,2060,8
202507030802,馬連,1-9,3900,12
202507030802,ワイド,1-9,1160,12
202507030802,ワイド,9-15,1320,14
202507030802,ワイド,1-15,3330,33
202507030802,馬単,9→1,5860,18
202507030802,三連複,1-9-15,16480,46
202507030802,三連単,9→1→15,60710,181
202507030803,単勝,2,240,1
202507030803,複勝,3,150,4
202507030803,枠連,1-2,420,1
202507030803,馬連,1-2,380,1
202507030803,ワイド,1-2,180,1
202507030803,ワイド,2-3,240,2
202507030803,ワイド,1-3,340,4
202507030803,馬単,2→1,720,1
202507030803,三連複,1-2-3,620,1
202507030803,三連単,2→1→3,2140,1
202507030804,単勝,12,2370,8
202507030804,複勝,12,460,6
202507030804,複勝,7,570,7
202507030804,複勝,8,370,4
202507030804,枠連,5-8,12650,20
202507030804,馬連,7-12,21320,44
202507030804,ワイド,7-12,4720,41
202507030804,ワイド,8-12,2700,24
202507030804,ワイド,7-8,3460,33
202507030804,馬単,12→7,47490,88
202507030804,三連複,7-8-12,70370,123
202507030804,三連単,12→7→8,627710,842
202507030805,単勝,6,3760,10
202507030805,複勝,6,770,10
202507030805,複勝,13,1100,12
202507030805,複勝,2,320,6
202507030805,枠連,3-7,6850,23
202507030805,馬連,6-13,49730,74
202507030805,ワイド,6-13,8210,63
202507030805,ワイド,2-6,3510,43
202507030805,ワイド,2-13,3960,46
202507030805,馬単,6→13,96030,144
202507030805,三連複,2-6-13,106740,224
202507030805,三連単,6→13→2,647820,1255
202507030806,単勝,10,4000,9
202507030806,複勝,10,760,9
202507030806,複勝,14,290,6
202507030806,複勝,5,170,1
202507030806,枠連,5-7,3940,17
202507030806,馬連,10-14,17070,37
202507030806,ワイド,10-14,4350,38
202507030806,ワイド,5-10,2890,29
202507030806,ワイド,5-14,940,12
202507030806,馬単,10→14,39410,80
202507030806,三連複,5-10-14,27640,76
202507030806,三連単,10→14→5,328510,748
202507030807,単勝,1,870,5
202507030807,複勝,1,340,5
202507030807,複勝,5,830,8
202507030807,複勝,6,1110,10
202507030807,枠連,1-5,7390,20
202507030807,馬連,1-5,11300,27
202507030807,ワイド,1-5,3040,32
202507030807,ワイド,1-6,4320,41
202507030807,ワイド,5-6,10170,54
202507030807,馬単,1→5,20110,55
202507030807,三連複,1-5-6,90630,139
202507030807,三連単,1→5→6,367690,640
202507030808,単勝,6,110,1
202507030808,馬連,5-6,340,2
202507030808,ワイド,5-6,150,2
202507030808,ワイド,4-6,170,3
202507030808,ワイド,4-5,340,5
202507030808,馬単,6→5,470,3
202507030808,三連複,4-5-6,450,2
202507030808,三連単,6→5→4,1250,6
202507030809,単勝,3,1060,5
202507030809,複勝,16,160,2
202507030809,複勝,15,180,3
202507030809,枠連,2-8,1160,5
202507030809,馬連,3-16,1780,7
202507030809,ワイド,3-16,620,7
202507030809,ワイド,3-15,780,10
202507030809,ワイド,15-16,330,1
202507030809,馬単,3→16,4740,18
202507030809,三連複,3-15-16,2210,4
202507030809,三連単,3→16→15,18610,52
202507030810,単勝,7,300,1
202507030810,複勝,11,220,4
202507030810,複勝,9,310,5
202507030810,枠連,4-6,1270,4
202507030810,馬連,7-11,1640,5
202507030810,ワイド,7-11,630,5
202507030810,ワイド,7-9,1130,10
202507030810,ワイド,9-11,2090,27
202507030810,馬単,7→11,2810,6
202507030810,三連複,7-9-11,7840,25
202507030810,三連単,7→11→9,29400,75
202507030811,単勝,15,350,2
202507030811,複勝,15,130,2
202507030811,枠連,4-8,290,1
202507030811,馬連,6-15,310,1
202507030811,ワイド,6-15,170,1
202507030811,ワイド,2-15,430,4
202507030811,ワイド,2-6,330,2
202507030811,馬単,15→6,660,2
202507030811,三連複,2-6-15,700,1
202507030811,三連単,15→6→2,2860,2
202507030812,単勝,8,680,3
202507030812,複勝,8,220,2
202507030812,複勝,4,330,6
202507030812,複勝,10,250,4
202507030812,枠連,2-4,2060,10
202507030812,馬連,4-8,3020,11
202507030812,ワイド,4-8,970,11
202507030812,ワイド,8-10,790,6
202507030812,ワイド,4-10,840,7
202507030812,馬単,8→4,6650,26
202507030812,三連複,4-8-10,6460,13
202507030812,三連単,8→4→10,38160,89
202507040101,単勝,5,270,2
202507040101,複勝,1,880,5
202507040101,馬連,1-5,1810,7
202507040101,ワイド,1-5,350,7
202507040101,ワイド,2-5,120,1
202507040101,ワイド,1-2,280,6
202507040101,馬単,5→1,2330,11
202507040101,三連複,1-2-5,610,3
202507040101,三連単,5→1→2,5120,21
202507040102,単勝,2,2720,7
202507040102,複勝,2,950,7
202507040102,複勝,9,1320,8
202507040102,複勝,10,670,6
202507040102,枠連,1-5,2250,9
202507040102,馬連,2-9,38710,52
202507040102,ワイド,2-9,8310,54
202507040102,ワイド,2-10,4450,36
202507040102,ワイド,9-10,5030,39
202507040102,馬単,2→9,79970,104
202507040102,三連複,2-9-10,122240,179
202507040102,三連単,2→9→10,818630,1039
202507040103,単勝,4,320,2
202507040103,複勝,4,140,2
202507040103,複勝,8,150,4
202507040103,枠連,4-8,850,5
202507040103,馬連,4-8,900,5
202507040103,ワイド,4-8,320,6
202507040103,ワイド,3-4,210,1
202507040103,ワイド,3-8,210,4
202507040103,馬単,4→8,1430,7
202507040103,三連複,3-4-8,710,3
202507040103,三連単,4→8→3,4330,13
202507040104,単勝,12,560,2
202507040104,複勝,12,250,2
202507040104,複勝,2,560,8
202507040104,複勝,5,390,5
202507040104,枠連,1-6,3130,10
202507040104,馬連,2-12,4410,18
202507040104,ワイド,2-12,1860,21
202507040104,ワイド,5-12,1270,13
202507040104,ワイド,2-5,1720,19
202507040104,馬単,12→2,8230,30
202507040104,三連複,2-5-12,11590,40
202507040104,三連単,12→2→5,57930,186
202507040105,単勝,10,3350,8
202507040105,複勝,10,240,5
202507040105,複勝,4,120,2
202507040105,枠連,7-8,2100,8
202507040105,馬連,8-10,4190,12
202507040105,ワイド,8-10,860,9
202507040105,ワイド,4-10,1310,17
202507040105,ワイド,4-8,210,1
202507040105,馬単,10→8,11040,32
202507040105,三連複,4-8-10,3230,10
202507040105,三連単,10→8→4,47750,141
202507040106,単勝,4,1540,7
202507040106,複勝,4,310,7
202507040106,複勝,5,180,3
202507040106,枠連,4-8,2180,11
202507040106,馬連,4-11,2560,10
202507040106,ワイド,4-11,1070,15
202507040106,ワイド,4-5,1200,17
202507040106,ワイド,5-11,470,4
202507040106,馬単,4→11,7330,28
202507040106,三連複,4-5-11,4140,12
202507040106,三連単,4→11→5,30340,102
202507040107,単勝,12,580,3
202507040107,複勝,12,190,2
202507040107,複勝,3,510,7
202507040107,複勝,1,230,5
202507040107,枠連,2-6,830,3
202507040107,馬連,3-12,5500,18
202507040107,ワイド,3-12,1300,12
202507040107,ワイド,1-12,660,8
202507040107,ワイド,1-3,2160,26
202507040107,馬単,12→3,8280,25
202507040107,三連複,1-3-12,8580,29
202507040107,三連単,12→3→1,53390,160
202507040108,単勝,2,420,2
202507040108,複勝,7,190,4
202507040108,馬連,2-4,360,1
202507040108,ワイド,2-4,180,1
202507040108,ワイド,2-7,620,8
202507040108,ワイド,4-7,440,5
202507040108,馬単,2→4,860,3
202507040108,三連複,2-4-7,1320,5
202507040108,三連単,2→4→7,6200,20
202507040109,単勝,1,490,3
202507040109,複勝,5,980,6
202507040109,馬連,1-5,4730,13
202507040109,ワイド,1-5,980,13
202507040109,ワイド,1-2,310,3
202507040109,ワイド,2-5,890,11
202507040109,馬単,1→5,6840,23
202507040109,三連複,1-2-5,2750,12
202507040109,三連単,1→5→2,24040,80
202507040110,単勝,7,390,2
202507040110,複勝,13,170,3
202507040110,複勝,4,570,9
202507040110,枠連,5-8,340,1
202507040110,馬連,7-13,1030,3
202507040110,ワイド,7-13,490,4
202507040110,ワイド,4-7,1960,23
202507040110,ワイド,4-13,1740,21
202507040110,馬単,7→13,1830,5
202507040110,三連複,4-7-13,7100,24
202507040110,三連単,7→13→4,24690,92
202507040111,単勝,8,940,6
202507040111,複勝,8,320,5
202507040111,複勝,13,480,8
202507040111,複勝,12,320,6
202507040111,枠連,4-7,970,2
202507040111,馬連,8-13,9380,35
202507040111,ワイド,8-13,3450,41
202507040111,ワイド,8-12,1480,16
202507040111,ワイド,12-13,2810,33
202507040111,馬単,8→13,15990,58
202507040111,三連複,8-12-13,28690,104
202507040111,三連単,8→13→12,173930,577
202507040112,単勝,7,170,1
202507040112,複勝,3,420,5
202507040112,馬連,3-7,1140,4
202507040112,ワイド,3-7,450,6
202507040112,ワイド,6-7,400,3
202507040112,ワイド,3-6,1420,16
202507040112,馬単,7→3,1610,5
202507040112,三連複,3-6-7,2580,10
202507040112,三連単,7→3→6,11630,43
202507040201,単勝,1,530,2
202507040201,枠連,1-6,400,1
202507040201,馬連,1-6,2080,8
202507040201,ワイド,1-6,740,9
202507040201,ワイド,1-5,400,4
202507040201,ワイド,5-6,860,10
202507040201,馬単,1→6,3880,17
202507040201,三連複,1-5-6,3410,11
202507040201,三連単,1→6→5,20390,70
202507040202,単勝,3,610,3
202507040202,複勝,3,280,3
202507040202,複勝,15,2190,13
202507040202,複勝,13,300,4
202507040202,枠連,2-8,950,5
202507040202,馬連,3-15,43180,55
202507040202,ワイド,3-15,9410,55
202507040202,ワイド,3-13,930,10
202507040202,ワイド,13-15,10040,56
202507040202,馬単,3→15,79700,107
202507040202,三連複,3-13-15,69070,133
202507040202,三連単,3→15→13,555410,846
202507040203,単勝,2,740,5
202507040203,複勝,4,150,3
202507040203,馬連,2-7,1010,3
202507040203,ワイド,2-7,340,4
202507040203,ワイド,2-4,400,7
202507040203,ワイド,4-7,230,1
202507040203,馬単,2→7,2520,12
202507040203,三連複,2-4-7,1080,2
202507040203,三連単,2→7→4,9120,32
202507040204,単勝,3,14780,15
202507040204,複勝,3,2170,15
202507040204,枠連,2-6,4030,13
202507040204,馬連,3-12,38130,62
202507040204,ワイド,3-12,7790,58
202507040204,ワイド,1-3,8720,61
202507040204,ワイド,1-12,490,2
202507040204,馬単,3→12,93700,141
202507040204,三連複,1-3-12,57790,135
202507040204,三連単,3→12→1,793860,1220
202507040205,単勝,5,890,4
202507040205,複勝,5,560,3
202507040205,複勝,2,710,5
202507040205,馬連,2-5,2170,8
202507040205,ワイド,2-5,580,9
202507040205,ワイド,4-5,500,8
202507040205,ワイド,2-4,740,10
202507040205,馬単,5→2,5390,17
202507040205,三連複,2-4-5,2830,10
202507040205,三連単,5→2→4,20220,55
202507040206,複勝,2,170,1
202507040206,複勝,4,990,13
202507040206,枠連,1-8,540,1
202507040206,馬連,2-15,790,1
202507040206,ワイド,2-15,360,1
202507040206,ワイド,2-4,3800,41
202507040206,ワイド,4-15,2740,30
202507040206,馬単,2→15,1500,1
202507040206,三連複,2-4-15,10480,34
202507040206,三連単,2→15→4,45770,130
202507040207,単勝,6,1030,4
202507040207,馬連,6-7,440,3
202507040207,ワイド,6-7,180,3
202507040207,ワイド,1-6,430,6
202507040207,ワイド,1-7,160,1
202507040207,馬単,6→7,1480,7
202507040207,三連複,1-6-7,700,3
202507040207,三連単,6→7→1,6660,25
202507040208,単勝,9,700,3
202507040208,複勝,9,250,3
202507040208,複勝,4,550,7
202507040208,枠連,3-5,990,3
202507040208,馬連,5-9,1820,6
202507040208,ワイド,5-9,520,4
202507040208,ワイド,4-9,1580,16
202507040208,ワイド,4-5,2300,20
202507040208,馬単,9→5,4640,13
202507040208,三連複,4-5-9,15070,40
202507040208,三連単,9→5→4,64440,160
202507040209,単勝,10,190,1
202507040209,複勝,6,150,2
202507040209,複勝,8,150,3
202507040209,枠連,4-6,580,1
202507040209,馬連,6-10,630,1
202507040209,ワイド,6-10,300,2
202507040209,ワイド,8-10,290,1
202507040209,ワイド,6-8,660,7
202507040209,馬単,10→6,900,2
202507040209,三連複,6-8-10,1500,1
202507040209,三連単,10→6→8,3630,2
202507040210,単勝,15,1080,4
202507040210,複勝,15,250,4
202507040210,複勝,8,260,5
202507040210,複勝,16,150,1
202507040210,枠連,4-8,420,1
202507040210,馬連,8-15,5150,15
202507040210,ワイド,8-15,1430,15
202507040210,ワイド,15-16,570,4
202507040210,ワイド,8-16,640,6
202507040210,馬単,15→8,10350,36
202507040210,三連複,8-15-16,4880,12
202507040210,三連単,15→8→16,52770,162
202507040211,単勝,1,270,1
202507040211,複勝,5,330,6
202507040211,枠連,1-8,580,1
202507040211,馬連,1-9,780,4
202507040211,ワイド,1-9,350,4
202507040211,ワイド,1-5,980,11
202507040211,ワイド,5-9,1830,18
202507040211,馬単,1→9,1190,3
202507040211,三連複,1-5-9,5460,17
202507040211,三連単,1→9→5,16800,59
202507040212,単勝,7,790,4
202507040212,複勝,12,540,9
202507040212,枠連,5-7,430,1
202507040212,馬連,7-12,8230,22
202507040212,ワイド,7-12,1990,22
202507040212,ワイド,7-8,320,3
202507040212,ワイド,8-12,1300,13
202507040212,馬単,7→12,17250,47
202507040212,三連複,7-8-12,5510,18
202507040212,三連単,7→12→8,59020,173
