,race_id,f_course1,f_course2,f_course3,f_courseout,mf_course1,mf_course2,mf_course3,mf_courseout,f_mf_course1,f_mf_course2,f_mf_course3,f_mf_courseout,f_len1,f_len2,f_len3,f_lenout,mf_len1,mf_len2,mf_len3,mf_classout,f_mf_len1,f_mf_len2,f_mf_len3,f_mf_classout,f_class1,f_class2,f_class3,f_classout,mf_class1,mf_class2,mf_class3,mf_classout,f_mf_class1,f_mf_class2,f_mf_class3,f_mf_classout,time_df_course1,time_df_class1,ninki_1,result_1,time_df_course2,time_df_class2,ninki_2,result_2,time_df_course3,time_df_class3,ninki_3,result_3,waku,umaban
0,202504010105,38.0,28.0,35.0,250.0,47.0,33.0,36.0,388.0,5.0,4.0,3.0,28.0,4.0,3.0,4.0,48.0,4.0,5.0,5.0,56.0,0.0,0.0,0.0,2.0,0.0,1.0,1.0,12.0,2.0,2.0,2.0,16.0,0.0,0.0,0.0,2.0,0.004088178873549482,0.018928128872366792,12.0,8.0,,,,,,,,,8,16
1,202504010105,1.0,3.0,0.0,3.0,15.0,16.0,13.0,155.0,0.0,0.0,0.0,0.0,0.0,0.0,0.0,0.0,3.0,1.0,2.0,26.0,0.0,0.0,0.0,0.0,0.0,0.0,0.0,0.0,1.0,1.0,1.0,13.0,0.0,0.0,0.0,0.0,-0.005479878791311489,-0.010085348506401137,6.0,3.0,-0.012231973743186386,-0.005659699777346836,4.0,5.0,-0.007838306925704048,-0.005080960357342267,5.0,7.0,6,12
2,202504010105,8.0,12.0,8.0,114.0,6.0,8.0,6.0,80.0,0.0,0.0,1.0,4.0,0.0,2.0,0.0,25.0,1.0,0.0,2.0,11.0,0.0,0.0,0.0,1.0,0.0,2.0,0.0,13.0,1.0,0.0,1.0,5.0,0.0,0.0,0.0,1.0,-0.01945123228373944,-0.01308540900575869,1.0,6.0,0.007979227750791358,0.0199593607240132,3.0,4.0,0.007621622398941601,0.02288141592920354,7.0,3.0,6,11
3,202504010105,2.0,7.0,6.0,62.0,1.0,1.0,0.0,21.0,0.0,0.0,0.0,1.0,0.0,3.0,3.0,16.0,1.0,0.0,0.0,5.0,0.0,0.0,0.0,1.0,0.0,0.0,1.0,1.0,0.0,0.0,0.0,2.0,0.0,0.0,0.0,0.0,-0.020635609624476484,-0.009831346557867979,8.0,8.0,-0.02783372438279936,-0.004820964598895745,5.0,8.0,,,,,8,15
4,202504010105,5.0,10.0,11.0,70.0,1.0,1.0,3.0,26.0,0.0,0.0,0.0,1.0,3.0,2.0,3.0,14.0,0.0,1.0,1.0,4.0,0.0,0.0,0.0,0.0,1.0,1.0,2.0,8.0,0.0,1.0,0.0,0.0,0.0,0.0,0.0,0.0,,,,,,,,,,,,,1,1
5,202504010105,7.0,8.0,5.0,67.0,2.0,0.0,0.0,14.0,0.0,0.0,0.0,0.0,0.0,3.0,2.0,16.0,0.0,0.0,0.0,2.0,0.0,0.0,0.0,0.0,0.0,1.0,0.0,7.0,0.0,0.0,0.0,1.0,0.0,0.0,0.0,0.0,-0.04106824169286989,-0.02080099994791938,8.0,5.0,,,,,,,,,1,2
6,202504010105,4.0,5.0,7.0,41.0,1.0,1.0,2.0,12.0,0.0,0.0,0.0,0.0,0.0,0.0,0.0,4.0,0.0,1.0,0.0,2.0,0.0,0.0,0.0,0.0,0.0,0.0,0.0,3.0,0.0,1.0,0.0,2.0,0.0,0.0,0.0,0.0,-0.00989878114652075,-0.0018754950841060529,6.0,6.0,-0.02279354164853338,-7.446808510638298e-05,2.0,5.0,,,,,5,10
7,202504010105,4.0,4.0,6.0,83.0,0.0,0.0,0.0,1.0,0.0,0.0,0.0,0.0,2.0,0.0,2.0,10.0,0.0,0.0,0.0,0.0,0.0,0.0,0.0,0.0,1.0,0.0,1.0,4.0,0.0,0.0,0.0,0.0,0.0,0.0,0.0,0.0,-0.007247266920525734,0.013790891597177678,5.0,2.0,,,,,,,,,3,6
8,202504010105,0.0,2.0,1.0,21.0,0.0,2.0,0.0,25.0,0.0,0.0,0.0,4.0,0.0,1.0,1.0,3.0,0.0,1.0,0.0,7.0,0.0,0.0,0.0,1.0,0.0,1.0,0.0,2.0,0.0,1.0,0.0,2.0,0.0,0.0,0.0,0.0,-0.08537637400862669,-0.06900001370407421,11.0,15.0,,,,,,,,,4,8
9,202504010105,2.0,2.0,5.0,60.0,47.0,33.0,36.0,388.0,0.0,0.0,1.0,2.0,0.0,1.0,0.0,7.0,4.0,5.0,5.0,56.0,0.0,0.0,0.0,0.0,0.0,0.0,0.0,3.0,2.0,2.0,2.0,16.0,0.0,0.0,0.0,0.0,,,,,-0.0034469943324351945,0.014139662254678229,130.0,3.0,,,,,4,7
10,202504010105,10.0,14.0,13.0,95.0,5.0,7.0,4.0,62.0,0.0,0.0,0.0,3.0,1.0,1.0,2.0,14.0,1.0,1.0,0.0,8.0,0.0,0.0,0.0,1.0,0.0,0.0,0.0,5.0,0.0,0.0,0.0,1.0,0.0,0.0,0.0,0.0,,,,,,,,,,,,,5,9
11,202504010105,2.0,7.0,6.0,62.0,23.0,14.0,13.0,257.0,0.0,0.0,0.0,5.0,0.0,3.0,3.0,16.0,5.0,1.0,4.0,38.0,0.0,0.0,0.0,2.0,0.0,0.0,1.0,1.0,1.0,0.0,1.0,5.0,0.0,0.0,0.0,0.0,,,,,,,,,,,,,2,3
12,202504010105,6.0,4.0,3.0,41.0,5.0,2.0,4.0,50.0,0.0,0.0,0.0,2.0,0.0,0.0,0.0,4.0,2.0,0.0,1.0,8.0,0.0,0.0,0.0,0.0,0.0,0.0,0.0,3.0,1.0,0.0,1.0,4.0,0.0,0.0,0.0,0.0,,,,,,,,,,,,,2,4
13,202504010105,10.0,14.0,13.0,95.0,39.0,34.0,44.0,354.0,1.0,1.0,4.0,5.0,1.0,1.0,2.0,14.0,2.0,3.0,5.0,45.0,0.0,0.0,0.0,0.0,0.0,0.0,0.0,5.0,1.0,1.0,3.0,17.0,0.0,0.0,0.0,0.0,0.0,0.0,6.0,9.0,,,,,,,,,7,14
14,202504010105,1.0,1.0,6.0,55.0,13.0,16.0,12.0,182.0,0.0,0.0,0.0,1.0,0.0,0.0,0.0,7.0,2.0,3.0,4.0,36.0,0.0,0.0,0.0,1.0,0.0,0.0,0.0,3.0,1.0,1.0,1.0,15.0,0.0,0.0,0.0,0.0,-0.0503303655393935,-0.035184226681271594,10.0,13.0,,,,,,,,,7,13
15,202504010105,2.0,7.0,6.0,62.0,21.0,17.0,19.0,191.0,0.0,0.0,0.0,1.0,0.0,3.0,3.0,16.0,4.0,2.0,3.0,21.0,0.0,0.0,0.0,0.0,0.0,0.0,1.0,1.0,1.0,0.0,2.0,7.0,0.0,0.0,0.0,0.0,,,,,,,,,,,,,3,5
16,202504010212,4.0,4.0,1.0,16.0,47.0,33.0,36.0,388.0,1.0,0.0,0.0,4.0,0.0,1.0,0.0,3.0,4.0,5.0,5.0,56.0,0.0,0.0,0.0,1.0,0.0,0.0,0.0,1.0,1.0,0.0,1.0,12.0,0.0,0.0,0.0,1.0,-0.0014777903980263559,-0.0024449877750611247,10.0,9.0,0.0058537662911420365,0.0048278912066042606,10.0,7.0,-0.0066581342843584175,-0.009954986149584488,7.0,5.0,4,5
17,202504010212,1.0,0.0,0.0,1.0,6.0,6.0,3.0,27.0,0.0,0.0,0.0,0.0,0.0,0.0,0.0,0.0,2.0,0.0,1.0,0.0,0.0,0.0,0.0,0.0,0.0,0.0,0.0,0.0,0.0,0.0,0.0,0.0,0.0,0.0,0.0,0.0,0.0018083182640144665,-0.0022400905468178923,4.0,12.0,0.0018905145487423968,-0.002157560895093023,2.0,2.0,-0.009709677865530644,-0.010044967139398132,2.0,5.0,3,3
18,202504010212,4.0,1.0,3.0,56.0,20.0,23.0,18.0,264.0,0.0,0.0,0.0,2.0,1.0,0.0,1.0,16.0,3.0,1.0,0.0,31.0,0.0,0.0,0.0,1.0,0.0,0.0,0.0,2.0,0.0,0.0,0.0,10.0,0.0,0.0,0.0,0.0,0.00729703472163555,0.0007334651444607437,12.0,7.0,0.002450648375060035,4.9377839225755484e-05,13.0,6.0,0.006142363276913806,0.001158132962164115,10.0,9.0,5,7
19,202504010212,8.0,12.0,8.0,114.0,47.0,33.0,36.0,388.0,1.0,1.0,0.0,3.0,0.0,2.0,0.0,25.0,4.0,5.0,5.0,56.0,0.0,0.0,0.0,1.0,0.0,0.0,0.0,4.0,1.0,0.0,1.0,12.0,0.0,0.0,0.0,1.0,0.012035619869208293,0.008946766044161572,2.0,2.0,0.01067428766838872,0.009718826405867971,4.0,6.0,0.0024752780069701857,7.406675883863323e-05,4.0,2.0,7,11
20,202504010212,6.0,3.0,0.0,36.0,47.0,33.0,36.0,388.0,2.0,1.0,0.0,7.0,2.0,0.0,0.0,8.0,4.0,5.0,5.0,56.0,0.0,0.0,0.0,3.0,1.0,0.0,0.0,1.0,1.0,0.0,1.0,12.0,0.0,0.0,0.0,0.0,-0.010626894925427986,-0.013959871769923287,7.0,6.0,-0.004621013450638694,-0.0004633481113299144,1.0,1.0,0.0014022265658196651,0.00439530179307131,2.0,2.0,7,10
21,202504010212,32.0,22.0,23.0,254.0,11.0,9.0,13.0,143.0,0.0,0.0,0.0,9.0,1.0,2.0,1.0,25.0,1.0,2.0,1.0,17.0,0.0,0.0,0.0,2.0,1.0,0.0,0.0,6.0,0.0,0.0,0.0,2.0,0.0,0.0,0.0,0.0,-0.007322285674245875,-0.01085494801051216,6.0,8.0,0.01113013698630137,-0.002506112469437653,13.0,17.0,0.013259398189676261,0.00904929202597679,7.0,5.0,8,12
22,202504010212,28.0,20.0,30.0,240.0,5.0,7.0,4.0,62.0,0.0,0.0,0.0,1.0,8.0,3.0,5.0,56.0,1.0,1.0,0.0,8.0,0.0,0.0,0.0,1.0,1.0,1.0,1.0,14.0,1.0,0.0,0.0,2.0,0.0,0.0,0.0,1.0,-0.013727573614724166,-0.014706601466992665,16.0,8.0,0.002721694958998604,-0.0008594706602618442,14.0,13.0,-0.0004900009187517227,-0.0037895469955037536,14.0,8.0,4,4
23,202504010212,0.0,2.0,1.0,6.0,0.0,0.0,0.0,0.0,0.0,0.0,0.0,0.0,0.0,1.0,1.0,1.0,0.0,0.0,0.0,0.0,0.0,0.0,0.0,0.0,0.0,0.0,0.0,0.0,0.0,0.0,0.0,0.0,0.0,0.0,0.0,0.0,-0.002601642183059498,0.009178894274859165,3.0,4.0,-0.008679880813576887,-0.005173224643361028,7.0,9.0,0.017812467693580067,0.016999482669425765,5.0,2.0,5,6
24,202504010212,22.0,17.0,10.0,176.0,2.0,3.0,1.0,30.0,0.0,0.0,0.0,0.0,6.0,4.0,1.0,33.0,0.0,1.0,0.0,5.0,0.0,0.0,0.0,0.0,1.0,0.0,0.0,5.0,0.0,0.0,0.0,0.0,0.0,0.0,0.0,0.0,0.0,0.0,20.0,5.0,,,,,-0.013531838360192415,-0.005950272720833039,40.0,1.0,6,9
25,202504010212,2.0,7.0,6.0,62.0,10.0,7.0,9.0,125.0,0.0,0.0,0.0,3.0,0.0,3.0,3.0,16.0,1.0,0.0,0.0,27.0,0.0,0.0,0.0,2.0,0.0,0.0,0.0,5.0,1.0,0.0,0.0,5.0,0.0,0.0,0.0,1.0,-0.013554598429186724,-0.014435790617641732,17.0,18.0,-0.0052701868259689534,-0.009066666666666667,9.0,12.0,0.023378376437813233,0.01969009009009009,15.0,8.0,8,13
26,202504010212,0.0,0.0,0.0,4.0,8.0,4.0,6.0,91.0,0.0,0.0,0.0,0.0,0.0,0.0,0.0,0.0,0.0,1.0,1.0,9.0,0.0,0.0,0.0,0.0,0.0,0.0,0.0,0.0,0.0,1.0,1.0,0.0,0.0,0.0,0.0,0.0,-0.006813937200887125,-0.005142024763292061,16.0,12.0,0.0022989170510243915,-0.001771144856421126,12.0,12.0,0.0010986815821014781,-0.0033249731279111428,14.0,15.0,2,2
27,202504010212,0.0,0.0,0.0,1.0,4.0,2.0,5.0,44.0,0.0,0.0,0.0,1.0,0.0,0.0,0.0,0.0,2.0,0.0,0.0,6.0,0.0,0.0,0.0,0.0,0.0,0.0,0.0,0.0,1.0,0.0,0.0,1.0,0.0,0.0,0.0,0.0,0.0,0.0,4.0,2.0,0.0,0.0,2.0,4.0,0.0,0.0,1.0,1.0,1,1
28,202504010212,8.0,12.0,8.0,114.0,47.0,33.0,36.0,388.0,1.0,1.0,0.0,3.0,0.0,2.0,0.0,25.0,4.0,5.0,5.0,56.0,0.0,0.0,0.0,1.0,0.0,0.0,0.0,4.0,1.0,0.0,1.0,12.0,0.0,0.0,0.0,1.0,0.0,0.0,1.0,5.0,0.0,0.0,4.0,8.0,0.0,0.0,6.0,10.0,6,8
29,202504010411,4.0,5.0,3.0,39.0,10.0,8.0,5.0,74.0,0.0,0.0,0.0,3.0,1.0,0.0,0.0,3.0,1.0,0.0,0.0,3.0,0.0,0.0,0.0,0.0,0.0,0.0,0.0,1.0,0.0,0.0,0.0,0.0,0.0,0.0,0.0,0.0,0.005890582431337899,-0.0042896107116290605,8.0,3.0,0.0181503571165599,0.008095710389288371,8.0,5.0,0.02293628402887187,-0.0021671593926942925,5.0,12.0,3,4
30,202504010411,0.0,0.0,1.0,2.0,2.0,5.0,1.0,31.0,0.0,0.0,0.0,0.0,0.0,0.0,0.0,0.0,1.0,0.0,0.0,6.0,0.0,0.0,0.0,0.0,0.0,0.0,0.0,0.0,0.0,0.0,0.0,0.0,0.0,0.0,0.0,0.0,0.017728450233882947,0.014607170568891407,80.0,1.0,0.015684863366001313,0.010543113995425289,70.0,6.0,0.0055002394077420785,0.002340103210867932,20.0,14.0,1,1
31,202504010411,7.0,10.0,6.0,74.0,7.0,4.0,9.0,78.0,1.0,1.0,0.0,11.0,1.0,2.0,1.0,15.0,0.0,0.0,0.0,14.0,0.0,0.0,0.0,3.0,0.0,1.0,1.0,2.0,0.0,0.0,0.0,1.0,0.0,0.0,0.0,0.0,-0.018604422845642198,-0.027252475247524752,13.0,18.0,0.010649861380818037,0.0015530055587738652,8.0,14.0,0.0010354993543356967,-0.012108121451493458,5.0,8.0,6,9
32,202504010411,4.0,2.0,9.0,34.0,1.0,0.0,0.0,2.0,0.0,0.0,0.0,0.0,0.0,1.0,3.0,7.0,0.0,0.0,0.0,0.0,0.0,0.0,0.0,0.0,0.0,0.0,0.0,1.0,0.0,0.0,0.0,0.0,0.0,0.0,0.0,0.0,0.015427799365292165,0.0007547169811320754,3.0,1.0,0.005069534110873569,-0.003073016144004951,1.0,2.0,0.0013597348517039177,0.004352937438439297,1.0,1.0,2,2
33,202504010411,7.0,10.0,6.0,74.0,7.0,4.0,9.0,78.0,1.0,1.0,0.0,11.0,1.0,2.0,1.0,15.0,0.0,0.0,0.0,14.0,0.0,0.0,0.0,3.0,0.0,1.0,1.0,2.0,0.0,0.0,0.0,1.0,0.0,0.0,0.0,0.0,0.024472266705488428,0.016352773659410184,11.0,11.0,0.017703895593669815,0.012892639474917957,8.0,4.0,-0.008652723219025374,-0.021383417906596716,11.0,13.0,7,11
34,202504010411,0.0,0.0,1.0,16.0,0.0,0.0,3.0,6.0,0.0,0.0,0.0,0.0,0.0,0.0,0.0,4.0,0.0,0.0,0.0,0.0,0.0,0.0,0.0,0.0,0.0,0.0,0.0,0.0,0.0,0.0,0.0,0.0,0.0,0.0,0.0,0.0,0.022605591909577633,0.007015044572513976,16.0,11.0,0.01783602264087184,0.004388922787073017,12.0,10.0,0.03679910251254154,0.02891622829949103,9.0,5.0,8,13
35,202504010411,0.0,0.0,0.0,2.0,1.0,1.0,0.0,1.0,0.0,0.0,0.0,0.0,0.0,0.0,0.0,1.0,0.0,0.0,0.0,0.0,0.0,0.0,0.0,0.0,0.0,0.0,0.0,0.0,0.0,0.0,0.0,0.0,0.0,0.0,0.0,0.0,0.01928338332729011,0.004292132763280093,13.0,12.0,-0.003821594427244582,-0.022216748768472905,8.0,15.0,0.00907819193891528,0.00388176012187262,4.0,7.0,7,12
36,202504010411,0.0,0.0,0.0,10.0,0.0,0.0,0.0,0.0,0.0,0.0,0.0,0.0,0.0,0.0,0.0,2.0,0.0,0.0,0.0,0.0,0.0,0.0,0.0,0.0,0.0,0.0,0.0,0.0,0.0,0.0,0.0,0.0,0.0,0.0,0.0,0.0,0.01677197345401443,0.013176415956813861,7.0,9.0,0.003552397868561279,-0.008034709946970914,5.0,7.0,0.009092763675574855,0.0038964082732759124,10.0,3.0,5,8
37,202504010411,10.0,14.0,9.0,72.0,0.0,0.0,1.0,8.0,0.0,0.0,0.0,1.0,1.0,0.0,0.0,8.0,0.0,0.0,0.0,1.0,0.0,0.0,0.0,0.0,0.0,0.0,0.0,1.0,0.0,0.0,0.0,0.0,0.0,0.0,0.0,0.0,0.01708141595556151,0.0038561672263517336,7.0,8.0,0.016664571889070435,0.008919523099850968,13.0,9.0,0.03410244768233789,0.01983714773983849,6.0,4.0,5,7
38,202504010411,0.0,1.0,1.0,7.0,0.0,0.0,0.0,1.0,0.0,0.0,0.0,0.0,0.0,0.0,0.0,0.0,0.0,0.0,0.0,0.0,0.0,0.0,0.0,0.0,0.0,0.0,0.0,0.0,0.0,0.0,0.0,0.0,0.0,0.0,0.0,0.0,0.018138085069827947,0.009801980198019802,4.0,3.0,0.010723140243530088,0.0016269582044297634,2.0,5.0,0.03513721467042832,0.010347246580147317,4.0,1.0,8,14
39,202504010411,4.0,4.0,6.0,45.0,0.0,0.0,1.0,0.0,0.0,0.0,1.0,0.0,2.0,0.0,2.0,5.0,0.0,0.0,1.0,0.0,0.0,0.0,1.0,0.0,0.0,0.0,1.0,0.0,0.0,0.0,0.0,0.0,0.0,0.0,0.0,0.0,0.01780211415452235,0.010806800618238022,11.0,2.0,0.02070458699625729,-0.0001,6.0,9.0,0.0035668385103033978,-0.006006706516984983,6.0,7.0,6,10
40,202504010411,10.0,14.0,9.0,72.0,0.0,0.0,0.0,5.0,0.0,0.0,0.0,1.0,1.0,0.0,0.0,8.0,0.0,0.0,0.0,0.0,0.0,0.0,0.0,0.0,0.0,0.0,0.0,1.0,0.0,0.0,0.0,0.0,0.0,0.0,0.0,0.0,-0.001150576035144868,-0.006006006006006006,4.0,7.0,0.04233223540289094,0.030608663680727323,10.0,6.0,0.033689491777385484,0.011838479809976247,6.0,5.0,4,5
41,202504010411,1.0,0.0,1.0,17.0,0.0,0.0,0.0,2.0,0.0,0.0,0.0,0.0,0.0,0.0,0.0,0.0,0.0,0.0,0.0,1.0,0.0,0.0,0.0,0.0,0.0,0.0,0.0,0.0,0.0,0.0,0.0,0.0,0.0,0.0,0.0,0.0,-0.029522221416660624,-0.040140050687801236,12.0,16.0,-0.0005800043500326252,-0.010899342230556247,10.0,12.0,-0.005288090778891704,-0.016543196123210605,7.0,8.0,4,6
42,202504010411,1.0,0.0,2.0,12.0,1.0,0.0,0.0,0.0,1.0,0.0,0.0,0.0,0.0,0.0,0.0,3.0,0.0,0.0,0.0,0.0,0.0,0.0,0.0,0.0,0.0,0.0,0.0,0.0,0.0,0.0,0.0,0.0,0.0,0.0,0.0,0.0,0.02285079202237448,0.013866121060480938,13.0,3.0,0.027123339818966245,0.014767299907905164,12.0,13.0,0.014831753147567357,0.006924198250728863,14.0,13.0,3,3
43,202504010508,1.0,0.0,1.0,13.0,0.0,0.0,1.0,6.0,0.0,0.0,0.0,0.0,1.0,0.0,0.0,1.0,0.0,0.0,1.0,1.0,0.0,0.0,0.0,0.0,0.0,0.0,0.0,1.0,0.0,0.0,1.0,0.0,0.0,0.0,0.0,0.0,0.0005737234652897303,-0.004744450853070869,4.0,2.0,0.019099439231580702,0.013879844456434778,12.0,3.0,-0.008642106380719822,-0.011175681716584712,4.0,6.0,7,13
44,202504010508,0.0,0.0,0.0,1.0,1.0,0.0,0.0,0.0,0.0,0.0,0.0,0.0,0.0,0.0,0.0,0.0,0.0,0.0,0.0,0.0,0.0,0.0,0.0,0.0,0.0,0.0,0.0,0.0,0.0,0.0,0.0,0.0,0.0,0.0,0.0,0.0,0.011190430252749373,-0.0024449877750611247,7.0,12.0,0.007776934749620637,0.00942461762563729,3.0,6.0,-0.02032320105075523,-0.02403399126678672,7.0,16.0,8,16
45,202504010508,1.0,1.0,0.0,8.0,3.0,2.0,0.0,7.0,0.0,1.0,0.0,0.0,0.0,0.0,0.0,3.0,0.0,0.0,0.0,3.0,0.0,0.0,0.0,0.0,0.0,0.0,0.0,0.0,0.0,0.0,0.0,0.0,0.0,0.0,0.0,0.0,0.0,0.0,6.0,5.0,0.0,0.0,5.0,5.0,0.0,0.0,7.0,10.0,8,15
46,202504010508,0.0,0.0,3.0,18.0,4.0,2.0,2.0,38.0,0.0,0.0,0.0,0.0,0.0,0.0,2.0,5.0,0.0,0.0,0.0,1.0,0.0,0.0,0.0,0.0,0.0,0.0,2.0,2.0,0.0,0.0,0.0,0.0,0.0,0.0,0.0,0.0,0.003415262303342478,-0.005206745050203865,6.0,10.0,0.014568053300487094,0.006042534928110776,7.0,3.0,0.02570964671630928,0.017280520448615864,14.0,7.0,7,14
47,202504010508,2.0,0.0,0.0,0.0,1.0,0.0,0.0,2.0,0.0,0.0,0.0,0.0,0.0,0.0,0.0,0.0,0.0,0.0,0.0,0.0,0.0,0.0,0.0,0.0,0.0,0.0,0.0,0.0,0.0,0.0,0.0,0.0,0.0,0.0,0.0,0.0,0.005878310384605945,0.00485246062750301,10.0,11.0,0.012046400951814397,0.007332771189787489,4.0,5.0,-0.0004797925662777284,-0.0037793049765969867,4.0,7.0,6,12
48,202504010508,1.0,3.0,4.0,39.0,0.0,1.0,0.0,1.0,0.0,0.0,0.0,0.0,1.0,0.0,1.0,6.0,0.0,0.0,0.0,0.0,0.0,0.0,0.0,0.0,1.0,0.0,0.0,3.0,0.0,0.0,0.0,0.0,0.0,0.0,0.0,0.0,-0.019409341618376038,-0.02252195470397916,7.0,6.0,-0.011311525527361662,-0.014269204462369395,7.0,11.0,-0.005188489594302234,-0.004707593386405389,9.0,9.0,4,8
49,202504010508,0.0,0.0,0.0,3.0,0.0,1.0,3.0,28.0,0.0,0.0,0.0,0.0,0.0,0.0,0.0,0.0,0.0,0.0,0.0,3.0,0.0,0.0,0.0,0.0,0.0,0.0,0.0,0.0,0.0,0.0,0.0,1.0,0.0,0.0,0.0,0.0,0.0024013891112397326,0.0,9.0,11.0,0.005451130127315809,0.005622046277542503,12.0,7.0,-0.006975277191450129,-0.00212475704127582,11.0,7.0,5,9
50,202504010508,0.0,0.0,0.0,2.0,7.0,4.0,9.0,78.0,0.0,0.0,0.0,1.0,0.0,0.0,0.0,1.0,0.0,0.0,0.0,14.0,0.0,0.0,0.0,1.0,0.0,0.0,0.0,0.0,0.0,0.0,0.0,4.0,0.0,0.0,0.0,0.0,-0.010626894925427986,-0.013959871769923287,7.0,6.0,-0.004621013450638694,-0.0004633481113299144,1.0,1.0,0.0014022265658196651,0.00439530179307131,2.0,2.0,6,11
51,202504010508,1.0,0.0,1.0,4.0,0.0,0.0,0.0,2.0,0.0,0.0,0.0,0.0,0.0,0.0,0.0,0.0,0.0,0.0,0.0,0.0,0.0,0.0,0.0,0.0,0.0,0.0,0.0,0.0,0.0,0.0,0.0,0.0,0.0,0.0,0.0,0.0,-0.004602944567043246,-0.00915663049232398,7.0,10.0,0.015088729908018211,0.011810986921219692,1.0,8.0,0.021355405158222058,0.02331164030339817,8.0,1.0,5,10
52,202504010508,1.0,2.0,2.0,19.0,0.0,0.0,0.0,0.0,0.0,0.0,0.0,0.0,1.0,0.0,1.0,6.0,0.0,0.0,0.0,0.0,0.0,0.0,0.0,0.0,0.0,0.0,0.0,2.0,0.0,0.0,0.0,0.0,0.0,0.0,0.0,0.0,0.001902256875132101,-0.002145770944846613,10.0,7.0,0.014534460556519791,0.006008651554682117,6.0,6.0,0.020424624780341658,0.020325847390483872,15.0,8.0,4,7
53,202504010508,0.0,2.0,3.0,23.0,5.0,2.0,6.0,47.0,0.0,0.0,0.0,2.0,0.0,0.0,0.0,0.0,0.0,1.0,0.0,4.0,0.0,0.0,0.0,0.0,0.0,0.0,0.0,0.0,0.0,1.0,0.0,2.0,0.0,0.0,0.0,0.0,0.016485491921157263,0.0161213544476532,14.0,12.0,0.007286474613500042,0.0007228352148308778,16.0,18.0,-0.004610439049149818,-0.004982387102916442,8.0,9.0,1,2
54,202504010508,0.0,1.0,0.0,8.0,0.0,0.0,0.0,1.0,0.0,0.0,0.0,0.0,0.0,0.0,0.0,1.0,0.0,0.0,0.0,1.0,0.0,0.0,0.0,0.0,0.0,0.0,0.0,0.0,0.0,0.0,0.0,0.0,0.0,0.0,0.0,0.0,-0.01578002456770292,-0.01770330398561015,2.0,12.0,-0.008880390408709117,-0.01215751812447039,8.0,12.0,-0.0053569461275751904,-0.009011374787500174,3.0,8.0,3,6
55,202504010508,6.0,3.0,12.0,68.0,1.0,0.0,0.0,3.0,0.0,0.0,0.0,0.0,0.0,0.0,1.0,5.0,0.0,0.0,0.0,0.0,0.0,0.0,0.0,0.0,0.0,0.0,1.0,3.0,0.0,0.0,0.0,0.0,0.0,0.0,0.0,0.0,0.005915126524801807,0.0048893147588511335,12.0,9.0,0.005921664833770409,0.005553616197518327,10.0,4.0,-0.02303459304376455,-0.026026557230123353,9.0,16.0,2,3
56,202504010508,0.0,0.0,0.0,0.0,2.0,6.0,2.0,28.0,0.0,0.0,0.0,0.0,0.0,0.0,0.0,0.0,0.0,3.0,0.0,4.0,0.0,0.0,0.0,0.0,0.0,0.0,0.0,0.0,0.0,0.0,0.0,2.0,0.0,0.0,0.0,0.0,0.0,0.0,2.0,3.0,-0.02010899659021362,-0.01844685617853298,8.0,16.0,-0.021024173485382304,-0.019660500919117647,3.0,6.0,1,1
57,202504010508,2.0,0.0,0.0,9.0,7.0,4.0,9.0,78.0,0.0,0.0,0.0,1.0,1.0,0.0,0.0,2.0,0.0,0.0,0.0,14.0,0.0,0.0,0.0,0.0,0.0,0.0,0.0,1.0,0.0,0.0,0.0,4.0,0.0,0.0,0.0,0.0,0.007718571261818606,0.009366351056081574,3.0,7.0,0.007791525621571145,0.00943918426802622,2.0,4.0,0.014523016282670921,0.011321909424724603,3.0,3.0,3,5
58,202504010508,1.0,0.0,1.0,4.0,1.0,2.0,4.0,38.0,0.0,0.0,0.0,0.0,0.0,0.0,0.0,0.0,0.0,0.0,1.0,4.0,0.0,0.0,0.0,0.0,0.0,0.0,0.0,0.0,0.0,0.0,0.0,0.0,0.0,0.0,0.0,0.0,-0.01957292818472938,-0.023423423423423424,12.0,6.0,-0.013427919939194325,-0.014309001992392682,8.0,8.0,0.00353795722681916,0.006979521938724115,10.0,1.0,2,4
59,202504010707,1.0,1.0,6.0,55.0,0.0,1.0,1.0,26.0,0.0,0.0,0.0,0.0,0.0,0.0,0.0,7.0,0.0,0.0,0.0,5.0,0.0,0.0,0.0,0.0,0.0,0.0,0.0,3.0,0.0,0.0,0.0,3.0,0.0,0.0,0.0,0.0,-0.00555803820802145,0.013355135149948388,4.0,3.0,,,,,,,,,5,10
60,202504010707,2.0,1.0,1.0,9.0,15.0,16.0,13.0,155.0,0.0,0.0,0.0,2.0,0.0,0.0,0.0,2.0,3.0,1.0,2.0,26.0,0.0,0.0,0.0,0.0,0.0,0.0,0.0,0.0,1.0,1.0,1.0,13.0,0.0,0.0,0.0,0.0,-0.004594445496537698,-0.0009680780369346383,5.0,8.0,-0.01380206133310805,0.0003332118498464102,6.0,6.0,,,,,6,11
61,202504010707,8.0,12.0,8.0,114.0,6.0,8.0,6.0,80.0,0.0,0.0,1.0,4.0,0.0,2.0,0.0,25.0,1.0,0.0,2.0,11.0,0.0,0.0,0.0,1.0,0.0,2.0,0.0,13.0,1.0,0.0,1.0,5.0,0.0,0.0,0.0,1.0,-0.01945123228373944,-0.01308540900575869,1.0,6.0,0.007979227750791358,0.0199593607240132,3.0,4.0,0.007621622398941601,0.02288141592920354,7.0,3.0,8,15
62,202504010707,28.0,20.0,30.0,240.0,0.0,0.0,0.0,1.0,0.0,0.0,0.0,0.0,8.0,3.0,5.0,56.0,0.0,0.0,0.0,1.0,0.0,0.0,0.0,0.0,3.0,1.0,1.0,11.0,0.0,0.0,0.0,1.0,0.0,0.0,0.0,0.0,,,,,,,,,,,,,1,2
63,202504010707,8.0,12.0,8.0,114.0,5.0,7.0,4.0,62.0,0.0,0.0,0.0,0.0,0.0,2.0,0.0,25.0,1.0,1.0,0.0,8.0,0.0,0.0,0.0,0.0,0.0,2.0,0.0,13.0,0.0,0.0,0.0,1.0,0.0,0.0,0.0,0.0,,,,,,,,,,,,,7,14
64,202504010707,14.0,15.0,23.0,200.0,14.0,24.0,20.0,248.0,0.0,0.0,2.0,9.0,0.0,1.0,1.0,21.0,2.0,3.0,1.0,40.0,0.0,0.0,0.0,1.0,0.0,0.0,1.0,7.0,0.0,3.0,1.0,16.0,0.0,0.0,0.0,0.0,-0.00639373634734801,-0.0016733846341761328,2.0,3.0,-0.013751999902294849,0.0008666658641982739,7.0,4.0,,,,,1,1
65,202504010707,1.0,3.0,0.0,3.0,15.0,16.0,13.0,155.0,0.0,0.0,0.0,0.0,0.0,0.0,0.0,0.0,3.0,1.0,2.0,26.0,0.0,0.0,0.0,0.0,0.0,0.0,0.0,0.0,1.0,1.0,1.0,13.0,0.0,0.0,0.0,0.0,-0.005479878791311489,-0.010085348506401137,6.0,3.0,-0.012231973743186386,-0.005659699777346836,4.0,5.0,-0.007838306925704048,-0.005080960357342267,5.0,7.0,2,3
66,202504010707,2.0,1.0,1.0,9.0,12.0,11.0,9.0,142.0,0.0,1.0,0.0,0.0,0.0,0.0,0.0,2.0,0.0,2.0,4.0,20.0,0.0,0.0,0.0,0.0,0.0,0.0,0.0,0.0,0.0,1.0,1.0,9.0,0.0,0.0,0.0,0.0,,,,,,,,,,,,,2,4
67,202504010707,7.0,8.0,5.0,67.0,12.0,12.0,7.0,145.0,0.0,0.0,0.0,7.0,0.0,3.0,2.0,16.0,0.0,0.0,1.0,33.0,0.0,0.0,0.0,3.0,0.0,1.0,0.0,7.0,0.0,0.0,1.0,15.0,0.0,0.0,0.0,2.0,,,,,,,,,,,,,8,16
68,202504010707,25.0,21.0,18.0,159.0,10.0,7.0,9.0,125.0,0.0,0.0,0.0,2.0,4.0,3.0,4.0,29.0,1.0,0.0,0.0,27.0,0.0,0.0,0.0,1.0,3.0,0.0,1.0,8.0,0.0,0.0,0.0,10.0,0.0,0.0,0.0,1.0,,,,,,,,,,,,,7,13
69,202504010707,4.0,1.0,0.0,27.0,39.0,34.0,44.0,354.0,0.0,0.0,0.0,0.0,1.0,1.0,0.0,5.0,2.0,3.0,5.0,45.0,0.0,0.0,0.0,0.0,0.0,0.0,0.0,3.0,1.0,1.0,3.0,17.0,0.0,0.0,0.0,0.0,,,,,,,,,,,,,5,9
70,202504010707,11.0,14.0,22.0,155.0,12.0,6.0,7.0,132.0,0.0,0.0,1.0,4.0,1.0,1.0,4.0,26.0,1.0,2.0,0.0,15.0,0.0,0.0,0.0,0.0,0.0,0.0,2.0,7.0,1.0,1.0,0.0,7.0,0.0,0.0,0.0,0.0,-0.013791501224972543,-0.011708170427121644,1.0,7.0,-0.02549979384495026,-0.0057128045619491965,9.0,4.0,,,,,3,5
71,202504010707,1.0,2.0,0.0,10.0,0.0,1.0,0.0,40.0,0.0,0.0,0.0,0.0,1.0,1.0,0.0,3.0,0.0,0.0,0.0,4.0,0.0,0.0,0.0,0.0,1.0,1.0,0.0,2.0,0.0,0.0,0.0,1.0,0.0,0.0,0.0,0.0,-0.005524627987215037,0.009838252459563115,9.0,7.0,,,,,,,,,4,8
72,202504010707,1.0,2.0,0.0,10.0,2.0,3.0,1.0,30.0,0.0,0.0,0.0,0.0,1.0,1.0,0.0,3.0,0.0,1.0,0.0,5.0,0.0,0.0,0.0,0.0,1.0,1.0,0.0,2.0,0.0,0.0,0.0,0.0,0.0,0.0,0.0,0.0,,,,,,,,,,,,,3,6
73,202504010707,10.0,14.0,13.0,95.0,0.0,1.0,0.0,4.0,0.0,0.0,0.0,1.0,1.0,1.0,2.0,14.0,0.0,0.0,0.0,0.0,0.0,0.0,0.0,0.0,0.0,0.0,0.0,5.0,0.0,0.0,0.0,0.0,0.0,0.0,0.0,0.0,,,,,,,,,,,,,4,7
74,202504010707,1.0,3.0,1.0,10.0,0.0,2.0,2.0,22.0,0.0,0.0,0.0,2.0,0.0,1.0,1.0,2.0,0.0,0.0,0.0,4.0,0.0,0.0,0.0,0.0,0.0,0.0,1.0,1.0,0.0,0.0,0.0,0.0,0.0,0.0,0.0,0.0,,,,,,,,,,,,,6,12
75,202504020103,0.0,1.0,1.0,4.0,7.0,12.0,16.0,184.0,0.0,0.0,0.0,2.0,0.0,0.0,1.0,1.0,2.0,1.0,3.0,24.0,0.0,0.0,0.0,0.0,0.0,0.0,0.0,1.0,0.0,0.0,0.0,6.0,0.0,0.0,0.0,0.0,,,,,,,,,,,,,3,6
76,202504020103,0.0,0.0,0.0,0.0,1.0,3.0,1.0,37.0,0.0,0.0,0.0,0.0,0.0,0.0,0.0,0.0,0.0,0.0,0.0,6.0,0.0,0.0,0.0,0.0,0.0,0.0,0.0,0.0,0.0,0.0,0.0,2.0,0.0,0.0,0.0,0.0,,,,,,,,,,,,,2,3
77,202504020103,4.0,5.0,7.0,41.0,39.0,34.0,44.0,354.0,2.0,0.0,1.0,1.0,0.0,0.0,0.0,4.0,2.0,3.0,5.0,45.0,0.0,0.0,0.0,0.0,0.0,0.0,0.0,1.0,1.0,2.0,1.0,10.0,0.0,0.0,0.0,0.0,,,,,,,,,,,,,3,5
78,202504020103,0.0,0.0,0.0,0.0,0.0,0.0,2.0,8.0,0.0,0.0,0.0,0.0,0.0,0.0,0.0,0.0,0.0,0.0,1.0,0.0,0.0,0.0,0.0,0.0,0.0,0.0,0.0,0.0,0.0,0.0,0.0,0.0,0.0,0.0,0.0,0.0,,,,,,,,,,,,,6,11
79,202504020103,1.0,3.0,0.0,3.0,2.0,1.0,2.0,19.0,0.0,0.0,0.0,0.0,0.0,0.0,0.0,0.0,0.0,0.0,0.0,5.0,0.0,0.0,0.0,0.0,0.0,0.0,0.0,0.0,0.0,0.0,0.0,0.0,0.0,0.0,0.0,0.0,,,,,,,,,,,,,7,13
80,202504020103,0.0,0.0,0.0,0.0,12.0,6.0,7.0,132.0,0.0,0.0,0.0,0.0,0.0,0.0,0.0,0.0,1.0,2.0,0.0,15.0,0.0,0.0,0.0,0.0,0.0,0.0,0.0,0.0,0.0,0.0,0.0,3.0,0.0,0.0,0.0,0.0,,,,,,,,,,,,,5,10
81,202504020103,1.0,1.0,2.0,63.0,0.0,0.0,0.0,0.0,0.0,0.0,0.0,0.0,0.0,0.0,1.0,11.0,0.0,0.0,0.0,0.0,0.0,0.0,0.0,0.0,0.0,0.0,0.0,3.0,0.0,0.0,0.0,0.0,0.0,0.0,0.0,0.0,,,,,,,,,,,,,1,2
82,202504020103,1.0,1.0,4.0,6.0,0.0,1.0,0.0,40.0,0.0,0.0,0.0,0.0,1.0,1.0,2.0,4.0,0.0,0.0,0.0,4.0,0.0,0.0,0.0,0.0,0.0,0.0,0.0,1.0,0.0,0.0,0.0,1.0,0.0,0.0,0.0,0.0,,,,,,,,,,,,,6,12
83,202504020103,7.0,8.0,5.0,67.0,7.0,7.0,4.0,93.0,0.0,0.0,0.0,0.0,0.0,3.0,2.0,16.0,1.0,0.0,0.0,13.0,0.0,0.0,0.0,0.0,0.0,0.0,1.0,7.0,0.0,0.0,0.0,2.0,0.0,0.0,0.0,0.0,,,,,,,,,,,,,8,17
84,202504020103,5.0,3.0,4.0,11.0,6.0,6.0,3.0,27.0,0.0,0.0,0.0,0.0,1.0,1.0,0.0,1.0,2.0,0.0,1.0,0.0,0.0,0.0,0.0,0.0,0.0,1.0,0.0,1.0,0.0,0.0,0.0,0.0,0.0,0.0,0.0,0.0,,,,,,,,,,,,,2,4
85,202504020103,1.0,2.0,0.0,10.0,12.0,6.0,7.0,132.0,0.0,0.0,0.0,1.0,1.0,1.0,0.0,3.0,1.0,2.0,0.0,15.0,0.0,0.0,0.0,0.0,0.0,0.0,0.0,1.0,0.0,0.0,0.0,3.0,0.0,0.0,0.0,0.0,,,,,,,,,,,,,8,18
86,202504020103,28.0,20.0,30.0,240.0,5.0,2.0,4.0,50.0,1.0,0.0,0.0,1.0,8.0,3.0,5.0,56.0,2.0,0.0,1.0,8.0,1.0,0.0,0.0,0.0,3.0,1.0,2.0,7.0,1.0,0.0,0.0,1.0,0.0,0.0,0.0,0.0,,,,,,,,,,,,,8,16
87,202504020103,0.0,0.0,0.0,0.0,0.0,0.0,0.0,0.0,0.0,0.0,0.0,0.0,0.0,0.0,0.0,0.0,0.0,0.0,0.0,0.0,0.0,0.0,0.0,0.0,0.0,0.0,0.0,0.0,0.0,0.0,0.0,0.0,0.0,0.0,0.0,0.0,,,,,,,,,,,,,4,8
88,202504020103,7.0,8.0,8.0,168.0,0.0,0.0,0.0,1.0,0.0,0.0,0.0,0.0,0.0,3.0,0.0,27.0,0.0,0.0,0.0,0.0,0.0,0.0,0.0,0.0,0.0,1.0,0.0,6.0,0.0,0.0,0.0,0.0,0.0,0.0,0.0,0.0,,,,,,,,,,,,,4,7
89,202504020103,8.0,9.0,8.0,63.0,0.0,0.0,0.0,2.0,0.0,0.0,0.0,0.0,3.0,1.0,5.0,12.0,0.0,0.0,0.0,0.0,0.0,0.0,0.0,0.0,1.0,1.0,1.0,2.0,0.0,0.0,0.0,0.0,0.0,0.0,0.0,0.0,,,,,,,,,,,,,7,14
90,202504020103,2.0,5.0,4.0,19.0,0.0,1.0,1.0,12.0,0.0,0.0,0.0,2.0,0.0,2.0,2.0,2.0,0.0,0.0,1.0,0.0,0.0,0.0,0.0,0.0,0.0,0.0,1.0,0.0,0.0,0.0,1.0,0.0,0.0,0.0,0.0,0.0,,,,,,,,,,,,,1,1
91,202504020103,0.0,0.0,0.0,0.0,0.0,1.0,0.0,9.0,0.0,0.0,0.0,0.0,0.0,0.0,0.0,0.0,0.0,1.0,0.0,0.0,0.0,0.0,0.0,0.0,0.0,0.0,0.0,0.0,0.0,0.0,0.0,0.0,0.0,0.0,0.0,0.0,,,,,,,,,,,,,7,15
92,202504020103,7.0,8.0,5.0,67.0,0.0,0.0,0.0,2.0,0.0,0.0,0.0,0.0,0.0,3.0,2.0,16.0,0.0,0.0,0.0,0.0,0.0,0.0,0.0,0.0,0.0,0.0,1.0,7.0,0.0,0.0,0.0,0.0,0.0,0.0,0.0,0.0,,,,,,,,,,,,,5,9
93,202504020107,52.0,35.0,38.0,325.0,10.0,7.0,9.0,125.0,2.0,1.0,0.0,11.0,9.0,5.0,5.0,58.0,1.0,0.0,0.0,27.0,0.0,0.0,0.0,1.0,0.0,2.0,2.0,5.0,0.0,0.0,0.0,2.0,0.0,0.0,0.0,0.0,0.021168704054645035,0.018736951983298538,1.0,2.0,0.026279025464089917,0.02306344571276878,1.0,1.0,0.00199596560144389,-0.010600326825492388,6.0,4.0,6,6
94,202504020107,22.0,17.0,10.0,176.0,12.0,11.0,9.0,142.0,0.0,0.0,0.0,1.0,6.0,4.0,1.0,33.0,0.0,2.0,4.0,20.0,0.0,0.0,0.0,0.0,0.0,0.0,0.0,2.0,0.0,0.0,0.0,0.0,0.0,0.0,0.0,0.0,0.016580661534557145,0.010680396578868984,1.0,4.0,0.016527789527112764,0.010627207352878601,1.0,2.0,0.022605591909577633,0.01794234114997492,1.0,1.0,4,4
95,202504020107,27.0,26.0,38.0,268.0,47.0,33.0,36.0,388.0,4.0,2.0,5.0,32.0,3.0,3.0,6.0,23.0,4.0,5.0,5.0,56.0,0.0,1.0,0.0,8.0,0.0,0.0,0.0,3.0,0.0,0.0,0.0,3.0,0.0,0.0,0.0,0.0,0.014802408778000813,0.008538852398066675,80.0,1.0,0.01569544694452088,0.010553752859194639,60.0,5.0,0.01780211415452235,0.014681068565024078,60.0,4.0,8,10
96,202504020107,5.0,8.0,8.0,69.0,9.0,11.0,9.0,123.0,0.0,0.0,1.0,4.0,2.0,0.0,3.0,10.0,1.0,2.0,2.0,22.0,0.0,0.0,0.0,0.0,0.0,0.0,0.0,0.0,0.0,1.0,2.0,3.0,0.0,0.0,0.0,0.0,0.015070147728328534,0.011792342900823134,5.0,5.0,0.0057697667936448946,0.0024610106923456973,4.0,11.0,0.028385570668243643,0.021961434615302845,7.0,3.0,7,7
97,202504020107,11.0,5.0,8.0,97.0,15.0,16.0,13.0,155.0,0.0,1.0,0.0,3.0,3.0,1.0,1.0,23.0,3.0,1.0,2.0,26.0,0.0,0.0,0.0,2.0,0.0,0.0,0.0,1.0,0.0,0.0,0.0,3.0,0.0,0.0,0.0,0.0,0.01708141595556151,0.0038561672263517336,4.0,4.0,0.03964697274556429,0.017414331967136414,5.0,3.0,0.003705197981078789,-0.003957717964886661,4.0,1.0,1,1
98,202504020107,4.0,2.0,1.0,14.0,0.0,1.0,0.0,7.0,0.0,0.0,0.0,0.0,0.0,0.0,0.0,3.0,0.0,0.0,0.0,1.0,0.0,0.0,0.0,0.0,0.0,0.0,0.0,0.0,0.0,0.0,0.0,0.0,0.0,0.0,0.0,0.0,0.01267072568701662,-0.008403361344537815,3.0,4.0,0.026266702643094286,0.009262574900331829,3.0,4.0,0.014546990298095986,0.0030738191312603847,1.0,1.0,7,8
99,202504020107,8.0,9.0,8.0,63.0,2.0,1.0,2.0,19.0,1.0,0.0,0.0,1.0,3.0,1.0,5.0,12.0,1.0,0.0,0.0,2.0,1.0,0.0,0.0,0.0,1.0,0.0,1.0,0.0,0.0,0.0,0.0,0.0,0.0,0.0,0.0,0.0,0.0055002394077420785,0.002340103210867932,10.0,6.0,0.008037576765422374,0.006312651605926879,4.0,4.0,0.023421456984074558,0.019733333333333332,3.0,1.0,3,3
100,202504020107,1.0,2.0,2.0,18.0,39.0,34.0,44.0,354.0,0.0,0.0,0.0,3.0,0.0,0.0,0.0,2.0,2.0,3.0,5.0,45.0,0.0,0.0,0.0,1.0,0.0,0.0,0.0,0.0,0.0,0.0,0.0,3.0,0.0,0.0,0.0,0.0,0.034077681925124864,0.026944539156902043,3.0,1.0,0.008919611996878136,0.007474861513457852,3.0,3.0,-0.0002868385246203067,-0.005701271139440817,7.0,5.0,5,5
101,202504020107,5.0,10.0,11.0,70.0,0.0,2.0,0.0,25.0,0.0,0.0,0.0,1.0,3.0,2.0,3.0,14.0,0.0,1.0,0.0,7.0,0.0,0.0,0.0,1.0,0.0,0.0,0.0,0.0,0.0,0.0,0.0,0.0,0.0,0.0,0.0,0.0,,,,,0.03712456055898356,0.03545021480550604,50.0,1.0,-0.010859362590073503,-0.01721983259707045,30.0,2.0,2,2
102,202504020107,5.0,0.0,0.0,29.0,9.0,10.0,16.0,126.0,0.0,0.0,0.0,2.0,0.0,0.0,0.0,5.0,1.0,1.0,1.0,18.0,0.0,0.0,0.0,0.0,0.0,0.0,0.0,1.0,0.0,1.0,0.0,1.0,0.0,0.0,0.0,0.0,0.018630106694676324,-0.0019330896981840245,8.0,10.0,0.0,0.0,8.0,15.0,0.01826452451400603,0.009002093510118632,5.0,1.0,8,9
103,202504020112,0.0,1.0,1.0,4.0,0.0,2.0,2.0,22.0,0.0,0.0,0.0,1.0,0.0,0.0,1.0,1.0,0.0,0.0,0.0,4.0,0.0,0.0,0.0,1.0,0.0,0.0,1.0,0.0,0.0,0.0,0.0,0.0,0.0,0.0,0.0,0.0,-0.018592150798910242,-0.013814584096738733,9.0,7.0,-0.0382027137605491,-0.023231459970870397,13.0,10.0,,,,,2,4
104,202504020112,8.0,12.0,8.0,114.0,9.0,10.0,16.0,126.0,1.0,0.0,1.0,3.0,0.0,2.0,0.0,25.0,1.0,1.0,1.0,18.0,0.0,0.0,0.0,0.0,0.0,2.0,0.0,13.0,0.0,0.0,0.0,7.0,0.0,0.0,0.0,0.0,-0.0055021785275388225,0.013409944186131487,2.0,2.0,,,,,,,,,5,10
105,202504020112,24.0,22.0,25.0,245.0,1.0,1.0,1.0,3.0,0.0,0.0,1.0,1.0,3.0,3.0,4.0,28.0,0.0,0.0,0.0,0.0,0.0,0.0,0.0,0.0,0.0,1.0,1.0,11.0,0.0,0.0,0.0,0.0,0.0,0.0,0.0,0.0,-0.013780941116837036,-0.011697632019896513,5.0,6.0,0.0013703577802328547,0.0043635285270973,2.0,3.0,-0.0033053138464137874,0.010683604935700525,5.0,3.0,1,1
106,202504020112,1.0,2.0,2.0,40.0,0.0,1.0,0.0,40.0,0.0,0.0,0.0,0.0,0.0,0.0,0.0,8.0,0.0,0.0,0.0,4.0,0.0,0.0,0.0,0.0,0.0,0.0,0.0,2.0,0.0,0.0,0.0,1.0,0.0,0.0,0.0,0.0,,,,,,,,,,,,,1,2
107,202504020112,8.0,12.0,8.0,114.0,6.0,8.0,6.0,80.0,0.0,0.0,1.0,4.0,0.0,2.0,0.0,25.0,1.0,0.0,2.0,11.0,0.0,0.0,0.0,1.0,0.0,2.0,0.0,13.0,1.0,0.0,1.0,5.0,0.0,0.0,0.0,1.0,-0.01945123228373944,-0.01308540900575869,1.0,6.0,0.007979227750791358,0.0199593607240132,3.0,4.0,0.007621622398941601,0.02288141592920354,7.0,3.0,8,16
108,202504020112,8.0,12.0,8.0,114.0,17.0,15.0,21.0,200.0,0.0,0.0,0.0,3.0,0.0,2.0,0.0,25.0,3.0,0.0,5.0,35.0,0.0,0.0,0.0,1.0,0.0,2.0,0.0,13.0,1.0,0.0,1.0,10.0,0.0,0.0,0.0,0.0,,,,,,,,,,,,,3,6
109,202504020112,5.0,10.0,11.0,70.0,0.0,1.0,0.0,0.0,0.0,1.0,0.0,0.0,3.0,2.0,3.0,14.0,0.0,0.0,0.0,0.0,0.0,0.0,0.0,0.0,1.0,1.0,2.0,8.0,0.0,0.0,0.0,0.0,0.0,0.0,0.0,0.0,0.01812581302309599,0.02273115915475754,1.0,2.0,0.01653836392860164,0.02060846031528733,1.0,3.0,-0.0032736335220072653,0.010714843546623627,1.0,2.0,7,13
110,202504020112,0.0,1.0,2.0,19.0,1.0,1.0,4.0,23.0,0.0,0.0,0.0,0.0,0.0,0.0,0.0,5.0,0.0,0.0,0.0,4.0,0.0,0.0,0.0,0.0,0.0,0.0,0.0,5.0,0.0,0.0,0.0,3.0,0.0,0.0,0.0,0.0,-0.030477181949519844,-0.01041612416019999,9.0,7.0,,,,,,,,,8,17
111,202504020112,8.0,9.0,8.0,63.0,1.0,0.0,0.0,0.0,1.0,0.0,0.0,0.0,3.0,1.0,5.0,12.0,0.0,0.0,0.0,0.0,0.0,0.0,0.0,0.0,1.0,0.0,2.0,4.0,0.0,0.0,0.0,0.0,0.0,0.0,0.0,0.0,-0.005439959359058485,-0.0019194667679132654,3.0,6.0,-0.031294888951639635,-0.015412511332728921,5.0,7.0,,,,,8,15
112,202504020112,52.0,35.0,38.0,325.0,9.0,3.0,7.0,49.0,0.0,0.0,1.0,4.0,9.0,5.0,5.0,58.0,0.0,0.0,0.0,4.0,0.0,0.0,0.0,0.0,3.0,2.0,2.0,12.0,0.0,0.0,0.0,1.0,0.0,0.0,0.0,0.0,,,,,,,,,,,,,5,9
113,202504020112,2.0,2.0,2.0,19.0,7.0,7.0,4.0,93.0,0.0,0.0,0.0,1.0,0.0,0.0,0.0,1.0,1.0,0.0,0.0,13.0,0.0,0.0,0.0,0.0,0.0,0.0,0.0,0.0,1.0,0.0,0.0,7.0,0.0,0.0,0.0,0.0,-0.01277524853665335,-0.013255375119679492,13.0,11.0,-0.025716944420945773,-0.007645641153494556,12.0,10.0,,,,,2,3
114,202504020112,1.0,1.0,4.0,6.0,0.0,0.0,0.0,0.0,0.0,0.0,0.0,0.0,1.0,1.0,2.0,4.0,0.0,0.0,0.0,0.0,0.0,0.0,0.0,0.0,1.0,1.0,2.0,3.0,0.0,0.0,0.0,0.0,0.0,0.0,0.0,0.0,,,,,,,,,,,,,3,5
115,202504020112,0.0,1.0,0.0,1.0,8.0,17.0,9.0,141.0,0.0,0.0,0.0,0.0,0.0,0.0,0.0,0.0,0.0,3.0,1.0,20.0,0.0,0.0,0.0,0.0,0.0,0.0,0.0,0.0,0.0,1.0,0.0,5.0,0.0,0.0,0.0,0.0,,,,,,,,,,,,,7,14
116,202504020112,0.0,0.0,0.0,1.0,15.0,16.0,13.0,155.0,0.0,0.0,0.0,0.0,0.0,0.0,0.0,0.0,3.0,1.0,2.0,26.0,0.0,0.0,0.0,0.0,0.0,0.0,0.0,0.0,1.0,1.0,1.0,13.0,0.0,0.0,0.0,0.0,,,,,,,,,,,,,4,8
117,202504020112,2.0,1.0,1.0,9.0,47.0,33.0,36.0,388.0,0.0,0.0,0.0,2.0,0.0,0.0,0.0,2.0,4.0,5.0,5.0,56.0,0.0,0.0,0.0,1.0,0.0,0.0,0.0,0.0,2.0,2.0,2.0,16.0,0.0,0.0,0.0,0.0,,,,,,,,,,,,,6,12
118,202504020112,5.0,11.0,8.0,146.0,0.0,0.0,0.0,8.0,0.0,0.0,0.0,0.0,1.0,3.0,4.0,27.0,0.0,0.0,0.0,2.0,0.0,0.0,0.0,0.0,0.0,0.0,0.0,6.0,0.0,0.0,0.0,1.0,0.0,0.0,0.0,0.0,,,,,,,,,,,,,6,11
119,202504020112,0.0,0.0,0.0,5.0,0.0,1.0,0.0,40.0,0.0,0.0,0.0,0.0,0.0,0.0,0.0,1.0,0.0,0.0,0.0,4.0,0.0,0.0,0.0,0.0,0.0,0.0,0.0,1.0,0.0,0.0,0.0,1.0,0.0,0.0,0.0,0.0,,,,,,,,,,,,,4,7
120,202504020212,0.0,0.0,0.0,5.0,0.0,1.0,0.0,40.0,0.0,0.0,0.0,0.0,0.0,0.0,0.0,1.0,0.0,0.0,0.0,4.0,0.0,0.0,0.0,0.0,0.0,0.0,0.0,0.0,0.0,0.0,0.0,1.0,0.0,0.0,0.0,0.0,0.005890582431337899,0.0105533162330524,6.0,4.0,-0.00923132489164613,0.01041612416019999,13.0,5.0,,,,,6,12
121,202504020212,9.0,3.0,3.0,40.0,3.0,1.0,1.0,11.0,0.0,0.0,0.0,0.0,1.0,0.0,1.0,9.0,0.0,0.0,0.0,5.0,0.0,0.0,0.0,0.0,0.0,0.0,0.0,1.0,0.0,0.0,0.0,0.0,0.0,0.0,0.0,0.0,0.0013916036372907284,-0.01453733082950204,9.0,8.0,-0.015142542932070045,0.002742458239840439,4.0,1.0,,,,,5,10
122,202504020212,1.0,2.0,1.0,12.0,5.0,7.0,4.0,62.0,0.0,0.0,1.0,1.0,0.0,0.0,0.0,0.0,1.0,1.0,0.0,8.0,0.0,0.0,0.0,0.0,0.0,0.0,0.0,0.0,1.0,0.0,0.0,2.0,0.0,0.0,0.0,0.0,-0.004568141443194315,-0.00041069491686060596,8.0,1.0,-0.012756666356963672,-0.013236784130731835,6.0,3.0,-0.006081946222791294,-0.0040708659261219984,11.0,5.0,3,5
123,202504020212,4.0,2.0,1.0,14.0,4.0,4.0,3.0,55.0,0.0,0.0,0.0,0.0,0.0,0.0,0.0,3.0,2.0,1.0,0.0,8.0,0.0,0.0,0.0,0.0,0.0,0.0,0.0,0.0,0.0,1.0,0.0,6.0,0.0,0.0,0.0,0.0,0.012003909237698649,0.00729007674326762,3.0,12.0,0.006156082927682129,0.0008880666049953746,2.0,11.0,0.016527789527112764,0.016163667713920006,9.0,2.0,8,15
124,202504020212,38.0,28.0,35.0,250.0,47.0,33.0,36.0,388.0,5.0,4.0,3.0,28.0,4.0,3.0,4.0,48.0,4.0,5.0,5.0,56.0,0.0,0.0,0.0,2.0,0.0,0.0,1.0,18.0,1.0,0.0,1.0,12.0,0.0,0.0,0.0,0.0,0.004088178873549482,0.018928128872366792,12.0,8.0,,,,,,,,,1,1
125,202504020212,2.0,1.0,1.0,9.0,4.0,2.0,5.0,44.0,0.0,0.0,0.0,0.0,0.0,0.0,0.0,2.0,2.0,0.0,0.0,6.0,0.0,0.0,0.0,0.0,0.0,0.0,0.0,0.0,1.0,0.0,0.0,1.0,0.0,0.0,0.0,0.0,-0.006344648160420195,-0.001624526688652742,3.0,1.0,-0.018604422845642198,0.000794529782828526,6.0,3.0,,,,,5,9
126,202504020212,6.0,3.0,0.0,36.0,47.0,33.0,36.0,388.0,2.0,1.0,0.0,7.0,2.0,0.0,0.0,8.0,4.0,5.0,5.0,56.0,0.0,0.0,0.0,3.0,1.0,0.0,0.0,1.0,1.0,0.0,1.0,12.0,0.0,0.0,0.0,0.0,-0.010626894925427986,-0.013959871769923287,7.0,6.0,-0.004621013450638694,-0.0004633481113299144,1.0,1.0,0.0014022265658196651,0.00439530179307131,2.0,2.0,1,2
127,202504020212,8.0,9.0,8.0,63.0,1.0,2.0,0.0,5.0,0.0,1.0,0.0,0.0,3.0,1.0,5.0,12.0,0.0,0.0,0.0,0.0,0.0,0.0,0.0,0.0,0.0,0.0,1.0,3.0,0.0,0.0,0.0,0.0,0.0,0.0,0.0,0.0,-0.003252513305736251,-0.0011908400164399153,6.0,2.0,-0.007849504507026482,-0.00509212730318258,7.0,3.0,-0.007849504507026482,0.004908789386401327,4.0,5.0,6,11
128,202504020212,22.0,17.0,10.0,176.0,47.0,33.0,36.0,388.0,7.0,3.0,2.0,35.0,6.0,4.0,1.0,33.0,4.0,5.0,5.0,56.0,1.0,1.0,0.0,7.0,1.0,0.0,0.0,5.0,1.0,0.0,1.0,12.0,0.0,0.0,0.0,2.0,0.01067428766838872,0.014249902647975078,1.0,1.0,0.022875218309945163,0.02640673676012461,1.0,2.0,0.001412849494348602,0.004405892881729313,2.0,5.0,8,16
129,202504020212,33.0,33.0,30.0,266.0,5.0,2.0,3.0,22.0,2.0,1.0,0.0,2.0,4.0,4.0,5.0,28.0,1.0,1.0,0.0,4.0,0.0,1.0,0.0,1.0,0.0,0.0,2.0,8.0,0.0,0.0,0.0,0.0,0.0,0.0,0.0,0.0,0.005915126524801807,0.0048893147588511335,12.0,9.0,0.005921664833770409,0.005553616197518327,10.0,4.0,-0.02303459304376455,-0.026026557230123353,9.0,16.0,3,6
130,202504020212,22.0,17.0,10.0,176.0,21.0,17.0,19.0,191.0,1.0,3.0,0.0,4.0,6.0,4.0,1.0,33.0,4.0,2.0,3.0,21.0,0.0,0.0,0.0,0.0,1.0,0.0,0.0,5.0,0.0,0.0,0.0,3.0,0.0,0.0,0.0,0.0,0.005939670618265714,0.004913884179749884,11.0,4.0,0.0034040647220200436,-0.005218039508013418,6.0,6.0,0.00353795722681916,0.00021733145945319405,4.0,9.0,7,14
131,202504020212,5.0,8.0,8.0,69.0,3.0,5.0,5.0,41.0,1.0,0.0,0.0,0.0,2.0,0.0,3.0,10.0,1.0,0.0,1.0,4.0,1.0,0.0,0.0,0.0,0.0,0.0,0.0,2.0,0.0,0.0,0.0,1.0,0.0,0.0,0.0,0.0,0.027070467811521868,0.026710249330921476,14.0,5.0,0.022875218309945163,0.02640673676012461,10.0,1.0,-0.005430662227642813,-0.0012309510327679165,4.0,7.0,7,13
132,202504020212,4.0,5.0,7.0,41.0,9.0,1.0,1.0,18.0,0.0,0.0,0.0,0.0,0.0,0.0,0.0,4.0,1.0,0.0,0.0,1.0,0.0,0.0,0.0,0.0,0.0,0.0,0.0,0.0,0.0,0.0,0.0,0.0,0.0,0.0,0.0,0.0,0.02834888144189838,0.020875510271813082,2.0,5.0,-0.00571841779358839,-0.008602222240745526,3.0,7.0,0.011832614209018148,0.007353427739544733,2.0,8.0,4,7
133,202504020212,5.0,5.0,6.0,69.0,17.0,15.0,21.0,200.0,0.0,0.0,0.0,3.0,1.0,2.0,0.0,13.0,3.0,0.0,5.0,35.0,0.0,0.0,0.0,1.0,0.0,0.0,0.0,2.0,0.0,0.0,0.0,6.0,0.0,0.0,0.0,0.0,0.005890582431337899,0.02482303654837001,3.0,1.0,,,,,,,,,4,8
134,202504020212,7.0,8.0,5.0,67.0,1.0,0.0,1.0,12.0,0.0,0.0,0.0,0.0,0.0,3.0,2.0,16.0,1.0,0.0,0.0,1.0,0.0,0.0,0.0,0.0,0.0,0.0,0.0,2.0,0.0,0.0,0.0,0.0,0.0,0.0,0.0,0.0,,,,,,,,,,,,,2,3
135,202504020212,1.0,1.0,6.0,55.0,0.0,1.0,1.0,8.0,0.0,0.0,0.0,0.0,0.0,0.0,0.0,7.0,0.0,1.0,0.0,1.0,0.0,0.0,0.0,0.0,0.0,0.0,0.0,0.0,0.0,0.0,0.0,0.0,0.0,0.0,0.0,0.0,0.0,0.0,1.0,2.0,0.0,0.0,1.0,1.0,0.0,0.0,1.0,2.0,2,4
