,race_type,course_len,ground_state,class,avg_frame,avg_horse,total_winners,frame_1_wins,frame_2_wins,frame_3_wins,frame_4_wins,frame_5_wins,frame_6_wins,frame_7_wins,frame_8_wins,horse_1_wins,horse_2_wins,horse_3_wins,horse_4_wins,horse_5_wins,horse_6_wins,horse_7_wins,horse_8_wins,horse_9_wins,horse_10_wins,horse_11_wins,horse_12_wins,horse_13_wins,horse_14_wins,horse_15_wins,horse_16_wins,horse_17_wins,horse_18_wins
0,芝,1200,全,all,4.31,6.05,159,17,25,22,18,23,15,25,14,12,23,13,13,16,10,13,14,12,8,6,6,1,6,1,5,0,0
1,芝,1200,良,all,4.3,6.08,122,15,18,16,13,20,12,19,9,10,18,8,11,10,8,11,11,9,8,5,5,1,5,0,2,0,0
2,芝,1200,稍重,all,5.07,7.65,23,1,4,5,3,2,1,4,3,1,3,4,0,4,1,2,2,3,0,0,1,0,0,1,1,0,0
3,芝,1200,重,all,4.5,6.31,14,1,3,1,2,1,2,2,2,1,2,1,2,2,1,0,1,0,0,1,0,0,1,0,2,0,0
4,芝,1200,不良,all,,,0,0,0,0,0,0,0,0,0,0,0,0,0,0,0,0,0,0,0,0,0,0,0,0,0,0,0
5,芝,1200,全,未勝利,3.93,5.98,25,5,5,3,2,3,1,6,0,5,3,2,3,2,0,1,1,2,2,1,1,0,2,0,0,0,0
6,芝,1200,良,未勝利,3.88,6.01,22,4,4,3,2,2,1,6,0,4,2,2,3,1,0,1,1,2,2,1,1,0,2,0,0,0,0
7,芝,1200,稍重,未勝利,3.5,3.5,2,0,1,0,0,1,0,0,0,0,1,0,0,1,0,0,0,0,0,0,0,0,0,0,0,0,0
8,芝,1200,重,未勝利,1.0,1.0,1,1,0,0,0,0,0,0,0,1,0,0,0,0,0,0,0,0,0,0,0,0,0,0,0,0,0
9,芝,1200,不良,未勝利,,,0,0,0,0,0,0,0,0,0,0,0,0,0,0,0,0,0,0,0,0,0,0,0,0,0,0,0
10,芝,1200,全,新馬,4.36,4.83,23,1,4,5,2,4,3,4,0,1,4,5,2,3,2,3,1,1,0,1,0,0,0,0,0,0,0
11,芝,1200,良,新馬,4.21,4.62,16,1,3,2,2,4,2,2,0,1,3,2,2,3,1,2,1,0,0,1,0,0,0,0,0,0,0
12,芝,1200,稍重,新馬,4.38,4.62,5,0,1,2,0,0,0,2,0,0,1,2,0,0,0,1,0,1,0,0,0,0,0,0,0,0,0
13,芝,1200,重,新馬,4.5,4.5,2,0,0,1,0,0,1,0,0,0,0,1,0,0,1,0,0,0,0,0,0,0,0,0,0,0,0
14,芝,1200,不良,新馬,,,0,0,0,0,0,0,0,0,0,0,0,0,0,0,0,0,0,0,0,0,0,0,0,0,0,0,0
15,芝,1200,全,1勝クラス,4.84,6.44,29,2,7,4,2,1,1,7,5,2,5,3,2,2,1,3,3,0,3,1,0,1,1,0,2,0,0
16,芝,1200,良,1勝クラス,4.93,6.61,20,2,3,3,1,1,1,6,3,2,2,2,1,2,0,3,2,0,3,0,0,1,1,0,1,0,0
17,芝,1200,稍重,1勝クラス,4.83,5.5,4,0,1,1,1,0,0,0,1,0,1,1,0,0,1,0,1,0,0,0,0,0,0,0,0,0,0
18,芝,1200,重,1勝クラス,3.83,6.5,5,0,3,0,0,0,0,1,1,0,2,0,1,0,0,0,0,0,0,1,0,0,0,0,1,0,0
19,芝,1200,不良,1勝クラス,,,0,0,0,0,0,0,0,0,0,0,0,0,0,0,0,0,0,0,0,0,0,0,0,0,0,0,0
20,芝,1200,全,2勝クラス,5.33,7.82,33,2,4,4,4,5,3,5,6,2,3,1,4,3,2,1,4,5,1,0,5,0,1,0,1,0,0
21,芝,1200,良,2勝クラス,5.38,7.98,29,2,4,4,3,4,2,4,6,2,3,1,4,1,2,1,3,5,1,0,4,0,1,0,1,0,0
22,芝,1200,稍重,2勝クラス,7.0,12.0,1,0,0,0,0,0,0,1,0,0,0,0,0,0,0,0,0,0,0,0,1,0,0,0,0,0,0
23,芝,1200,重,2勝クラス,5.0,5.75,3,0,0,0,1,1,1,0,0,0,0,0,0,2,0,0,1,0,0,0,0,0,0,0,0,0,0
24,芝,1200,不良,2勝クラス,,,0,0,0,0,0,0,0,0,0,0,0,0,0,0,0,0,0,0,0,0,0,0,0,0,0,0,0
25,芝,1200,全,3勝クラス,4.26,7.51,20,3,2,2,4,2,5,1,1,0,4,1,0,0,3,1,5,2,0,2,0,0,1,1,0,0,0
26,芝,1200,良,3勝クラス,3.43,5.9,15,3,2,2,3,1,4,0,0,0,4,1,0,0,3,1,4,0,0,2,0,0,0,0,0,0,0
27,芝,1200,稍重,3勝クラス,5.75,10.25,4,0,0,0,1,1,1,0,1,0,0,0,0,0,0,0,1,2,0,0,0,0,0,1,0,0,0
28,芝,1200,重,3勝クラス,7.0,14.0,1,0,0,0,0,0,0,1,0,0,0,0,0,0,0,0,0,0,0,0,0,0,1,0,0,0,0
29,芝,1200,不良,3勝クラス,,,0,0,0,0,0,0,0,0,0,0,0,0,0,0,0,0,0,0,0,0,0,0,0,0,0,0,0
30,芝,1200,全,オープン,4.02,6.06,23,2,3,4,3,6,2,1,2,0,4,1,2,5,2,3,0,0,2,1,0,0,1,0,2,0,0
31,芝,1200,良,オープン,4.05,6.19,17,2,2,2,2,6,2,1,0,0,4,0,1,3,2,3,0,0,2,1,0,0,1,0,0,0,0
32,芝,1200,稍重,オープン,3.5,6.17,4,0,1,2,0,0,0,0,1,0,0,1,0,2,0,0,0,0,0,0,0,0,0,0,1,0,0
33,芝,1200,重,オープン,6.0,10.0,2,0,0,0,1,0,0,0,1,0,0,0,1,0,0,0,0,0,0,0,0,0,0,0,1,0,0
34,芝,1200,不良,オープン,,,0,0,0,0,0,0,0,0,0,0,0,0,0,0,0,0,0,0,0,0,0,0,0,0,0,0,0
35,芝,1400,全,all,4.14,6.35,240,23,28,45,32,29,33,31,19,17,21,20,28,27,16,18,16,21,15,12,6,4,7,3,3,3,3
36,芝,1400,良,all,4.22,6.66,200,18,22,37,26,26,30,26,15,14,16,14,24,24,13,13,14,19,13,10,6,4,5,3,2,3,3
37,芝,1400,稍重,all,3.81,5.38,30,3,5,6,6,2,1,3,4,2,3,5,3,3,2,4,2,2,1,1,0,0,1,0,1,0,0
38,芝,1400,重,all,4.07,5.93,10,2,1,2,0,1,2,2,0,1,2,1,1,0,1,1,0,0,1,1,0,0,1,0,0,0,0
39,芝,1400,不良,all,,,0,0,0,0,0,0,0,0,0,0,0,0,0,0,0,0,0,0,0,0,0,0,0,0,0,0,0
40,芝,1400,全,未勝利,4.37,7.61,50,6,7,12,6,5,6,7,1,3,4,6,5,7,3,4,5,2,2,2,2,2,1,2,0,0,0
41,芝,1400,良,未勝利,4.3,7.58,40,5,6,9,5,4,5,6,0,3,3,4,5,5,3,1,4,2,2,2,2,2,0,2,0,0,0
42,芝,1400,稍重,未勝利,3.6,4.9,7,0,1,3,1,1,0,0,1,0,0,2,0,2,0,2,1,0,0,0,0,0,0,0,0,0,0
43,芝,1400,重,未勝利,4.67,7.67,3,1,0,0,0,0,1,1,0,0,1,0,0,0,0,1,0,0,0,0,0,0,1,0,0,0,0
44,芝,1400,不良,未勝利,,,0,0,0,0,0,0,0,0,0,0,0,0,0,0,0,0,0,0,0,0,0,0,0,0,0,0,0
45,芝,1400,全,新馬,4.08,6.49,35,4,4,10,2,5,5,3,2,2,5,4,2,5,2,2,2,1,5,2,0,0,1,0,1,0,1
46,芝,1400,良,新馬,4.13,6.58,31,4,3,9,2,3,5,3,2,2,4,3,2,5,2,2,2,1,3,2,0,0,1,0,1,0,1
47,芝,1400,稍重,新馬,3.5,6.0,2,0,1,0,0,1,0,0,0,0,1,0,0,0,0,0,0,0,1,0,0,0,0,0,0,0,0
48,芝,1400,重,新馬,4.0,6.5,2,0,0,1,0,1,0,0,0,0,0,1,0,0,0,0,0,0,1,0,0,0,0,0,0,0,0
49,芝,1400,不良,新馬,,,0,0,0,0,0,0,0,0,0,0,0,0,0,0,0,0,0,0,0,0,0,0,0,0,0,0,0
50,芝,1400,全,1勝クラス,4.72,7.06,46,6,4,5,7,3,7,5,9,5,4,3,3,3,3,6,3,5,1,3,1,0,1,0,2,1,2
51,芝,1400,良,1勝クラス,4.87,7.79,33,4,3,4,3,3,5,3,8,4,3,2,0,3,1,4,2,4,1,3,1,0,1,0,1,1,2
52,芝,1400,稍重,1勝クラス,3.73,5.46,11,2,1,0,4,0,1,2,1,1,1,1,2,0,1,2,1,1,0,0,0,0,0,0,1,0,0
53,芝,1400,重,1勝クラス,4.5,5.0,2,0,0,1,0,0,1,0,0,0,0,0,1,0,1,0,0,0,0,0,0,0,0,0,0,0,0
54,芝,1400,不良,1勝クラス,,,0,0,0,0,0,0,0,0,0,0,0,0,0,0,0,0,0,0,0,0,0,0,0,0,0,0,0
55,芝,1400,全,2勝クラス,4.67,6.7,46,3,5,6,6,9,4,8,5,3,5,3,4,6,2,5,3,8,2,2,0,1,1,0,0,1,0
56,芝,1400,良,2勝クラス,4.53,6.62,41,3,3,6,6,9,4,7,3,3,3,3,4,6,2,5,3,7,2,1,0,1,0,0,0,1,0
57,芝,1400,稍重,2勝クラス,6.83,9.83,4,0,1,0,0,0,0,1,2,0,1,0,0,0,0,0,0,1,0,1,0,0,1,0,0,0,0
58,芝,1400,重,2勝クラス,2.0,2.0,1,0,1,0,0,0,0,0,0,0,1,0,0,0,0,0,0,0,0,0,0,0,0,0,0,0,0
59,芝,1400,不良,2勝クラス,,,0,0,0,0,0,0,0,0,0,0,0,0,0,0,0,0,0,0,0,0,0,0,0,0,0,0,0
60,芝,1400,全,3勝クラス,4.2,6.15,25,1,5,2,4,4,5,4,0,1,3,2,4,0,3,0,1,4,3,2,1,0,1,0,0,0,0
61,芝,1400,良,3勝クラス,4.2,6.18,22,1,4,1,4,4,5,3,0,1,3,0,4,0,3,0,1,4,3,1,1,0,1,0,0,0,0
62,芝,1400,稍重,3勝クラス,2.5,3.0,2,0,1,1,0,0,0,0,0,0,0,2,0,0,0,0,0,0,0,0,0,0,0,0,0,0,0
63,芝,1400,重,3勝クラス,7.0,11.0,1,0,0,0,0,0,0,1,0,0,0,0,0,0,0,0,0,0,0,1,0,0,0,0,0,0,0
64,芝,1400,不良,3勝クラス,,,0,0,0,0,0,0,0,0,0,0,0,0,0,0,0,0,0,0,0,0,0,0,0,0,0,0,0
65,芝,1400,全,オープン,4.09,6.82,33,3,3,8,4,3,6,4,2,3,0,0,7,6,3,1,2,1,2,1,2,1,2,1,0,1,0
66,芝,1400,良,オープン,4.49,7.46,29,1,3,6,4,3,6,4,2,1,0,0,7,5,2,1,2,1,2,1,2,1,2,1,0,1,0
67,芝,1400,稍重,オープン,2.5,4.25,3,1,0,2,0,0,0,0,0,1,0,0,0,1,1,0,0,0,0,0,0,0,0,0,0,0,0
68,芝,1400,重,オープン,1.0,1.0,1,1,0,0,0,0,0,0,0,1,0,0,0,0,0,0,0,0,0,0,0,0,0,0,0,0,0
69,芝,1400,不良,オープン,,,0,0,0,0,0,0,0,0,0,0,0,0,0,0,0,0,0,0,0,0,0,0,0,0,0,0,0
70,芝,1600,全,all,4.78,7.25,385,31,48,52,50,54,43,52,55,24,31,34,30,33,37,26,37,34,24,13,19,14,12,4,8,3,2
71,芝,1600,良,all,4.71,7.12,296,20,40,41,43,41,35,37,39,15,26,26,26,25,27,21,30,24,21,10,15,11,9,2,6,1,1
72,芝,1600,稍重,all,5.01,7.77,71,9,7,9,5,9,7,12,13,7,4,8,2,6,9,5,4,8,3,2,3,2,1,2,2,2,1
73,芝,1600,重,all,5.25,7.86,18,2,1,2,2,4,1,3,3,2,1,0,2,2,1,0,3,2,0,1,1,1,2,0,0,0,0
74,芝,1600,不良,all,,,0,0,0,0,0,0,0,0,0,0,0,0,0,0,0,0,0,0,0,0,0,0,0,0,0,0,0
75,芝,1600,全,未勝利,4.45,7.59,110,8,15,19,13,10,15,14,16,5,7,12,7,5,14,8,8,5,7,4,8,4,6,1,4,3,2
76,芝,1600,良,未勝利,4.43,7.31,83,4,10,16,12,7,13,11,10,2,6,8,6,3,11,8,7,4,6,4,6,4,4,0,2,1,1
77,芝,1600,稍重,未勝利,4.74,9.16,23,3,5,3,1,3,2,1,5,2,1,4,1,2,3,0,1,1,1,0,1,0,0,1,2,2,1
78,芝,1600,重,未勝利,5.33,9.0,4,1,0,0,0,0,0,2,1,1,0,0,0,0,0,0,0,0,0,0,1,0,2,0,0,0,0
79,芝,1600,不良,未勝利,,,0,0,0,0,0,0,0,0,0,0,0,0,0,0,0,0,0,0,0,0,0,0,0,0,0,0,0
80,芝,1600,全,新馬,4.43,6.32,54,5,7,9,8,7,8,2,8,5,4,3,4,8,5,4,7,6,2,2,3,0,0,0,1,0,0
81,芝,1600,良,新馬,4.33,6.24,47,3,7,9,8,7,6,0,7,3,4,3,4,8,5,3,5,6,2,0,3,0,0,0,1,0,0
82,芝,1600,稍重,新馬,5.2,6.9,6,2,0,0,0,0,1,2,1,2,0,0,0,0,0,1,1,0,0,2,0,0,0,0,0,0,0
83,芝,1600,重,新馬,6.0,8.0,1,0,0,0,0,0,1,0,0,0,0,0,0,0,0,0,1,0,0,0,0,0,0,0,0,0,0
84,芝,1600,不良,新馬,,,0,0,0,0,0,0,0,0,0,0,0,0,0,0,0,0,0,0,0,0,0,0,0,0,0,0,0
85,芝,1600,全,1勝クラス,5.29,8.11,65,5,6,5,12,9,6,10,12,4,4,6,6,6,7,6,2,3,4,3,3,3,3,2,3,0,0
86,芝,1600,良,1勝クラス,5.04,7.85,49,4,5,4,9,8,5,5,9,4,2,5,5,4,5,4,2,2,3,2,2,3,2,1,3,0,0
87,芝,1600,稍重,1勝クラス,5.81,8.4,13,1,1,1,1,1,1,5,2,0,2,1,0,1,2,2,0,1,1,0,1,0,1,1,0,0,0
88,芝,1600,重,1勝クラス,5.33,6.67,3,0,0,0,2,0,0,0,1,0,0,0,1,1,0,0,0,0,0,1,0,0,0,0,0,0,0
89,芝,1600,不良,1勝クラス,,,0,0,0,0,0,0,0,0,0,0,0,0,0,0,0,0,0,0,0,0,0,0,0,0,0,0,0
90,芝,1600,全,2勝クラス,5.18,5.92,47,4,4,5,6,6,3,7,12,4,4,4,5,7,1,2,9,5,2,1,1,2,0,0,0,0,0
91,芝,1600,良,2勝クラス,5.09,5.8,33,2,4,3,6,4,1,5,8,2,4,2,5,6,0,1,6,3,1,1,1,1,0,0,0,0,0
92,芝,1600,稍重,2勝クラス,5.83,6.92,11,1,0,2,0,1,2,2,3,1,0,2,0,0,1,1,2,2,1,0,0,1,0,0,0,0,0
93,芝,1600,重,2勝クラス,4.67,4.67,3,1,0,0,0,1,0,0,1,1,0,0,0,1,0,0,1,0,0,0,0,0,0,0,0,0,0
94,芝,1600,不良,2勝クラス,,,0,0,0,0,0,0,0,0,0,0,0,0,0,0,0,0,0,0,0,0,0,0,0,0,0,0,0
95,芝,1600,全,3勝クラス,4.81,6.35,22,0,3,4,3,3,2,5,2,0,3,3,1,1,1,0,6,5,1,0,0,0,1,0,0,0,0
96,芝,1600,良,3勝クラス,4.93,6.61,16,0,3,2,1,2,2,5,1,0,3,2,0,0,0,0,6,3,1,0,0,0,1,0,0,0,0
97,芝,1600,稍重,3勝クラス,4.2,5.7,6,0,0,2,2,1,0,0,1,0,0,1,1,1,1,0,0,2,0,0,0,0,0,0,0,0,0
98,芝,1600,重,3勝クラス,,,0,0,0,0,0,0,0,0,0,0,0,0,0,0,0,0,0,0,0,0,0,0,0,0,0,0,0
99,芝,1600,不良,3勝クラス,,,0,0,0,0,0,0,0,0,0,0,0,0,0,0,0,0,0,0,0,0,0,0,0,0,0,0,0
100,芝,1600,全,オープン,4.54,7.47,77,8,13,8,8,16,7,13,4,5,9,5,7,3,8,4,5,10,7,3,3,5,2,1,0,0,0
101,芝,1600,良,オープン,4.5,7.5,58,6,11,5,7,10,6,10,3,3,7,5,6,1,5,3,4,6,7,3,2,3,2,1,0,0,0
102,芝,1600,稍重,オープン,4.55,6.55,12,2,1,1,1,3,1,2,1,2,1,0,0,2,2,1,0,2,0,0,1,1,0,0,0,0,0
103,芝,1600,重,オープン,4.3,7.2,7,0,1,2,0,3,0,1,0,0,1,0,1,0,1,0,1,2,0,0,0,1,0,0,0,0,0
104,芝,1600,不良,オープン,,,0,0,0,0,0,0,0,0,0,0,0,0,0,0,0,0,0,0,0,0,0,0,0,0,0,0,0
105,芝,1800,全,all,4.65,6.34,277,28,35,29,39,31,40,35,40,23,30,21,33,24,22,25,23,21,10,13,14,4,6,2,3,0,3
106,芝,1800,良,all,4.86,6.59,222,22,22,24,30,24,35,29,36,18,22,15,25,20,16,20,22,17,9,11,13,3,5,2,2,0,2
107,芝,1800,稍重,all,3.81,5.29,45,5,12,4,6,5,5,6,2,4,7,5,7,3,6,4,1,2,1,1,1,1,1,0,1,0,0
108,芝,1800,重,all,3.96,5.5,9,1,1,1,3,2,0,0,1,1,1,1,1,1,0,1,0,2,0,1,0,0,0,0,0,0,0
109,芝,1800,不良,all,8.0,18.0,1,0,0,0,0,0,0,0,1,0,0,0,0,0,0,0,0,0,0,0,0,0,0,0,0,0,1
110,芝,1800,全,未勝利,4.77,7.49,93,8,10,14,13,15,15,9,9,5,6,8,11,8,7,9,8,11,1,3,6,3,2,0,2,0,3
111,芝,1800,良,未勝利,4.94,7.63,71,7,3,12,11,10,14,7,7,5,3,5,8,7,5,7,8,7,1,3,6,2,1,0,1,0,2
112,芝,1800,稍重,未勝利,4.02,6.73,19,1,7,2,2,3,1,2,1,0,3,3,3,1,2,2,0,2,0,0,0,1,1,0,1,0,0
113,芝,1800,重,未勝利,5.0,9.0,2,0,0,0,0,2,0,0,0,0,0,0,0,0,0,0,0,2,0,0,0,0,0,0,0,0,0
114,芝,1800,不良,未勝利,8.0,18.0,1,0,0,0,0,0,0,0,1,0,0,0,0,0,0,0,0,0,0,0,0,0,0,0,0,0,1
115,芝,1800,全,新馬,4.07,4.72,38,6,7,4,5,4,4,4,4,5,8,3,3,6,3,3,0,4,1,0,1,0,0,1,0,0,0
116,芝,1800,良,新馬,4.14,4.79,31,4,6,3,5,3,3,3,4,3,7,2,3,5,2,3,0,4,1,0,0,0,0,1,0,0,0
117,芝,1800,稍重,新馬,4.5,5.33,5,1,0,1,0,1,1,1,0,1,0,1,0,1,1,0,0,0,0,0,1,0,0,0,0,0,0
118,芝,1800,重,新馬,1.5,1.5,2,1,1,0,0,0,0,0,0,1,1,0,0,0,0,0,0,0,0,0,0,0,0,0,0,0,0
119,芝,1800,不良,新馬,,,0,0,0,0,0,0,0,0,0,0,0,0,0,0,0,0,0,0,0,0,0,0,0,0,0,0,0
120,芝,1800,全,1勝クラス,4.69,5.91,57,5,7,5,9,4,6,12,9,5,6,4,9,3,5,5,5,1,4,5,3,1,0,1,0,0,0
121,芝,1800,良,1勝クラス,5.03,6.3,44,2,4,3,8,4,5,10,8,2,3,3,8,3,3,4,5,1,3,4,3,1,0,1,0,0,0
122,芝,1800,稍重,1勝クラス,2.8,3.32,11,3,3,1,1,0,1,2,0,3,3,0,1,0,2,1,0,0,1,0,0,0,0,0,0,0,0
123,芝,1800,重,1勝クラス,5.5,7.0,2,0,0,1,0,0,0,0,1,0,0,1,0,0,0,0,0,0,0,1,0,0,0,0,0,0,0
124,芝,1800,不良,1勝クラス,,,0,0,0,0,0,0,0,0,0,0,0,0,0,0,0,0,0,0,0,0,0,0,0,0,0,0,0
125,芝,1800,全,2勝クラス,4.75,5.13,36,4,6,2,6,4,5,3,6,4,6,2,5,4,4,3,5,2,0,1,0,0,0,0,0,0,0
126,芝,1800,良,2勝クラス,4.68,4.97,30,4,6,2,3,3,4,3,5,4,6,2,3,2,4,2,5,2,0,0,0,0,0,0,0,0,0
127,芝,1800,稍重,2勝クラス,5.0,5.5,5,0,0,0,2,1,1,0,1,0,0,0,2,1,0,1,0,0,0,1,0,0,0,0,0,0,0
128,芝,1800,重,2勝クラス,4.0,5.0,1,0,0,0,1,0,0,0,0,0,0,0,0,1,0,0,0,0,0,0,0,0,0,0,0,0,0
129,芝,1800,不良,2勝クラス,,,0,0,0,0,0,0,0,0,0,0,0,0,0,0,0,0,0,0,0,0,0,0,0,0,0,0,0
130,芝,1800,全,3勝クラス,6.12,8.56,24,2,1,1,2,3,4,3,8,1,2,0,1,2,1,2,3,3,3,2,2,0,2,0,0,0,0
131,芝,1800,良,3勝クラス,6.2,8.63,23,2,1,1,1,3,4,3,8,1,2,0,1,2,1,1,3,3,3,2,2,0,2,0,0,0,0
132,芝,1800,稍重,3勝クラス,,,0,0,0,0,0,0,0,0,0,0,0,0,0,0,0,0,0,0,0,0,0,0,0,0,0,0,0
133,芝,1800,重,3勝クラス,4.0,7.0,1,0,0,0,1,0,0,0,0,0,0,0,0,0,0,1,0,0,0,0,0,0,0,0,0,0,0
134,芝,1800,不良,3勝クラス,,,0,0,0,0,0,0,0,0,0,0,0,0,0,0,0,0,0,0,0,0,0,0,0,0,0,0,0
135,芝,1800,全,オープン,4.61,6.32,24,3,2,3,4,1,4,4,3,3,0,4,4,1,1,2,2,0,1,2,2,0,1,0,1,0,0
136,芝,1800,良,オープン,4.64,6.68,20,3,1,3,2,1,4,3,3,3,0,3,2,1,1,2,1,0,1,2,2,0,1,0,1,0,0
137,芝,1800,稍重,オープン,4.25,4.75,3,0,1,0,1,0,0,1,0,0,0,1,1,0,0,0,1,0,0,0,0,0,0,0,0,0,0
138,芝,1800,重,オープン,4.0,4.0,1,0,0,0,1,0,0,0,0,0,0,0,1,0,0,0,0,0,0,0,0,0,0,0,0,0,0
139,芝,1800,不良,オープン,,,0,0,0,0,0,0,0,0,0,0,0,0,0,0,0,0,0,0,0,0,0,0,0,0,0,0,0
140,芝,2000,全,all,4.82,6.34,294,37,30,27,34,32,40,42,52,35,25,25,22,23,26,30,28,20,14,13,16,8,2,4,3,0,0
141,芝,2000,良,all,4.68,6.19,243,35,26,23,30,23,32,33,41,33,23,20,19,19,21,25,18,17,11,10,13,7,2,3,2,0,0
142,芝,2000,稍重,all,5.69,7.38,40,1,3,3,3,7,6,7,10,1,2,4,1,3,4,5,7,3,2,3,2,1,0,1,1,0,0
143,芝,2000,重,all,5.52,6.38,11,1,1,1,1,2,2,2,1,1,0,1,2,1,1,0,3,0,1,0,1,0,0,0,0,0,0
144,芝,2000,不良,all,,,0,0,0,0,0,0,0,0,0,0,0,0,0,0,0,0,0,0,0,0,0,0,0,0,0,0,0
145,芝,2000,全,未勝利,4.88,7.35,91,12,9,6,10,12,10,11,21,10,5,5,7,3,8,11,6,7,5,3,9,5,1,3,3,0,0
146,芝,2000,良,未勝利,4.78,7.11,72,11,7,6,7,8,8,8,17,9,5,4,5,3,7,8,4,5,4,2,6,5,1,2,2,0,0
147,芝,2000,稍重,未勝利,5.83,9.24,14,0,1,0,2,3,2,2,4,0,0,1,0,0,1,3,2,2,0,1,2,0,0,1,1,0,0
148,芝,2000,重,未勝利,4.56,7.0,5,1,1,0,1,1,0,1,0,1,0,0,2,0,0,0,0,0,1,0,1,0,0,0,0,0,0
149,芝,2000,不良,未勝利,,,0,0,0,0,0,0,0,0,0,0,0,0,0,0,0,0,0,0,0,0,0,0,0,0,0,0,0
150,芝,2000,全,新馬,4.55,5.21,39,5,7,4,2,5,5,4,7,5,7,4,0,7,3,2,3,3,2,1,2,0,0,0,0,0,0
151,芝,2000,良,新馬,4.29,4.87,35,5,7,4,2,4,4,4,5,5,7,4,0,6,3,2,2,2,2,0,2,0,0,0,0,0,0
152,芝,2000,稍重,新馬,6.83,8.67,4,0,0,0,0,1,1,0,2,0,0,0,0,1,0,0,1,1,0,1,0,0,0,0,0,0,0
153,芝,2000,重,新馬,,,0,0,0,0,0,0,0,0,0,0,0,0,0,0,0,0,0,0,0,0,0,0,0,0,0,0,0
154,芝,2000,不良,新馬,,,0,0,0,0,0,0,0,0,0,0,0,0,0,0,0,0,0,0,0,0,0,0,0,0,0,0,0
155,芝,2000,全,1勝クラス,4.72,5.09,47,4,7,6,5,2,5,12,6,4,7,6,5,2,3,8,5,3,3,0,0,1,0,0,0,0,0
156,芝,2000,良,1勝クラス,4.64,5.02,39,4,7,4,4,2,3,10,5,4,7,4,4,2,2,6,4,3,2,0,0,1,0,0,0,0,0
157,芝,2000,稍重,1勝クラス,5.12,5.62,5,0,0,1,1,0,1,2,0,0,0,1,1,0,0,2,0,0,1,0,0,0,0,0,0,0,0
158,芝,2000,重,1勝クラス,5.67,5.67,3,0,0,1,0,0,1,0,1,0,0,1,0,0,1,0,1,0,0,0,0,0,0,0,0,0,0
159,芝,2000,不良,1勝クラス,,,0,0,0,0,0,0,0,0,0,0,0,0,0,0,0,0,0,0,0,0,0,0,0,0,0,0,0
160,芝,2000,全,2勝クラス,4.94,5.66,42,9,1,4,2,7,7,2,10,9,1,4,1,5,8,1,6,3,1,1,0,1,1,0,0,0,0
161,芝,2000,良,2勝クラス,4.68,5.68,33,8,1,2,2,5,6,1,8,8,1,2,1,3,7,1,3,3,1,1,0,1,1,0,0,0,0
162,芝,2000,稍重,2勝クラス,5.75,5.75,7,1,0,2,0,1,1,0,2,1,0,2,0,1,1,0,2,0,0,0,0,0,0,0,0,0,0
163,芝,2000,重,2勝クラス,6.0,6.5,2,0,0,0,0,1,0,1,0,0,0,0,0,1,0,0,1,0,0,0,0,0,0,0,0,0,0
164,芝,2000,不良,2勝クラス,,,0,0,0,0,0,0,0,0,0,0,0,0,0,0,0,0,0,0,0,0,0,0,0,0,0,0,0
165,芝,2000,全,3勝クラス,5.08,7.51,24,3,3,4,3,0,4,4,3,3,3,3,3,0,1,1,1,2,1,3,2,0,0,1,0,0,0
166,芝,2000,良,3勝クラス,4.73,6.83,22,3,3,4,3,0,4,3,2,3,3,3,3,0,1,1,1,2,0,2,2,0,0,1,0,0,0
167,芝,2000,稍重,3勝クラス,7.5,10.5,2,0,0,0,0,0,0,1,1,0,0,0,0,0,0,0,0,0,1,1,0,0,0,0,0,0,0
168,芝,2000,重,3勝クラス,,,0,0,0,0,0,0,0,0,0,0,0,0,0,0,0,0,0,0,0,0,0,0,0,0,0,0,0
169,芝,2000,不良,3勝クラス,,,0,0,0,0,0,0,0,0,0,0,0,0,0,0,0,0,0,0,0,0,0,0,0,0,0,0,0
170,芝,2000,全,オープン,4.88,6.48,44,4,2,3,11,4,9,8,3,4,1,3,5,5,2,7,7,2,1,4,2,1,0,0,0,0,0
171,芝,2000,良,オープン,4.73,6.41,37,4,1,3,11,3,7,6,2,4,0,3,5,4,1,7,4,2,1,4,2,0,0,0,0,0,0
172,芝,2000,稍重,オープン,6.1,6.9,6,0,1,0,0,1,1,2,1,0,1,0,0,1,1,0,2,0,0,0,0,1,0,0,0,0,0
173,芝,2000,重,オープン,6.0,8.0,1,0,0,0,0,0,1,0,0,0,0,0,0,0,0,0,1,0,0,0,0,0,0,0,0,0,0
174,芝,2000,不良,オープン,,,0,0,0,0,0,0,0,0,0,0,0,0,0,0,0,0,0,0,0,0,0,0,0,0,0,0,0
175,芝,2200,全,all,5.0,7.06,73,4,7,13,9,9,10,8,13,3,6,7,12,6,7,5,2,6,2,2,6,1,1,2,2,0,3
176,芝,2200,良,all,4.98,6.74,58,4,3,13,8,7,9,3,11,3,3,7,10,6,7,5,2,5,0,1,4,1,0,1,1,0,2
177,芝,2200,稍重,all,4.83,7.92,9,0,3,0,1,1,1,2,1,0,2,0,2,0,0,0,0,0,2,1,1,0,0,0,1,0,0
178,芝,2200,重,all,6.0,11.62,6,0,1,0,0,1,0,3,1,0,1,0,0,0,0,0,0,1,0,0,1,0,1,1,0,0,1
179,芝,2200,不良,all,,,0,0,0,0,0,0,0,0,0,0,0,0,0,0,0,0,0,0,0,0,0,0,0,0,0,0,0
180,芝,2200,全,未勝利,5.04,8.82,18,1,2,4,1,4,0,5,1,0,1,2,3,2,0,1,1,1,2,0,1,1,1,1,0,0,1
181,芝,2200,良,未勝利,4.45,7.36,12,1,1,4,1,2,0,2,1,0,1,2,2,2,0,1,1,0,0,0,0,1,0,1,0,0,1
182,芝,2200,稍重,未勝利,5.25,8.5,3,0,1,0,0,1,0,1,0,0,0,0,1,0,0,0,0,0,2,0,0,0,0,0,0,0,0
183,芝,2200,重,未勝利,6.33,11.67,3,0,0,0,0,1,0,2,0,0,0,0,0,0,0,0,0,1,0,0,1,0,1,0,0,0,0
184,芝,2200,不良,未勝利,,,0,0,0,0,0,0,0,0,0,0,0,0,0,0,0,0,0,0,0,0,0,0,0,0,0,0,0
185,芝,2200,全,新馬,,,0,0,0,0,0,0,0,0,0,0,0,0,0,0,0,0,0,0,0,0,0,0,0,0,0,0,0
186,芝,2200,良,新馬,,,0,0,0,0,0,0,0,0,0,0,0,0,0,0,0,0,0,0,0,0,0,0,0,0,0,0,0
187,芝,2200,稍重,新馬,,,0,0,0,0,0,0,0,0,0,0,0,0,0,0,0,0,0,0,0,0,0,0,0,0,0,0,0
188,芝,2200,重,新馬,,,0,0,0,0,0,0,0,0,0,0,0,0,0,0,0,0,0,0,0,0,0,0,0,0,0,0,0
189,芝,2200,不良,新馬,,,0,0,0,0,0,0,0,0,0,0,0,0,0,0,0,0,0,0,0,0,0,0,0,0,0,0,0
190,芝,2200,全,1勝クラス,4.28,5.44,12,1,1,3,1,2,2,2,0,1,1,2,1,1,3,0,0,1,0,1,0,0,0,1,0,0,0
191,芝,2200,良,1勝クラス,4.0,4.8,11,1,1,3,1,2,2,1,0,1,1,2,1,1,3,0,0,1,0,1,0,0,0,0,0,0,0
192,芝,2200,稍重,1勝クラス,,,0,0,0,0,0,0,0,0,0,0,0,0,0,0,0,0,0,0,0,0,0,0,0,0,0,0,0
193,芝,2200,重,1勝クラス,7.0,15.0,1,0,0,0,0,0,0,1,0,0,0,0,0,0,0,0,0,0,0,0,0,0,0,1,0,0,0
194,芝,2200,不良,1勝クラス,,,0,0,0,0,0,0,0,0,0,0,0,0,0,0,0,0,0,0,0,0,0,0,0,0,0,0,0
195,芝,2200,全,2勝クラス,3.83,4.06,12,1,2,2,2,2,2,0,1,1,2,2,2,2,1,1,0,1,0,0,0,0,0,0,0,0,0
196,芝,2200,良,2勝クラス,4.3,4.56,9,1,0,2,1,2,2,0,1,1,0,2,1,2,1,1,0,1,0,0,0,0,0,0,0,0,0
197,芝,2200,稍重,2勝クラス,3.0,3.0,2,0,1,0,1,0,0,0,0,0,1,0,1,0,0,0,0,0,0,0,0,0,0,0,0,0,0
198,芝,2200,重,2勝クラス,2.0,2.0,1,0,1,0,0,0,0,0,0,0,1,0,0,0,0,0,0,0,0,0,0,0,0,0,0,0,0
199,芝,2200,不良,2勝クラス,,,0,0,0,0,0,0,0,0,0,0,0,0,0,0,0,0,0,0,0,0,0,0,0,0,0,0,0
200,芝,2200,全,3勝クラス,5.47,7.17,9,0,1,1,1,0,3,0,3,0,1,0,2,0,0,2,0,2,0,0,2,0,0,0,0,0,0
201,芝,2200,良,3勝クラス,5.47,7.17,9,0,1,1,1,0,3,0,3,0,1,0,2,0,0,2,0,2,0,0,2,0,0,0,0,0,0
202,芝,2200,稍重,3勝クラス,,,0,0,0,0,0,0,0,0,0,0,0,0,0,0,0,0,0,0,0,0,0,0,0,0,0,0,0
203,芝,2200,重,3勝クラス,,,0,0,0,0,0,0,0,0,0,0,0,0,0,0,0,0,0,0,0,0,0,0,0,0,0,0,0
204,芝,2200,不良,3勝クラス,,,0,0,0,0,0,0,0,0,0,0,0,0,0,0,0,0,0,0,0,0,0,0,0,0,0,0,0
205,芝,2200,全,オープン,5.7,8.29,20,1,0,3,4,1,2,1,8,1,0,1,4,1,2,1,1,1,0,1,3,0,0,0,2,0,2
206,芝,2200,良,オープン,5.05,6.8,16,1,0,3,4,1,1,0,6,1,0,1,4,1,2,1,1,1,0,0,2,0,0,0,1,0,1
207,芝,2200,稍重,オープン,7.0,13.0,3,0,0,0,0,0,1,1,1,0,0,0,0,0,0,0,0,0,0,1,1,0,0,0,1,0,0
208,芝,2200,重,オープン,8.0,18.0,1,0,0,0,0,0,0,0,1,0,0,0,0,0,0,0,0,0,0,0,0,0,0,0,0,0,1
209,芝,2200,不良,オープン,,,0,0,0,0,0,0,0,0,0,0,0,0,0,0,0,0,0,0,0,0,0,0,0,0,0,0,0
210,芝,2400,全,all,4.37,5.22,113,14,17,16,14,9,13,14,16,13,16,15,16,6,7,6,7,10,8,5,0,0,1,1,1,0,1
211,芝,2400,良,all,4.48,5.35,83,9,13,14,7,8,9,11,12,8,13,13,8,6,6,6,5,6,5,4,0,0,1,1,0,0,1
212,芝,2400,稍重,all,4.67,5.87,20,2,3,1,4,1,4,3,2,2,3,1,4,0,1,0,2,3,3,1,0,0,0,0,0,0,0
213,芝,2400,重,all,3.25,4.11,10,3,1,1,3,0,0,0,2,3,0,1,4,0,0,0,0,1,0,0,0,0,0,0,1,0,0
214,芝,2400,不良,all,,,0,0,0,0,0,0,0,0,0,0,0,0,0,0,0,0,0,0,0,0,0,0,0,0,0,0,0
215,芝,2400,全,未勝利,4.33,6.01,29,6,5,3,1,4,3,2,5,6,3,2,4,1,1,2,1,1,4,1,0,0,1,1,0,0,1
216,芝,2400,良,未勝利,4.6,6.64,21,3,4,3,0,3,3,2,3,3,3,2,2,1,1,2,1,0,2,1,0,0,1,1,0,0,1
217,芝,2400,稍重,未勝利,5.67,8.0,3,0,0,0,1,1,0,0,1,0,0,0,1,0,0,0,0,0,2,0,0,0,0,0,0,0,0
218,芝,2400,重,未勝利,2.12,2.75,5,3,1,0,0,0,0,0,1,3,0,0,1,0,0,0,0,1,0,0,0,0,0,0,0,0,0
219,芝,2400,不良,未勝利,,,0,0,0,0,0,0,0,0,0,0,0,0,0,0,0,0,0,0,0,0,0,0,0,0,0,0,0
220,芝,2400,全,新馬,,,0,0,0,0,0,0,0,0,0,0,0,0,0,0,0,0,0,0,0,0,0,0,0,0,0,0,0
221,芝,2400,良,新馬,,,0,0,0,0,0,0,0,0,0,0,0,0,0,0,0,0,0,0,0,0,0,0,0,0,0,0,0
222,芝,2400,稍重,新馬,,,0,0,0,0,0,0,0,0,0,0,0,0,0,0,0,0,0,0,0,0,0,0,0,0,0,0,0
223,芝,2400,重,新馬,,,0,0,0,0,0,0,0,0,0,0,0,0,0,0,0,0,0,0,0,0,0,0,0,0,0,0,0
224,芝,2400,不良,新馬,,,0,0,0,0,0,0,0,0,0,0,0,0,0,0,0,0,0,0,0,0,0,0,0,0,0,0,0
225,芝,2400,全,1勝クラス,4.78,5.32,37,4,3,4,6,3,3,9,5,4,3,4,5,4,3,1,4,6,1,2,0,0,0,0,0,0,0
226,芝,2400,良,1勝クラス,4.68,5.18,28,3,3,3,3,3,2,6,5,3,3,3,2,4,2,1,2,5,1,2,0,0,0,0,0,0,0
227,芝,2400,稍重,1勝クラス,4.7,5.17,8,1,0,0,3,0,1,3,0,1,0,0,3,0,1,0,2,1,0,0,0,0,0,0,0,0,0
228,芝,2400,重,1勝クラス,3.0,3.0,1,0,0,1,0,0,0,0,0,0,0,1,0,0,0,0,0,0,0,0,0,0,0,0,0,0,0
229,芝,2400,不良,1勝クラス,,,0,0,0,0,0,0,0,0,0,0,0,0,0,0,0,0,0,0,0,0,0,0,0,0,0,0,0
230,芝,2400,全,2勝クラス,3.85,4.12,25,3,6,3,5,0,4,2,2,3,6,3,5,0,2,2,1,2,1,0,0,0,0,0,0,0,0
231,芝,2400,良,2勝クラス,3.95,4.2,19,2,4,3,3,0,3,2,2,2,4,3,3,0,2,2,1,1,1,0,0,0,0,0,0,0,0
232,芝,2400,稍重,2勝クラス,2.5,3.0,4,1,2,0,0,0,1,0,0,1,2,0,0,0,0,0,0,1,0,0,0,0,0,0,0,0,0
233,芝,2400,重,2勝クラス,4.0,4.0,2,0,0,0,2,0,0,0,0,0,0,0,2,0,0,0,0,0,0,0,0,0,0,0,0,0,0
234,芝,2400,不良,2勝クラス,,,0,0,0,0,0,0,0,0,0,0,0,0,0,0,0,0,0,0,0,0,0,0,0,0,0,0,0
235,芝,2400,全,3勝クラス,4.5,6.14,11,1,1,4,1,1,0,0,3,0,2,4,1,1,0,0,0,0,0,2,0,0,0,0,1,0,0
236,芝,2400,良,3勝クラス,3.9,4.6,7,1,1,3,0,1,0,0,1,0,2,3,0,1,0,0,0,0,0,1,0,0,0,0,0,0,0
237,芝,2400,稍重,3勝クラス,5.5,7.0,2,0,0,1,0,0,0,0,1,0,0,1,0,0,0,0,0,0,0,1,0,0,0,0,0,0,0
238,芝,2400,重,3勝クラス,6.0,10.0,2,0,0,0,1,0,0,0,1,0,0,0,1,0,0,0,0,0,0,0,0,0,0,0,1,0,0
239,芝,2400,不良,3勝クラス,,,0,0,0,0,0,0,0,0,0,0,0,0,0,0,0,0,0,0,0,0,0,0,0,0,0,0,0
240,芝,2400,全,オープン,5.0,6.8,5,0,0,2,0,1,1,0,1,0,0,2,0,0,0,0,1,0,2,0,0,0,0,0,0,0,0
241,芝,2400,良,オープン,4.75,6.0,4,0,0,2,0,1,0,0,1,0,0,2,0,0,0,0,1,0,1,0,0,0,0,0,0,0,0
242,芝,2400,稍重,オープン,6.0,10.0,1,0,0,0,0,0,1,0,0,0,0,0,0,0,0,0,0,0,1,0,0,0,0,0,0,0,0
243,芝,2400,重,オープン,,,0,0,0,0,0,0,0,0,0,0,0,0,0,0,0,0,0,0,0,0,0,0,0,0,0,0,0
244,芝,2400,不良,オープン,,,0,0,0,0,0,0,0,0,0,0,0,0,0,0,0,0,0,0,0,0,0,0,0,0,0,0,0
245,芝,2600,全,all,4.07,5.0,19,3,2,2,4,1,4,1,2,3,2,1,4,1,2,2,0,1,2,0,0,0,1,0,0,0,0
246,芝,2600,良,all,4.95,5.76,13,0,2,1,3,1,3,1,2,0,2,0,3,1,2,2,0,0,2,0,0,0,1,0,0,0,0
247,芝,2600,稍重,all,2.25,2.62,6,3,0,1,1,0,1,0,0,3,0,1,1,0,0,0,0,1,0,0,0,0,0,0,0,0,0
248,芝,2600,重,all,,,0,0,0,0,0,0,0,0,0,0,0,0,0,0,0,0,0,0,0,0,0,0,0,0,0,0,0
249,芝,2600,不良,all,,,0,0,0,0,0,0,0,0,0,0,0,0,0,0,0,0,0,0,0,0,0,0,0,0,0,0,0
250,芝,2600,全,未勝利,2.5,2.5,2,1,0,0,1,0,0,0,0,1,0,0,1,0,0,0,0,0,0,0,0,0,0,0,0,0,0
251,芝,2600,良,未勝利,4.0,4.0,1,0,0,0,1,0,0,0,0,0,0,0,1,0,0,0,0,0,0,0,0,0,0,0,0,0,0
252,芝,2600,稍重,未勝利,1.0,1.0,1,1,0,0,0,0,0,0,0,1,0,0,0,0,0,0,0,0,0,0,0,0,0,0,0,0,0
253,芝,2600,重,未勝利,,,0,0,0,0,0,0,0,0,0,0,0,0,0,0,0,0,0,0,0,0,0,0,0,0,0,0,0
254,芝,2600,不良,未勝利,,,0,0,0,0,0,0,0,0,0,0,0,0,0,0,0,0,0,0,0,0,0,0,0,0,0,0,0
255,芝,2600,全,新馬,,,0,0,0,0,0,0,0,0,0,0,0,0,0,0,0,0,0,0,0,0,0,0,0,0,0,0,0
256,芝,2600,良,新馬,,,0,0,0,0,0,0,0,0,0,0,0,0,0,0,0,0,0,0,0,0,0,0,0,0,0,0,0
257,芝,2600,稍重,新馬,,,0,0,0,0,0,0,0,0,0,0,0,0,0,0,0,0,0,0,0,0,0,0,0,0,0,0,0
258,芝,2600,重,新馬,,,0,0,0,0,0,0,0,0,0,0,0,0,0,0,0,0,0,0,0,0,0,0,0,0,0,0,0
259,芝,2600,不良,新馬,,,0,0,0,0,0,0,0,0,0,0,0,0,0,0,0,0,0,0,0,0,0,0,0,0,0,0,0
260,芝,2600,全,1勝クラス,6.75,8.5,3,0,0,0,0,1,0,1,1,0,0,0,0,0,0,1,0,0,2,0,0,0,0,0,0,0,0
261,芝,2600,良,1勝クラス,6.75,8.5,3,0,0,0,0,1,0,1,1,0,0,0,0,0,0,1,0,0,2,0,0,0,0,0,0,0,0
262,芝,2600,稍重,1勝クラス,,,0,0,0,0,0,0,0,0,0,0,0,0,0,0,0,0,0,0,0,0,0,0,0,0,0,0,0
263,芝,2600,重,1勝クラス,,,0,0,0,0,0,0,0,0,0,0,0,0,0,0,0,0,0,0,0,0,0,0,0,0,0,0,0
264,芝,2600,不良,1勝クラス,,,0,0,0,0,0,0,0,0,0,0,0,0,0,0,0,0,0,0,0,0,0,0,0,0,0,0,0
265,芝,2600,全,2勝クラス,3.67,4.25,9,1,2,1,2,0,2,0,1,1,2,1,2,0,1,1,0,0,0,0,0,0,1,0,0,0,0
266,芝,2600,良,2勝クラス,4.4,5.2,6,0,2,0,1,0,2,0,1,0,2,0,1,0,1,1,0,0,0,0,0,0,1,0,0,0,0
267,芝,2600,稍重,2勝クラス,2.67,2.67,3,1,0,1,1,0,0,0,0,1,0,1,1,0,0,0,0,0,0,0,0,0,0,0,0,0,0
268,芝,2600,重,2勝クラス,,,0,0,0,0,0,0,0,0,0,0,0,0,0,0,0,0,0,0,0,0,0,0,0,0,0,0,0
269,芝,2600,不良,2勝クラス,,,0,0,0,0,0,0,0,0,0,0,0,0,0,0,0,0,0,0,0,0,0,0,0,0,0,0,0
270,芝,2600,全,3勝クラス,,,0,0,0,0,0,0,0,0,0,0,0,0,0,0,0,0,0,0,0,0,0,0,0,0,0,0,0
271,芝,2600,良,3勝クラス,,,0,0,0,0,0,0,0,0,0,0,0,0,0,0,0,0,0,0,0,0,0,0,0,0,0,0,0
272,芝,2600,稍重,3勝クラス,,,0,0,0,0,0,0,0,0,0,0,0,0,0,0,0,0,0,0,0,0,0,0,0,0,0,0,0
273,芝,2600,重,3勝クラス,,,0,0,0,0,0,0,0,0,0,0,0,0,0,0,0,0,0,0,0,0,0,0,0,0,0,0,0
274,芝,2600,不良,3勝クラス,,,0,0,0,0,0,0,0,0,0,0,0,0,0,0,0,0,0,0,0,0,0,0,0,0,0,0,0
275,芝,2600,全,オープン,4.0,5.0,5,1,0,1,1,0,2,0,0,1,0,0,1,1,1,0,0,1,0,0,0,0,0,0,0,0,0
276,芝,2600,良,オープン,4.33,5.0,3,0,0,1,1,0,1,0,0,0,0,0,1,1,1,0,0,0,0,0,0,0,0,0,0,0,0
277,芝,2600,稍重,オープン,3.5,5.0,2,1,0,0,0,0,1,0,0,1,0,0,0,0,0,0,0,1,0,0,0,0,0,0,0,0,0
278,芝,2600,重,オープン,,,0,0,0,0,0,0,0,0,0,0,0,0,0,0,0,0,0,0,0,0,0,0,0,0,0,0,0
279,芝,2600,不良,オープン,,,0,0,0,0,0,0,0,0,0,0,0,0,0,0,0,0,0,0,0,0,0,0,0,0,0,0,0
280,芝,3000,全,all,5.81,7.42,15,0,1,3,1,3,1,3,3,0,0,4,0,2,2,1,0,1,2,1,1,0,1,0,0,0,0
281,芝,3000,良,all,5.44,6.97,11,0,1,3,0,2,0,3,2,0,0,4,0,2,0,0,0,1,1,1,1,0,1,0,0,0,0
282,芝,3000,稍重,all,6.0,8.0,2,0,0,0,1,0,0,0,1,0,0,0,0,0,1,0,0,0,1,0,0,0,0,0,0,0,0
283,芝,3000,重,all,5.5,6.5,2,0,0,0,0,1,1,0,0,0,0,0,0,0,1,1,0,0,0,0,0,0,0,0,0,0,0
284,芝,3000,不良,all,,,0,0,0,0,0,0,0,0,0,0,0,0,0,0,0,0,0,0,0,0,0,0,0,0,0,0,0
285,芝,3000,全,未勝利,,,0,0,0,0,0,0,0,0,0,0,0,0,0,0,0,0,0,0,0,0,0,0,0,0,0,0,0
286,芝,3000,良,未勝利,,,0,0,0,0,0,0,0,0,0,0,0,0,0,0,0,0,0,0,0,0,0,0,0,0,0,0,0
287,芝,3000,稍重,未勝利,,,0,0,0,0,0,0,0,0,0,0,0,0,0,0,0,0,0,0,0,0,0,0,0,0,0,0,0
288,芝,3000,重,未勝利,,,0,0,0,0,0,0,0,0,0,0,0,0,0,0,0,0,0,0,0,0,0,0,0,0,0,0,0
289,芝,3000,不良,未勝利,,,0,0,0,0,0,0,0,0,0,0,0,0,0,0,0,0,0,0,0,0,0,0,0,0,0,0,0
290,芝,3000,全,新馬,,,0,0,0,0,0,0,0,0,0,0,0,0,0,0,0,0,0,0,0,0,0,0,0,0,0,0,0
291,芝,3000,良,新馬,,,0,0,0,0,0,0,0,0,0,0,0,0,0,0,0,0,0,0,0,0,0,0,0,0,0,0,0
292,芝,3000,稍重,新馬,,,0,0,0,0,0,0,0,0,0,0,0,0,0,0,0,0,0,0,0,0,0,0,0,0,0,0,0
293,芝,3000,重,新馬,,,0,0,0,0,0,0,0,0,0,0,0,0,0,0,0,0,0,0,0,0,0,0,0,0,0,0,0
294,芝,3000,不良,新馬,,,0,0,0,0,0,0,0,0,0,0,0,0,0,0,0,0,0,0,0,0,0,0,0,0,0,0,0
295,芝,3000,全,1勝クラス,,,0,0,0,0,0,0,0,0,0,0,0,0,0,0,0,0,0,0,0,0,0,0,0,0,0,0,0
296,芝,3000,良,1勝クラス,,,0,0,0,0,0,0,0,0,0,0,0,0,0,0,0,0,0,0,0,0,0,0,0,0,0,0,0
297,芝,3000,稍重,1勝クラス,,,0,0,0,0,0,0,0,0,0,0,0,0,0,0,0,0,0,0,0,0,0,0,0,0,0,0,0
298,芝,3000,重,1勝クラス,,,0,0,0,0,0,0,0,0,0,0,0,0,0,0,0,0,0,0,0,0,0,0,0,0,0,0,0
299,芝,3000,不良,1勝クラス,,,0,0,0,0,0,0,0,0,0,0,0,0,0,0,0,0,0,0,0,0,0,0,0,0,0,0,0
300,芝,3000,全,2勝クラス,,,0,0,0,0,0,0,0,0,0,0,0,0,0,0,0,0,0,0,0,0,0,0,0,0,0,0,0
301,芝,3000,良,2勝クラス,,,0,0,0,0,0,0,0,0,0,0,0,0,0,0,0,0,0,0,0,0,0,0,0,0,0,0,0
302,芝,3000,稍重,2勝クラス,,,0,0,0,0,0,0,0,0,0,0,0,0,0,0,0,0,0,0,0,0,0,0,0,0,0,0,0
303,芝,3000,重,2勝クラス,,,0,0,0,0,0,0,0,0,0,0,0,0,0,0,0,0,0,0,0,0,0,0,0,0,0,0,0
304,芝,3000,不良,2勝クラス,,,0,0,0,0,0,0,0,0,0,0,0,0,0,0,0,0,0,0,0,0,0,0,0,0,0,0,0
305,芝,3000,全,3勝クラス,5.0,5.83,6,0,0,2,0,2,1,0,1,0,0,2,0,2,0,1,0,0,0,0,1,0,0,0,0,0,0
306,芝,3000,良,3勝クラス,4.8,5.6,5,0,0,2,0,2,0,0,1,0,0,2,0,2,0,0,0,0,0,0,1,0,0,0,0,0,0
307,芝,3000,稍重,3勝クラス,,,0,0,0,0,0,0,0,0,0,0,0,0,0,0,0,0,0,0,0,0,0,0,0,0,0,0,0
308,芝,3000,重,3勝クラス,6.0,7.0,1,0,0,0,0,0,1,0,0,0,0,0,0,0,0,1,0,0,0,0,0,0,0,0,0,0,0
309,芝,3000,不良,3勝クラス,,,0,0,0,0,0,0,0,0,0,0,0,0,0,0,0,0,0,0,0,0,0,0,0,0,0,0,0
310,芝,3000,全,オープン,5.79,7.86,9,0,1,1,1,1,0,3,2,0,0,2,0,0,2,0,0,1,2,1,0,0,1,0,0,0,0
311,芝,3000,良,オープン,5.4,7.5,6,0,1,1,0,0,0,3,1,0,0,2,0,0,0,0,0,1,1,1,0,0,1,0,0,0,0
312,芝,3000,稍重,オープン,6.0,8.0,2,0,0,0,1,0,0,0,1,0,0,0,0,0,1,0,0,0,1,0,0,0,0,0,0,0,0
313,芝,3000,重,オープン,5.0,6.0,1,0,0,0,0,1,0,0,0,0,0,0,0,0,1,0,0,0,0,0,0,0,0,0,0,0,0
314,芝,3000,不良,オープン,,,0,0,0,0,0,0,0,0,0,0,0,0,0,0,0,0,0,0,0,0,0,0,0,0,0,0,0
315,ダート,1200,全,all,5.04,8.56,434,32,44,47,51,54,62,61,83,19,30,19,27,42,22,33,27,26,30,29,36,18,23,32,21,0,0
316,ダート,1200,良,all,5.08,8.7,264,20,27,23,36,34,33,37,54,14,17,9,18,24,11,24,14,17,22,15,19,12,16,19,13,0,0
317,ダート,1200,稍重,all,5.29,9.18,93,7,8,9,9,12,18,11,19,1,9,3,6,8,4,8,4,5,6,10,10,2,3,9,5,0,0
318,ダート,1200,重,all,4.03,6.5,44,2,8,6,3,7,8,6,4,1,4,4,2,6,4,1,6,2,2,1,4,2,2,1,2,0,0
319,ダート,1200,不良,all,5.02,8.66,33,3,1,9,3,1,3,7,6,3,0,3,1,4,3,0,3,2,0,3,3,2,2,3,1,0,0
320,ダート,1200,全,未勝利,4.64,8.1,171,12,24,21,22,23,18,25,26,8,15,8,14,17,7,13,10,8,15,11,6,6,12,12,9,0,0
321,ダート,1200,良,未勝利,4.57,7.91,104,8,17,10,16,16,10,15,12,6,9,5,11,10,3,10,6,7,11,5,2,2,8,4,5,0,0
322,ダート,1200,稍重,未勝利,5.16,9.05,36,3,1,6,3,5,6,4,8,1,3,0,3,3,3,2,1,1,3,5,2,1,1,5,2,0,0
323,ダート,1200,重,未勝利,3.7,6.25,16,0,5,2,1,2,1,3,2,0,3,2,0,2,0,1,1,0,1,0,2,1,2,0,1,0,0
324,ダート,1200,不良,未勝利,5.61,10.46,15,1,1,3,2,0,1,3,4,1,0,1,0,2,1,0,2,0,0,1,0,2,1,3,1,0,0
325,ダート,1200,全,新馬,5.43,7.76,28,4,1,2,1,3,6,6,5,2,3,2,1,1,2,2,5,1,0,2,3,1,1,2,0,0,0
326,ダート,1200,良,新馬,6.28,8.82,18,1,1,0,1,1,3,6,5,1,1,0,1,0,2,2,3,0,0,1,3,1,1,2,0,0,0
327,ダート,1200,稍重,新馬,3.25,5.0,4,2,0,0,0,1,1,0,0,0,2,0,0,1,0,0,0,0,0,1,0,0,0,0,0,0,0
328,ダート,1200,重,新馬,5.0,6.33,3,0,0,1,0,0,2,0,0,0,0,1,0,0,0,0,2,0,0,0,0,0,0,0,0,0,0
329,ダート,1200,不良,新馬,3.0,4.33,3,1,0,1,0,1,0,0,0,1,0,1,0,0,0,0,0,1,0,0,0,0,0,0,0,0,0
330,ダート,1200,全,1勝クラス,5.49,8.88,112,8,7,10,10,18,16,19,24,5,7,4,4,11,7,10,3,9,12,8,14,5,6,6,1,0,0
331,ダート,1200,良,1勝クラス,5.43,8.92,64,5,3,6,7,9,6,10,18,4,3,2,2,6,3,6,0,6,8,6,6,3,4,4,1,0,0
332,ダート,1200,稍重,1勝クラス,6.09,10.48,26,1,4,0,2,4,7,4,4,0,3,1,1,0,1,4,1,2,3,1,5,1,1,2,0,0,0
333,ダート,1200,重,1勝クラス,4.33,6.03,12,2,0,1,0,5,3,1,0,1,1,0,0,4,2,0,1,0,1,0,1,1,0,0,0,0,0
334,ダート,1200,不良,1勝クラス,6.0,9.25,10,0,0,3,1,0,0,4,2,0,0,1,1,1,1,0,1,1,0,1,2,0,1,0,0,0,0
335,ダート,1200,全,2勝クラス,5.68,10.24,65,1,7,7,9,7,12,5,17,0,2,3,3,7,2,5,4,7,3,4,6,4,3,5,7,0,0
336,ダート,1200,良,2勝クラス,5.56,10.03,43,1,4,4,6,6,7,3,12,0,2,2,1,5,1,3,2,4,3,2,3,4,2,4,5,0,0
337,ダート,1200,稍重,2勝クラス,5.56,8.92,13,0,1,2,3,1,1,2,3,0,0,1,0,2,0,2,2,2,0,0,2,0,1,0,1,0,0
338,ダート,1200,重,2勝クラス,4.58,8.21,7,0,2,1,0,0,2,0,2,0,0,0,2,0,1,0,0,1,0,1,0,0,0,1,1,0,0
339,ダート,1200,不良,2勝クラス,6.0,11.5,2,0,0,0,0,0,2,0,0,0,0,0,0,0,0,0,0,0,0,1,1,0,0,0,0,0,0
340,ダート,1200,全,3勝クラス,4.59,7.98,30,3,3,5,6,2,6,2,3,2,1,2,3,4,3,3,1,1,0,2,4,1,0,3,0,0,0
341,ダート,1200,良,3勝クラス,4.9,8.69,20,2,1,2,4,2,5,1,3,1,1,0,2,3,1,3,0,0,0,1,4,1,0,3,0,0,0
342,ダート,1200,稍重,3勝クラス,4.0,6.0,3,0,1,0,1,0,1,0,0,0,0,1,1,0,0,0,0,0,0,1,0,0,0,0,0,0,0
343,ダート,1200,重,3勝クラス,3.83,6.67,4,0,1,1,1,0,0,1,0,0,0,1,0,0,1,0,1,1,0,0,0,0,0,0,0,0,0
344,ダート,1200,不良,3勝クラス,2.5,4.5,3,1,0,2,0,0,0,0,0,1,0,0,0,1,1,0,0,0,0,0,0,0,0,0,0,0,0
345,ダート,1200,全,オープン,4.77,8.38,17,4,0,1,2,0,3,2,5,2,2,0,0,1,0,0,3,0,0,1,2,1,0,2,3,0,0
346,ダート,1200,良,オープン,4.5,7.96,11,3,0,0,1,0,2,1,4,2,1,0,0,0,0,0,2,0,0,0,1,1,0,2,2,0,0
347,ダート,1200,稍重,オープン,3.34,6.34,4,1,0,1,0,0,1,0,1,0,1,0,0,1,0,0,0,0,0,1,0,0,0,0,1,0,0
348,ダート,1200,重,オープン,5.5,10.0,2,0,0,0,1,0,0,1,0,0,0,0,0,0,0,0,1,0,0,0,1,0,0,0,0,0,0
349,ダート,1200,不良,オープン,,,0,0,0,0,0,0,0,0,0,0,0,0,0,0,0,0,0,0,0,0,0,0,0,0,0,0,0
350,ダート,1400,全,all,4.97,8.57,538,48,52,54,77,67,67,74,99,26,38,28,29,36,34,28,50,38,35,34,35,32,32,34,29,0,0
351,ダート,1400,良,all,5.01,8.55,339,29,29,38,50,46,38,49,60,15,20,17,21,25,28,17,30,24,24,21,21,26,14,18,18,0,0
352,ダート,1400,稍重,all,5.14,8.96,120,13,10,10,14,13,19,14,27,9,9,4,5,6,3,6,12,5,10,10,9,4,11,11,6,0,0
353,ダート,1400,重,all,4.29,7.08,50,3,11,4,9,2,8,5,8,1,6,7,2,2,3,4,6,2,1,2,2,0,4,4,4,0,0
354,ダート,1400,不良,all,5.05,9.17,29,3,2,2,4,6,2,6,4,1,3,0,1,3,0,1,2,7,0,1,3,2,3,1,1,0,0
355,ダート,1400,全,未勝利,4.91,8.65,207,19,21,21,30,26,25,25,40,9,14,13,11,11,13,15,14,20,11,13,15,11,8,17,12,0,0
356,ダート,1400,良,未勝利,4.94,8.61,129,11,11,15,21,17,15,18,21,6,6,9,7,7,11,10,9,12,10,7,8,9,5,9,4,0,0
357,ダート,1400,稍重,未勝利,4.83,8.79,39,5,5,3,4,3,6,3,10,3,4,2,2,1,1,1,3,3,1,4,3,1,1,5,4,0,0
358,ダート,1400,重,未勝利,4.55,7.45,21,1,4,1,4,2,3,1,5,0,2,2,1,1,1,3,2,1,0,2,1,0,0,2,3,0,0
359,ダート,1400,不良,未勝利,5.4,9.94,18,2,1,2,1,4,1,3,4,0,2,0,1,2,0,1,0,4,0,0,3,1,2,1,1,0,0
360,ダート,1400,全,新馬,4.66,7.11,37,6,2,0,8,8,4,6,3,4,3,0,1,7,3,2,4,2,3,1,2,3,1,1,0,0,0
361,ダート,1400,良,新馬,4.66,6.77,26,3,2,0,6,8,2,3,2,2,2,0,1,7,3,1,3,2,0,1,1,3,0,0,0,0,0
362,ダート,1400,稍重,新馬,5.45,8.8,10,3,0,0,2,0,2,2,1,2,1,0,0,0,0,1,1,0,3,0,1,0,0,1,0,0,0
363,ダート,1400,重,新馬,7.0,14.0,1,0,0,0,0,0,0,1,0,0,0,0,0,0,0,0,0,0,0,0,0,0,1,0,0,0,0
364,ダート,1400,不良,新馬,,,0,0,0,0,0,0,0,0,0,0,0,0,0,0,0,0,0,0,0,0,0,0,0,0,0,0,0
365,ダート,1400,全,1勝クラス,4.92,8.08,134,14,18,15,12,16,17,19,23,11,12,6,8,11,7,4,12,8,10,11,8,6,9,6,5,0,0
366,ダート,1400,良,1勝クラス,5.01,8.19,90,10,10,11,10,10,8,12,19,7,6,3,8,8,5,2,8,5,8,7,5,5,5,3,5,0,0
367,ダート,1400,稍重,1勝クラス,5.18,8.55,26,2,5,1,0,5,5,4,4,2,3,2,0,2,0,1,3,0,2,3,2,1,2,3,0,0,0
368,ダート,1400,重,1勝クラス,4.12,7.17,11,1,2,3,1,0,3,1,0,1,2,1,0,0,2,1,1,1,0,0,1,0,1,0,0,0,0
369,ダート,1400,不良,1勝クラス,4.25,6.62,7,1,1,0,1,1,1,2,0,1,1,0,0,1,0,0,0,2,0,1,0,0,1,0,0,0,0
370,ダート,1400,全,2勝クラス,5.84,10.48,72,2,1,7,12,11,12,12,15,1,1,1,4,4,5,2,8,5,7,7,7,4,6,5,5,0,0
371,ダート,1400,良,2勝クラス,5.86,10.59,46,1,1,3,7,8,9,6,11,0,1,1,2,1,4,1,5,3,5,5,6,3,0,5,4,0,0
372,ダート,1400,稍重,2勝クラス,5.55,9.73,17,1,0,4,1,2,1,4,4,1,0,0,1,2,1,1,0,1,1,2,1,1,4,0,1,0,0
373,ダート,1400,重,2勝クラス,5.43,9.33,8,0,0,0,4,0,2,2,0,0,0,0,1,1,0,0,3,0,1,0,0,0,2,0,0,0,0
374,ダート,1400,不良,2勝クラス,5.0,9.0,1,0,0,0,0,1,0,0,0,0,0,0,0,0,0,0,0,1,0,0,0,0,0,0,0,0,0
375,ダート,1400,全,3勝クラス,4.56,8.02,35,4,4,4,6,2,3,4,8,0,4,3,4,1,2,2,4,0,1,1,1,2,4,3,3,0,0
376,ダート,1400,良,3勝クラス,4.28,8.01,19,2,2,4,3,1,0,3,4,0,2,1,2,1,2,1,2,0,1,0,0,1,3,1,2,0,0
377,ダート,1400,稍重,3勝クラス,5.2,7.83,9,1,0,0,2,1,3,0,2,0,1,0,2,0,0,1,1,0,0,1,1,0,1,1,0,0,0
378,ダート,1400,重,3勝クラス,4.2,7.8,5,1,2,0,0,0,0,0,2,0,1,2,0,0,0,0,0,0,0,0,0,0,0,1,1,0,0
379,ダート,1400,不良,3勝クラス,5.5,10.5,2,0,0,0,1,0,0,1,0,0,0,0,0,0,0,0,1,0,0,0,0,1,0,0,0,0,0
380,ダート,1400,全,オープン,4.88,8.49,37,2,6,4,7,4,3,5,6,0,4,5,1,1,2,3,5,3,2,0,1,3,3,1,3,0,0
381,ダート,1400,良,オープン,5.18,8.5,23,2,3,3,3,2,2,5,3,0,3,3,1,1,1,2,2,2,0,0,1,3,1,0,3,0,0
382,ダート,1400,稍重,オープン,5.38,9.71,9,0,0,1,3,2,1,0,2,0,0,0,0,0,1,1,2,1,2,0,0,0,2,0,0,0,0
383,ダート,1400,重,オープン,3.5,5.75,4,0,3,0,0,0,0,0,1,0,1,2,0,0,0,0,0,0,0,0,0,0,0,1,0,0,0
384,ダート,1400,不良,オープン,4.0,8.0,1,0,0,0,1,0,0,0,0,0,0,0,0,0,0,0,1,0,0,0,0,0,0,0,0,0,0
385,ダート,1600,全,all,,,0,0,0,0,0,0,0,0,0,0,0,0,0,0,0,0,0,0,0,0,0,0,0,0,0,0,0
386,ダート,1600,良,all,,,0,0,0,0,0,0,0,0,0,0,0,0,0,0,0,0,0,0,0,0,0,0,0,0,0,0,0
387,ダート,1600,稍重,all,,,0,0,0,0,0,0,0,0,0,0,0,0,0,0,0,0,0,0,0,0,0,0,0,0,0,0,0
388,ダート,1600,重,all,,,0,0,0,0,0,0,0,0,0,0,0,0,0,0,0,0,0,0,0,0,0,0,0,0,0,0,0
389,ダート,1600,不良,all,,,0,0,0,0,0,0,0,0,0,0,0,0,0,0,0,0,0,0,0,0,0,0,0,0,0,0,0
390,ダート,1600,全,未勝利,,,0,0,0,0,0,0,0,0,0,0,0,0,0,0,0,0,0,0,0,0,0,0,0,0,0,0,0
391,ダート,1600,良,未勝利,,,0,0,0,0,0,0,0,0,0,0,0,0,0,0,0,0,0,0,0,0,0,0,0,0,0,0,0
392,ダート,1600,稍重,未勝利,,,0,0,0,0,0,0,0,0,0,0,0,0,0,0,0,0,0,0,0,0,0,0,0,0,0,0,0
393,ダート,1600,重,未勝利,,,0,0,0,0,0,0,0,0,0,0,0,0,0,0,0,0,0,0,0,0,0,0,0,0,0,0,0
394,ダート,1600,不良,未勝利,,,0,0,0,0,0,0,0,0,0,0,0,0,0,0,0,0,0,0,0,0,0,0,0,0,0,0,0
395,ダート,1600,全,新馬,,,0,0,0,0,0,0,0,0,0,0,0,0,0,0,0,0,0,0,0,0,0,0,0,0,0,0,0
396,ダート,1600,良,新馬,,,0,0,0,0,0,0,0,0,0,0,0,0,0,0,0,0,0,0,0,0,0,0,0,0,0,0,0
397,ダート,1600,稍重,新馬,,,0,0,0,0,0,0,0,0,0,0,0,0,0,0,0,0,0,0,0,0,0,0,0,0,0,0,0
398,ダート,1600,重,新馬,,,0,0,0,0,0,0,0,0,0,0,0,0,0,0,0,0,0,0,0,0,0,0,0,0,0,0,0
399,ダート,1600,不良,新馬,,,0,0,0,0,0,0,0,0,0,0,0,0,0,0,0,0,0,0,0,0,0,0,0,0,0,0,0
400,ダート,1600,全,1勝クラス,,,0,0,0,0,0,0,0,0,0,0,0,0,0,0,0,0,0,0,0,0,0,0,0,0,0,0,0
401,ダート,1600,良,1勝クラス,,,0,0,0,0,0,0,0,0,0,0,0,0,0,0,0,0,0,0,0,0,0,0,0,0,0,0,0
402,ダート,1600,稍重,1勝クラス,,,0,0,0,0,0,0,0,0,0,0,0,0,0,0,0,0,0,0,0,0,0,0,0,0,0,0,0
403,ダート,1600,重,1勝クラス,,,0,0,0,0,0,0,0,0,0,0,0,0,0,0,0,0,0,0,0,0,0,0,0,0,0,0,0
404,ダート,1600,不良,1勝クラス,,,0,0,0,0,0,0,0,0,0,0,0,0,0,0,0,0,0,0,0,0,0,0,0,0,0,0,0
405,ダート,1600,全,2勝クラス,,,0,0,0,0,0,0,0,0,0,0,0,0,0,0,0,0,0,0,0,0,0,0,0,0,0,0,0
406,ダート,1600,良,2勝クラス,,,0,0,0,0,0,0,0,0,0,0,0,0,0,0,0,0,0,0,0,0,0,0,0,0,0,0,0
407,ダート,1600,稍重,2勝クラス,,,0,0,0,0,0,0,0,0,0,0,0,0,0,0,0,0,0,0,0,0,0,0,0,0,0,0,0
408,ダート,1600,重,2勝クラス,,,0,0,0,0,0,0,0,0,0,0,0,0,0,0,0,0,0,0,0,0,0,0,0,0,0,0,0
409,ダート,1600,不良,2勝クラス,,,0,0,0,0,0,0,0,0,0,0,0,0,0,0,0,0,0,0,0,0,0,0,0,0,0,0,0
410,ダート,1600,全,3勝クラス,,,0,0,0,0,0,0,0,0,0,0,0,0,0,0,0,0,0,0,0,0,0,0,0,0,0,0,0
411,ダート,1600,良,3勝クラス,,,0,0,0,0,0,0,0,0,0,0,0,0,0,0,0,0,0,0,0,0,0,0,0,0,0,0,0
412,ダート,1600,稍重,3勝クラス,,,0,0,0,0,0,0,0,0,0,0,0,0,0,0,0,0,0,0,0,0,0,0,0,0,0,0,0
413,ダート,1600,重,3勝クラス,,,0,0,0,0,0,0,0,0,0,0,0,0,0,0,0,0,0,0,0,0,0,0,0,0,0,0,0
414,ダート,1600,不良,3勝クラス,,,0,0,0,0,0,0,0,0,0,0,0,0,0,0,0,0,0,0,0,0,0,0,0,0,0,0,0
415,ダート,1600,全,オープン,,,0,0,0,0,0,0,0,0,0,0,0,0,0,0,0,0,0,0,0,0,0,0,0,0,0,0,0
416,ダート,1600,良,オープン,,,0,0,0,0,0,0,0,0,0,0,0,0,0,0,0,0,0,0,0,0,0,0,0,0,0,0,0
417,ダート,1600,稍重,オープン,,,0,0,0,0,0,0,0,0,0,0,0,0,0,0,0,0,0,0,0,0,0,0,0,0,0,0,0
418,ダート,1600,重,オープン,,,0,0,0,0,0,0,0,0,0,0,0,0,0,0,0,0,0,0,0,0,0,0,0,0,0,0,0
419,ダート,1600,不良,オープン,,,0,0,0,0,0,0,0,0,0,0,0,0,0,0,0,0,0,0,0,0,0,0,0,0,0,0,0
420,ダート,1800,全,all,5.01,7.13,835,73,67,82,111,123,124,123,132,61,53,59,75,68,69,72,68,69,65,54,41,36,16,16,13,0,0
421,ダート,1800,良,all,5.01,7.12,552,51,37,61,73,78,84,85,83,44,29,37,54,48,50,46,47,41,39,36,22,25,13,13,8,0,0
422,ダート,1800,稍重,all,5.03,6.95,160,11,20,14,21,23,20,23,28,8,14,18,11,12,11,17,9,19,12,9,8,7,2,0,3,0,0
423,ダート,1800,重,all,5.49,8.38,70,6,6,5,10,10,11,9,13,4,6,4,7,5,3,2,7,5,7,4,10,1,1,2,2,0,0
424,ダート,1800,不良,all,4.76,7.15,53,5,4,2,7,12,9,6,8,5,4,0,3,3,5,7,5,4,7,5,1,3,0,1,0,0,0
425,ダート,1800,全,未勝利,4.96,7.12,355,31,30,33,50,62,55,47,47,25,21,29,34,28,27,33,35,23,24,21,17,18,8,5,7,0,0
426,ダート,1800,良,未勝利,4.93,7.09,224,21,17,22,33,38,36,29,28,17,12,19,23,17,19,19,23,12,12,16,11,10,6,4,4,0,0
427,ダート,1800,稍重,未勝利,5.08,7.2,69,4,10,6,6,12,11,11,9,3,5,8,6,6,3,8,4,6,7,3,3,4,2,0,1,0,0
428,ダート,1800,重,未勝利,5.66,8.34,28,2,1,3,6,5,4,2,5,1,2,2,3,4,1,2,4,2,2,0,2,1,0,0,2,0,0
429,ダート,1800,不良,未勝利,4.73,7.23,34,4,2,2,5,7,4,5,5,4,2,0,2,1,4,4,4,3,3,2,1,3,0,1,0,0,0
430,ダート,1800,全,新馬,4.76,6.48,57,7,7,7,8,5,4,6,13,7,4,4,8,6,1,4,4,7,1,5,4,1,0,1,0,0,0
431,ダート,1800,良,新馬,4.32,5.72,43,7,6,6,6,4,2,5,7,7,4,2,7,5,1,3,4,6,0,3,0,0,0,1,0,0,0
432,ダート,1800,稍重,新馬,5.28,7.1,11,0,1,1,2,1,1,1,4,0,0,2,1,1,0,1,0,1,0,1,3,1,0,0,0,0,0
433,ダート,1800,重,新馬,7.5,11.0,3,0,0,0,0,0,1,0,2,0,0,0,0,0,0,0,0,0,1,1,1,0,0,0,0,0,0
434,ダート,1800,不良,新馬,,,0,0,0,0,0,0,0,0,0,0,0,0,0,0,0,0,0,0,0,0,0,0,0,0,0,0,0
435,ダート,1800,全,1勝クラス,5.26,7.04,218,20,13,18,23,22,40,39,43,18,15,13,17,12,23,20,14,20,23,18,8,7,5,3,2,0,0
436,ダート,1800,良,1勝クラス,5.2,6.92,149,16,7,13,16,15,27,25,30,15,8,8,13,8,17,15,7,15,14,11,4,7,4,3,0,0,0
437,ダート,1800,稍重,1勝クラス,5.21,6.81,36,1,4,4,1,4,4,9,9,1,4,4,0,2,4,2,3,5,4,4,1,0,0,0,2,0,0
438,ダート,1800,重,1勝クラス,5.21,7.8,18,2,1,1,4,0,4,4,2,1,2,1,3,0,1,0,3,0,2,1,3,0,1,0,0,0,0
439,ダート,1800,不良,1勝クラス,4.82,6.31,15,1,1,0,2,3,5,1,2,1,1,0,1,2,1,3,1,0,3,2,0,0,0,0,0,0,0
440,ダート,1800,全,2勝クラス,5.24,7.96,111,5,7,13,16,17,16,22,15,5,5,8,10,11,8,8,7,9,13,7,6,7,1,4,2,0,0
441,ダート,1800,良,2勝クラス,5.44,8.24,80,2,4,11,11,10,12,20,10,2,2,6,7,9,7,6,6,6,10,3,3,7,1,3,2,0,0
442,ダート,1800,稍重,2勝クラス,4.3,5.65,17,2,1,2,5,3,2,0,2,2,1,2,3,2,1,2,1,1,0,1,1,0,0,0,0,0,0
443,ダート,1800,重,2勝クラス,5.74,10.0,11,1,1,0,0,3,2,2,2,1,1,0,0,0,0,0,0,2,2,2,2,0,0,1,0,0,0
444,ダート,1800,不良,2勝クラス,5.0,7.67,3,0,1,0,0,1,0,0,1,0,1,0,0,0,0,0,0,0,1,1,0,0,0,0,0,0,0
445,ダート,1800,全,3勝クラス,4.07,6.21,47,6,6,9,7,9,2,2,6,2,6,3,4,6,4,5,4,5,2,0,1,1,1,2,1,0,0
446,ダート,1800,良,3勝クラス,4.68,7.38,29,3,2,7,5,5,1,2,4,1,3,0,3,5,2,3,4,1,2,0,1,1,1,1,1,0,0
447,ダート,1800,稍重,3勝クラス,3.57,5.31,12,3,2,1,2,2,1,0,1,1,2,2,1,0,1,2,0,3,0,0,0,0,0,0,0,0,0
448,ダート,1800,重,3勝クラス,3.78,5.44,5,0,2,1,0,1,0,0,1,0,1,1,0,1,1,0,0,0,0,0,0,0,0,1,0,0,0
449,ダート,1800,不良,3勝クラス,5.0,9.0,1,0,0,0,0,1,0,0,0,0,0,0,0,0,0,0,0,1,0,0,0,0,0,0,0,0,0
450,ダート,1800,全,オープン,5.08,8.77,24,1,2,1,4,4,5,5,2,1,0,1,2,0,3,1,4,2,1,2,4,1,1,1,0,0,0
451,ダート,1800,良,オープン,5.75,9.78,15,0,1,1,2,2,5,3,1,0,0,1,1,0,3,0,3,0,1,2,2,0,1,1,0,0,0
452,ダート,1800,稍重,オープン,5.0,9.25,4,0,0,0,2,1,0,1,0,0,0,0,0,0,0,1,1,1,0,0,0,1,0,0,0,0,0
453,ダート,1800,重,オープン,4.17,7.0,5,1,1,0,0,1,0,1,1,1,0,0,1,0,0,0,0,1,0,0,2,0,0,0,0,0,0
454,ダート,1800,不良,オープン,,,0,0,0,0,0,0,0,0,0,0,0,0,0,0,0,0,0,0,0,0,0,0,0,0,0,0,0
455,ダート,2000,全,all,4.88,7.08,143,13,15,17,16,13,27,19,23,10,9,9,18,7,16,14,12,9,11,7,7,5,8,1,0,0,0
456,ダート,2000,良,all,5.02,7.5,88,9,7,10,4,10,19,13,16,7,5,5,8,4,8,7,7,8,10,4,4,5,5,1,0,0,0
457,ダート,2000,稍重,all,4.77,6.7,32,2,5,3,7,1,5,5,4,1,3,2,3,2,6,4,5,1,0,1,2,0,2,0,0,0,0
458,ダート,2000,重,all,3.52,4.67,15,1,3,3,3,1,2,1,1,1,1,2,5,1,1,1,0,0,0,2,1,0,0,0,0,0,0
459,ダート,2000,不良,all,4.44,6.06,8,1,0,1,2,1,1,0,2,1,0,0,2,0,1,2,0,0,1,0,0,0,1,0,0,0,0
460,ダート,2000,全,未勝利,5.29,7.74,45,4,5,7,4,4,10,3,8,2,3,5,7,0,7,6,1,3,1,3,2,1,3,1,0,0,0
461,ダート,2000,良,未勝利,5.49,8.1,29,4,1,4,1,3,7,3,6,2,2,4,2,0,2,4,1,3,1,2,2,1,2,1,0,0,0
462,ダート,2000,稍重,未勝利,3.83,5.33,10,0,3,2,2,0,2,0,1,0,1,0,3,0,4,1,0,0,0,1,0,0,0,0,0,0,0
463,ダート,2000,重,未勝利,3.5,4.25,4,0,1,1,1,1,0,0,0,0,0,1,2,0,1,0,0,0,0,0,0,0,0,0,0,0,0
464,ダート,2000,不良,未勝利,7.0,10.5,2,0,0,0,0,0,1,0,1,0,0,0,0,0,0,1,0,0,0,0,0,0,1,0,0,0,0
465,ダート,2000,全,新馬,,,0,0,0,0,0,0,0,0,0,0,0,0,0,0,0,0,0,0,0,0,0,0,0,0,0,0,0
466,ダート,2000,良,新馬,,,0,0,0,0,0,0,0,0,0,0,0,0,0,0,0,0,0,0,0,0,0,0,0,0,0,0,0
467,ダート,2000,稍重,新馬,,,0,0,0,0,0,0,0,0,0,0,0,0,0,0,0,0,0,0,0,0,0,0,0,0,0,0,0
468,ダート,2000,重,新馬,,,0,0,0,0,0,0,0,0,0,0,0,0,0,0,0,0,0,0,0,0,0,0,0,0,0,0,0
469,ダート,2000,不良,新馬,,,0,0,0,0,0,0,0,0,0,0,0,0,0,0,0,0,0,0,0,0,0,0,0,0,0,0,0
470,ダート,2000,全,1勝クラス,4.59,5.47,32,1,5,4,2,4,4,5,7,1,5,1,4,3,3,1,5,3,4,1,1,0,0,0,0,0,0
471,ダート,2000,良,1勝クラス,5.07,6.18,20,0,3,3,1,4,2,3,4,0,3,1,2,3,2,0,3,2,3,1,0,0,0,0,0,0,0
472,ダート,2000,稍重,1勝クラス,5.9,6.6,6,0,1,0,0,0,2,2,1,0,1,0,0,0,1,1,2,1,0,0,0,0,0,0,0,0,0
473,ダート,2000,重,1勝クラス,4.67,6.33,4,0,1,1,1,0,0,0,1,0,1,0,2,0,0,0,0,0,0,0,1,0,0,0,0,0,0
474,ダート,2000,不良,1勝クラス,4.5,5.5,2,1,0,0,0,0,0,0,1,1,0,0,0,0,0,0,0,0,1,0,0,0,0,0,0,0,0
475,ダート,2000,全,2勝クラス,4.58,6.32,32,6,0,4,6,1,9,3,3,6,0,1,3,1,5,4,4,2,3,0,3,0,0,0,0,0,0
476,ダート,2000,良,2勝クラス,4.88,6.86,17,4,0,1,0,0,7,3,2,4,0,0,0,0,3,1,2,2,3,0,2,0,0,0,0,0,0
477,ダート,2000,稍重,2勝クラス,4.17,5.83,7,1,0,1,3,0,1,0,1,1,0,1,0,0,1,1,2,0,0,0,1,0,0,0,0,0,0
478,ダート,2000,重,2勝クラス,3.5,4.25,4,1,0,1,1,0,1,0,0,1,0,0,1,1,0,1,0,0,0,0,0,0,0,0,0,0,0
479,ダート,2000,不良,2勝クラス,4.0,5.25,4,0,0,1,2,1,0,0,0,0,0,0,2,0,1,1,0,0,0,0,0,0,0,0,0,0,0
480,ダート,2000,全,3勝クラス,5.09,8.36,15,0,2,1,0,3,4,4,1,0,0,1,2,0,0,1,2,1,2,3,0,2,1,0,0,0,0
481,ダート,2000,良,3勝クラス,5.4,9.17,11,0,1,1,0,2,3,3,1,0,0,0,2,0,0,1,1,1,2,1,0,2,1,0,0,0,0
482,ダート,2000,稍重,3勝クラス,5.0,8.0,1,0,0,0,0,1,0,0,0,0,0,0,0,0,0,0,1,0,0,0,0,0,0,0,0,0,0
483,ダート,2000,重,3勝クラス,4.25,7.0,3,0,1,0,0,0,1,1,0,0,0,1,0,0,0,0,0,0,0,2,0,0,0,0,0,0,0
484,ダート,2000,不良,3勝クラス,,,0,0,0,0,0,0,0,0,0,0,0,0,0,0,0,0,0,0,0,0,0,0,0,0,0,0,0
485,ダート,2000,全,オープン,4.44,8.06,14,2,3,1,2,1,0,2,3,1,1,1,2,1,1,1,0,0,1,0,0,1,4,0,0,0,0
486,ダート,2000,良,オープン,4.79,8.36,10,1,2,1,2,1,0,0,3,1,0,0,2,1,1,1,0,0,1,0,0,1,2,0,0,0,0
487,ダート,2000,稍重,オープン,4.25,8.25,4,1,1,0,0,0,0,2,0,0,1,1,0,0,0,0,0,0,0,0,0,0,2,0,0,0,0
488,ダート,2000,重,オープン,,,0,0,0,0,0,0,0,0,0,0,0,0,0,0,0,0,0,0,0,0,0,0,0,0,0,0,0
489,ダート,2000,不良,オープン,,,0,0,0,0,0,0,0,0,0,0,0,0,0,0,0,0,0,0,0,0,0,0,0,0,0,0,0
490,ダート,2200,全,all,,,0,0,0,0,0,0,0,0,0,0,0,0,0,0,0,0,0,0,0,0,0,0,0,0,0,0,0
491,ダート,2200,良,all,,,0,0,0,0,0,0,0,0,0,0,0,0,0,0,0,0,0,0,0,0,0,0,0,0,0,0,0
492,ダート,2200,稍重,all,,,0,0,0,0,0,0,0,0,0,0,0,0,0,0,0,0,0,0,0,0,0,0,0,0,0,0,0
493,ダート,2200,重,all,,,0,0,0,0,0,0,0,0,0,0,0,0,0,0,0,0,0,0,0,0,0,0,0,0,0,0,0
494,ダート,2200,不良,all,,,0,0,0,0,0,0,0,0,0,0,0,0,0,0,0,0,0,0,0,0,0,0,0,0,0,0,0
495,ダート,2200,全,未勝利,,,0,0,0,0,0,0,0,0,0,0,0,0,0,0,0,0,0,0,0,0,0,0,0,0,0,0,0
496,ダート,2200,良,未勝利,,,0,0,0,0,0,0,0,0,0,0,0,0,0,0,0,0,0,0,0,0,0,0,0,0,0,0,0
497,ダート,2200,稍重,未勝利,,,0,0,0,0,0,0,0,0,0,0,0,0,0,0,0,0,0,0,0,0,0,0,0,0,0,0,0
498,ダート,2200,重,未勝利,,,0,0,0,0,0,0,0,0,0,0,0,0,0,0,0,0,0,0,0,0,0,0,0,0,0,0,0
499,ダート,2200,不良,未勝利,,,0,0,0,0,0,0,0,0,0,0,0,0,0,0,0,0,0,0,0,0,0,0,0,0,0,0,0
500,ダート,2200,全,新馬,,,0,0,0,0,0,0,0,0,0,0,0,0,0,0,0,0,0,0,0,0,0,0,0,0,0,0,0
501,ダート,2200,良,新馬,,,0,0,0,0,0,0,0,0,0,0,0,0,0,0,0,0,0,0,0,0,0,0,0,0,0,0,0
502,ダート,2200,稍重,新馬,,,0,0,0,0,0,0,0,0,0,0,0,0,0,0,0,0,0,0,0,0,0,0,0,0,0,0,0
503,ダート,2200,重,新馬,,,0,0,0,0,0,0,0,0,0,0,0,0,0,0,0,0,0,0,0,0,0,0,0,0,0,0,0
504,ダート,2200,不良,新馬,,,0,0,0,0,0,0,0,0,0,0,0,0,0,0,0,0,0,0,0,0,0,0,0,0,0,0,0
505,ダート,2200,全,1勝クラス,,,0,0,0,0,0,0,0,0,0,0,0,0,0,0,0,0,0,0,0,0,0,0,0,0,0,0,0
506,ダート,2200,良,1勝クラス,,,0,0,0,0,0,0,0,0,0,0,0,0,0,0,0,0,0,0,0,0,0,0,0,0,0,0,0
507,ダート,2200,稍重,1勝クラス,,,0,0,0,0,0,0,0,0,0,0,0,0,0,0,0,0,0,0,0,0,0,0,0,0,0,0,0
508,ダート,2200,重,1勝クラス,,,0,0,0,0,0,0,0,0,0,0,0,0,0,0,0,0,0,0,0,0,0,0,0,0,0,0,0
509,ダート,2200,不良,1勝クラス,,,0,0,0,0,0,0,0,0,0,0,0,0,0,0,0,0,0,0,0,0,0,0,0,0,0,0,0
510,ダート,2200,全,2勝クラス,,,0,0,0,0,0,0,0,0,0,0,0,0,0,0,0,0,0,0,0,0,0,0,0,0,0,0,0
511,ダート,2200,良,2勝クラス,,,0,0,0,0,0,0,0,0,0,0,0,0,0,0,0,0,0,0,0,0,0,0,0,0,0,0,0
512,ダート,2200,稍重,2勝クラス,,,0,0,0,0,0,0,0,0,0,0,0,0,0,0,0,0,0,0,0,0,0,0,0,0,0,0,0
513,ダート,2200,重,2勝クラス,,,0,0,0,0,0,0,0,0,0,0,0,0,0,0,0,0,0,0,0,0,0,0,0,0,0,0,0
514,ダート,2200,不良,2勝クラス,,,0,0,0,0,0,0,0,0,0,0,0,0,0,0,0,0,0,0,0,0,0,0,0,0,0,0,0
515,ダート,2200,全,3勝クラス,,,0,0,0,0,0,0,0,0,0,0,0,0,0,0,0,0,0,0,0,0,0,0,0,0,0,0,0
516,ダート,2200,良,3勝クラス,,,0,0,0,0,0,0,0,0,0,0,0,0,0,0,0,0,0,0,0,0,0,0,0,0,0,0,0
517,ダート,2200,稍重,3勝クラス,,,0,0,0,0,0,0,0,0,0,0,0,0,0,0,0,0,0,0,0,0,0,0,0,0,0,0,0
518,ダート,2200,重,3勝クラス,,,0,0,0,0,0,0,0,0,0,0,0,0,0,0,0,0,0,0,0,0,0,0,0,0,0,0,0
519,ダート,2200,不良,3勝クラス,,,0,0,0,0,0,0,0,0,0,0,0,0,0,0,0,0,0,0,0,0,0,0,0,0,0,0,0
520,ダート,2200,全,オープン,,,0,0,0,0,0,0,0,0,0,0,0,0,0,0,0,0,0,0,0,0,0,0,0,0,0,0,0
521,ダート,2200,良,オープン,,,0,0,0,0,0,0,0,0,0,0,0,0,0,0,0,0,0,0,0,0,0,0,0,0,0,0,0
522,ダート,2200,稍重,オープン,,,0,0,0,0,0,0,0,0,0,0,0,0,0,0,0,0,0,0,0,0,0,0,0,0,0,0,0
523,ダート,2200,重,オープン,,,0,0,0,0,0,0,0,0,0,0,0,0,0,0,0,0,0,0,0,0,0,0,0,0,0,0,0
524,ダート,2200,不良,オープン,,,0,0,0,0,0,0,0,0,0,0,0,0,0,0,0,0,0,0,0,0,0,0,0,0,0,0,0
525,ダート,2400,全,all,,,0,0,0,0,0,0,0,0,0,0,0,0,0,0,0,0,0,0,0,0,0,0,0,0,0,0,0
526,ダート,2400,良,all,,,0,0,0,0,0,0,0,0,0,0,0,0,0,0,0,0,0,0,0,0,0,0,0,0,0,0,0
527,ダート,2400,稍重,all,,,0,0,0,0,0,0,0,0,0,0,0,0,0,0,0,0,0,0,0,0,0,0,0,0,0,0,0
528,ダート,2400,重,all,,,0,0,0,0,0,0,0,0,0,0,0,0,0,0,0,0,0,0,0,0,0,0,0,0,0,0,0
529,ダート,2400,不良,all,,,0,0,0,0,0,0,0,0,0,0,0,0,0,0,0,0,0,0,0,0,0,0,0,0,0,0,0
530,ダート,2400,全,未勝利,,,0,0,0,0,0,0,0,0,0,0,0,0,0,0,0,0,0,0,0,0,0,0,0,0,0,0,0
531,ダート,2400,良,未勝利,,,0,0,0,0,0,0,0,0,0,0,0,0,0,0,0,0,0,0,0,0,0,0,0,0,0,0,0
532,ダート,2400,稍重,未勝利,,,0,0,0,0,0,0,0,0,0,0,0,0,0,0,0,0,0,0,0,0,0,0,0,0,0,0,0
533,ダート,2400,重,未勝利,,,0,0,0,0,0,0,0,0,0,0,0,0,0,0,0,0,0,0,0,0,0,0,0,0,0,0,0
534,ダート,2400,不良,未勝利,,,0,0,0,0,0,0,0,0,0,0,0,0,0,0,0,0,0,0,0,0,0,0,0,0,0,0,0
535,ダート,2400,全,新馬,,,0,0,0,0,0,0,0,0,0,0,0,0,0,0,0,0,0,0,0,0,0,0,0,0,0,0,0
536,ダート,2400,良,新馬,,,0,0,0,0,0,0,0,0,0,0,0,0,0,0,0,0,0,0,0,0,0,0,0,0,0,0,0
537,ダート,2400,稍重,新馬,,,0,0,0,0,0,0,0,0,0,0,0,0,0,0,0,0,0,0,0,0,0,0,0,0,0,0,0
538,ダート,2400,重,新馬,,,0,0,0,0,0,0,0,0,0,0,0,0,0,0,0,0,0,0,0,0,0,0,0,0,0,0,0
539,ダート,2400,不良,新馬,,,0,0,0,0,0,0,0,0,0,0,0,0,0,0,0,0,0,0,0,0,0,0,0,0,0,0,0
540,ダート,2400,全,1勝クラス,,,0,0,0,0,0,0,0,0,0,0,0,0,0,0,0,0,0,0,0,0,0,0,0,0,0,0,0
541,ダート,2400,良,1勝クラス,,,0,0,0,0,0,0,0,0,0,0,0,0,0,0,0,0,0,0,0,0,0,0,0,0,0,0,0
542,ダート,2400,稍重,1勝クラス,,,0,0,0,0,0,0,0,0,0,0,0,0,0,0,0,0,0,0,0,0,0,0,0,0,0,0,0
543,ダート,2400,重,1勝クラス,,,0,0,0,0,0,0,0,0,0,0,0,0,0,0,0,0,0,0,0,0,0,0,0,0,0,0,0
544,ダート,2400,不良,1勝クラス,,,0,0,0,0,0,0,0,0,0,0,0,0,0,0,0,0,0,0,0,0,0,0,0,0,0,0,0
545,ダート,2400,全,2勝クラス,,,0,0,0,0,0,0,0,0,0,0,0,0,0,0,0,0,0,0,0,0,0,0,0,0,0,0,0
546,ダート,2400,良,2勝クラス,,,0,0,0,0,0,0,0,0,0,0,0,0,0,0,0,0,0,0,0,0,0,0,0,0,0,0,0
547,ダート,2400,稍重,2勝クラス,,,0,0,0,0,0,0,0,0,0,0,0,0,0,0,0,0,0,0,0,0,0,0,0,0,0,0,0
548,ダート,2400,重,2勝クラス,,,0,0,0,0,0,0,0,0,0,0,0,0,0,0,0,0,0,0,0,0,0,0,0,0,0,0,0
549,ダート,2400,不良,2勝クラス,,,0,0,0,0,0,0,0,0,0,0,0,0,0,0,0,0,0,0,0,0,0,0,0,0,0,0,0
550,ダート,2400,全,3勝クラス,,,0,0,0,0,0,0,0,0,0,0,0,0,0,0,0,0,0,0,0,0,0,0,0,0,0,0,0
551,ダート,2400,良,3勝クラス,,,0,0,0,0,0,0,0,0,0,0,0,0,0,0,0,0,0,0,0,0,0,0,0,0,0,0,0
552,ダート,2400,稍重,3勝クラス,,,0,0,0,0,0,0,0,0,0,0,0,0,0,0,0,0,0,0,0,0,0,0,0,0,0,0,0
553,ダート,2400,重,3勝クラス,,,0,0,0,0,0,0,0,0,0,0,0,0,0,0,0,0,0,0,0,0,0,0,0,0,0,0,0
554,ダート,2400,不良,3勝クラス,,,0,0,0,0,0,0,0,0,0,0,0,0,0,0,0,0,0,0,0,0,0,0,0,0,0,0,0
555,ダート,2400,全,オープン,,,0,0,0,0,0,0,0,0,0,0,0,0,0,0,0,0,0,0,0,0,0,0,0,0,0,0,0
556,ダート,2400,良,オープン,,,0,0,0,0,0,0,0,0,0,0,0,0,0,0,0,0,0,0,0,0,0,0,0,0,0,0,0
557,ダート,2400,稍重,オープン,,,0,0,0,0,0,0,0,0,0,0,0,0,0,0,0,0,0,0,0,0,0,0,0,0,0,0,0
558,ダート,2400,重,オープン,,,0,0,0,0,0,0,0,0,0,0,0,0,0,0,0,0,0,0,0,0,0,0,0,0,0,0,0
559,ダート,2400,不良,オープン,,,0,0,0,0,0,0,0,0,0,0,0,0,0,0,0,0,0,0,0,0,0,0,0,0,0,0,0
560,ダート,2600,全,all,,,0,0,0,0,0,0,0,0,0,0,0,0,0,0,0,0,0,0,0,0,0,0,0,0,0,0,0
561,ダート,2600,良,all,,,0,0,0,0,0,0,0,0,0,0,0,0,0,0,0,0,0,0,0,0,0,0,0,0,0,0,0
562,ダート,2600,稍重,all,,,0,0,0,0,0,0,0,0,0,0,0,0,0,0,0,0,0,0,0,0,0,0,0,0,0,0,0
563,ダート,2600,重,all,,,0,0,0,0,0,0,0,0,0,0,0,0,0,0,0,0,0,0,0,0,0,0,0,0,0,0,0
564,ダート,2600,不良,all,,,0,0,0,0,0,0,0,0,0,0,0,0,0,0,0,0,0,0,0,0,0,0,0,0,0,0,0
565,ダート,2600,全,未勝利,,,0,0,0,0,0,0,0,0,0,0,0,0,0,0,0,0,0,0,0,0,0,0,0,0,0,0,0
566,ダート,2600,良,未勝利,,,0,0,0,0,0,0,0,0,0,0,0,0,0,0,0,0,0,0,0,0,0,0,0,0,0,0,0
567,ダート,2600,稍重,未勝利,,,0,0,0,0,0,0,0,0,0,0,0,0,0,0,0,0,0,0,0,0,0,0,0,0,0,0,0
568,ダート,2600,重,未勝利,,,0,0,0,0,0,0,0,0,0,0,0,0,0,0,0,0,0,0,0,0,0,0,0,0,0,0,0
569,ダート,2600,不良,未勝利,,,0,0,0,0,0,0,0,0,0,0,0,0,0,0,0,0,0,0,0,0,0,0,0,0,0,0,0
570,ダート,2600,全,新馬,,,0,0,0,0,0,0,0,0,0,0,0,0,0,0,0,0,0,0,0,0,0,0,0,0,0,0,0
571,ダート,2600,良,新馬,,,0,0,0,0,0,0,0,0,0,0,0,0,0,0,0,0,0,0,0,0,0,0,0,0,0,0,0
572,ダート,2600,稍重,新馬,,,0,0,0,0,0,0,0,0,0,0,0,0,0,0,0,0,0,0,0,0,0,0,0,0,0,0,0
573,ダート,2600,重,新馬,,,0,0,0,0,0,0,0,0,0,0,0,0,0,0,0,0,0,0,0,0,0,0,0,0,0,0,0
574,ダート,2600,不良,新馬,,,0,0,0,0,0,0,0,0,0,0,0,0,0,0,0,0,0,0,0,0,0,0,0,0,0,0,0
575,ダート,2600,全,1勝クラス,,,0,0,0,0,0,0,0,0,0,0,0,0,0,0,0,0,0,0,0,0,0,0,0,0,0,0,0
576,ダート,2600,良,1勝クラス,,,0,0,0,0,0,0,0,0,0,0,0,0,0,0,0,0,0,0,0,0,0,0,0,0,0,0,0
577,ダート,2600,稍重,1勝クラス,,,0,0,0,0,0,0,0,0,0,0,0,0,0,0,0,0,0,0,0,0,0,0,0,0,0,0,0
578,ダート,2600,重,1勝クラス,,,0,0,0,0,0,0,0,0,0,0,0,0,0,0,0,0,0,0,0,0,0,0,0,0,0,0,0
579,ダート,2600,不良,1勝クラス,,,0,0,0,0,0,0,0,0,0,0,0,0,0,0,0,0,0,0,0,0,0,0,0,0,0,0,0
580,ダート,2600,全,2勝クラス,,,0,0,0,0,0,0,0,0,0,0,0,0,0,0,0,0,0,0,0,0,0,0,0,0,0,0,0
581,ダート,2600,良,2勝クラス,,,0,0,0,0,0,0,0,0,0,0,0,0,0,0,0,0,0,0,0,0,0,0,0,0,0,0,0
582,ダート,2600,稍重,2勝クラス,,,0,0,0,0,0,0,0,0,0,0,0,0,0,0,0,0,0,0,0,0,0,0,0,0,0,0,0
583,ダート,2600,重,2勝クラス,,,0,0,0,0,0,0,0,0,0,0,0,0,0,0,0,0,0,0,0,0,0,0,0,0,0,0,0
584,ダート,2600,不良,2勝クラス,,,0,0,0,0,0,0,0,0,0,0,0,0,0,0,0,0,0,0,0,0,0,0,0,0,0,0,0
585,ダート,2600,全,3勝クラス,,,0,0,0,0,0,0,0,0,0,0,0,0,0,0,0,0,0,0,0,0,0,0,0,0,0,0,0
586,ダート,2600,良,3勝クラス,,,0,0,0,0,0,0,0,0,0,0,0,0,0,0,0,0,0,0,0,0,0,0,0,0,0,0,0
587,ダート,2600,稍重,3勝クラス,,,0,0,0,0,0,0,0,0,0,0,0,0,0,0,0,0,0,0,0,0,0,0,0,0,0,0,0
588,ダート,2600,重,3勝クラス,,,0,0,0,0,0,0,0,0,0,0,0,0,0,0,0,0,0,0,0,0,0,0,0,0,0,0,0
589,ダート,2600,不良,3勝クラス,,,0,0,0,0,0,0,0,0,0,0,0,0,0,0,0,0,0,0,0,0,0,0,0,0,0,0,0
590,ダート,2600,全,オープン,,,0,0,0,0,0,0,0,0,0,0,0,0,0,0,0,0,0,0,0,0,0,0,0,0,0,0,0
591,ダート,2600,良,オープン,,,0,0,0,0,0,0,0,0,0,0,0,0,0,0,0,0,0,0,0,0,0,0,0,0,0,0,0
592,ダート,2600,稍重,オープン,,,0,0,0,0,0,0,0,0,0,0,0,0,0,0,0,0,0,0,0,0,0,0,0,0,0,0,0
593,ダート,2600,重,オープン,,,0,0,0,0,0,0,0,0,0,0,0,0,0,0,0,0,0,0,0,0,0,0,0,0,0,0,0
594,ダート,2600,不良,オープン,,,0,0,0,0,0,0,0,0,0,0,0,0,0,0,0,0,0,0,0,0,0,0,0,0,0,0,0
595,ダート,3000,全,all,,,0,0,0,0,0,0,0,0,0,0,0,0,0,0,0,0,0,0,0,0,0,0,0,0,0,0,0
596,ダート,3000,良,all,,,0,0,0,0,0,0,0,0,0,0,0,0,0,0,0,0,0,0,0,0,0,0,0,0,0,0,0
597,ダート,3000,稍重,all,,,0,0,0,0,0,0,0,0,0,0,0,0,0,0,0,0,0,0,0,0,0,0,0,0,0,0,0
598,ダート,3000,重,all,,,0,0,0,0,0,0,0,0,0,0,0,0,0,0,0,0,0,0,0,0,0,0,0,0,0,0,0
599,ダート,3000,不良,all,,,0,0,0,0,0,0,0,0,0,0,0,0,0,0,0,0,0,0,0,0,0,0,0,0,0,0,0
600,ダート,3000,全,未勝利,,,0,0,0,0,0,0,0,0,0,0,0,0,0,0,0,0,0,0,0,0,0,0,0,0,0,0,0
601,ダート,3000,良,未勝利,,,0,0,0,0,0,0,0,0,0,0,0,0,0,0,0,0,0,0,0,0,0,0,0,0,0,0,0
602,ダート,3000,稍重,未勝利,,,0,0,0,0,0,0,0,0,0,0,0,0,0,0,0,0,0,0,0,0,0,0,0,0,0,0,0
603,ダート,3000,重,未勝利,,,0,0,0,0,0,0,0,0,0,0,0,0,0,0,0,0,0,0,0,0,0,0,0,0,0,0,0
604,ダート,3000,不良,未勝利,,,0,0,0,0,0,0,0,0,0,0,0,0,0,0,0,0,0,0,0,0,0,0,0,0,0,0,0
605,ダート,3000,全,新馬,,,0,0,0,0,0,0,0,0,0,0,0,0,0,0,0,0,0,0,0,0,0,0,0,0,0,0,0
606,ダート,3000,良,新馬,,,0,0,0,0,0,0,0,0,0,0,0,0,0,0,0,0,0,0,0,0,0,0,0,0,0,0,0
607,ダート,3000,稍重,新馬,,,0,0,0,0,0,0,0,0,0,0,0,0,0,0,0,0,0,0,0,0,0,0,0,0,0,0,0
608,ダート,3000,重,新馬,,,0,0,0,0,0,0,0,0,0,0,0,0,0,0,0,0,0,0,0,0,0,0,0,0,0,0,0
609,ダート,3000,不良,新馬,,,0,0,0,0,0,0,0,0,0,0,0,0,0,0,0,0,0,0,0,0,0,0,0,0,0,0,0
610,ダート,3000,全,1勝クラス,,,0,0,0,0,0,0,0,0,0,0,0,0,0,0,0,0,0,0,0,0,0,0,0,0,0,0,0
611,ダート,3000,良,1勝クラス,,,0,0,0,0,0,0,0,0,0,0,0,0,0,0,0,0,0,0,0,0,0,0,0,0,0,0,0
612,ダート,3000,稍重,1勝クラス,,,0,0,0,0,0,0,0,0,0,0,0,0,0,0,0,0,0,0,0,0,0,0,0,0,0,0,0
613,ダート,3000,重,1勝クラス,,,0,0,0,0,0,0,0,0,0,0,0,0,0,0,0,0,0,0,0,0,0,0,0,0,0,0,0
614,ダート,3000,不良,1勝クラス,,,0,0,0,0,0,0,0,0,0,0,0,0,0,0,0,0,0,0,0,0,0,0,0,0,0,0,0
615,ダート,3000,全,2勝クラス,,,0,0,0,0,0,0,0,0,0,0,0,0,0,0,0,0,0,0,0,0,0,0,0,0,0,0,0
616,ダート,3000,良,2勝クラス,,,0,0,0,0,0,0,0,0,0,0,0,0,0,0,0,0,0,0,0,0,0,0,0,0,0,0,0
617,ダート,3000,稍重,2勝クラス,,,0,0,0,0,0,0,0,0,0,0,0,0,0,0,0,0,0,0,0,0,0,0,0,0,0,0,0
618,ダート,3000,重,2勝クラス,,,0,0,0,0,0,0,0,0,0,0,0,0,0,0,0,0,0,0,0,0,0,0,0,0,0,0,0
619,ダート,3000,不良,2勝クラス,,,0,0,0,0,0,0,0,0,0,0,0,0,0,0,0,0,0,0,0,0,0,0,0,0,0,0,0
620,ダート,3000,全,3勝クラス,,,0,0,0,0,0,0,0,0,0,0,0,0,0,0,0,0,0,0,0,0,0,0,0,0,0,0,0
621,ダート,3000,良,3勝クラス,,,0,0,0,0,0,0,0,0,0,0,0,0,0,0,0,0,0,0,0,0,0,0,0,0,0,0,0
622,ダート,3000,稍重,3勝クラス,,,0,0,0,0,0,0,0,0,0,0,0,0,0,0,0,0,0,0,0,0,0,0,0,0,0,0,0
623,ダート,3000,重,3勝クラス,,,0,0,0,0,0,0,0,0,0,0,0,0,0,0,0,0,0,0,0,0,0,0,0,0,0,0,0
624,ダート,3000,不良,3勝クラス,,,0,0,0,0,0,0,0,0,0,0,0,0,0,0,0,0,0,0,0,0,0,0,0,0,0,0,0
625,ダート,3000,全,オープン,,,0,0,0,0,0,0,0,0,0,0,0,0,0,0,0,0,0,0,0,0,0,0,0,0,0,0,0
626,ダート,3000,良,オープン,,,0,0,0,0,0,0,0,0,0,0,0,0,0,0,0,0,0,0,0,0,0,0,0,0,0,0,0
627,ダート,3000,稍重,オープン,,,0,0,0,0,0,0,0,0,0,0,0,0,0,0,0,0,0,0,0,0,0,0,0,0,0,0,0
628,ダート,3000,重,オープン,,,0,0,0,0,0,0,0,0,0,0,0,0,0,0,0,0,0,0,0,0,0,0,0,0,0,0,0
629,ダート,3000,不良,オープン,,,0,0,0,0,0,0,0,0,0,0,0,0,0,0,0,0,0,0,0,0,0,0,0,0,0,0,0
