,着順,枠番,馬番,馬名,性齢,斤量,騎手,タイム,着差,単勝,人気,馬体重,調教師,course_len,weather,race_type,ground_state,date,class,horse_id,jockey_id
202406050901,1,4,8,アパッシメント,牡2,56.0,佐々木大,0:1:12.5,nan,1.7,1.0,486,[東] 堀宣行,1200,晴,ダート,良,2024年12月28日,未勝利,2022104732,01197
202406050901,2,5,10,リクエイ,牝2,55.0,戸崎圭太,0:1:13.0,3.1/2,8.2,4.0,420,[東] 竹内正洋,1200,晴,ダート,良,2024年12月28日,未勝利,2022101398,05386
202406050901,3,4,7,ショウナンラリー,牡2,56.0,吉田豊,0:1:13.1,クビ,7.5,3.0,480,[東] 嘉藤貴行,1200,晴,ダート,良,2024年12月28日,未勝利,2022103924,00733
202406050901,4,3,5,サツキレジーナ,牝2,55.0,小林凌大,0:1:13.2,クビ,214.3,12.0,424,[東] 石栗龍彦,1200,晴,ダート,良,2024年12月28日,未勝利,2022101204,01177
202406050901,5,7,13,バースフラワー,牝2,55.0,三浦皇成,0:1:13.3,1/2,32.7,7.0,436,[東] 小手川準,1200,晴,ダート,良,2024年12月28日,未勝利,2022102527,01122
202406050901,6,7,14,ライズトゥザトップ,牝2,55.0,木幡巧也,0:1:13.7,2.1/2,4.3,2.0,488,[東] 牧光二,1200,晴,ダート,良,2024年12月28日,未勝利,2022107284,01162
202406050901,7,3,6,エーデルムート,牝2,54.0,原優介,0:1:13.8,1/2,238.0,13.0,452,[東] 矢野英一,1200,晴,ダート,良,2024年12月28日,未勝利,2022101092,01184
202406050901,8,1,2,ビレッジルミエール,牝2,53.0,小林脩斗,0:1:13.8,ハナ,19.4,5.0,452,[東] 伊藤圭三,1200,晴,ダート,良,2024年12月28日,未勝利,2022101760,01183
202406050901,9,6,12,マーリーヒル,牝2,55.0,菊沢一樹,0:1:14.5,4,128.0,10.0,440,[東] 矢野英一,1200,晴,ダート,良,2024年12月28日,未勝利,2022103157,01161
202406050901,10,6,11,チュラット,牝2,55.0,武藤雅,0:1:14.5,アタマ,59.9,8.0,432,[東] 水野貴広,1200,晴,ダート,良,2024年12月28日,未勝利,2022103892,01169
202406050901,11,1,1,マジカルレインボー,牝2,55.0,丹内祐次,0:1:14.7,1,115.2,9.0,488,[東] 尾関知人,1200,晴,ダート,良,2024年12月28日,未勝利,2022107290,01091
202406050901,12,8,15,アイファーシャドー,牡2,53.0,石神深道,0:1:14.8,クビ,696.5,16.0,452,[東] 根本康広,1200,晴,ダート,良,2024年12月28日,未勝利,2022104259,01209
202406050901,13,5,9,オスカージュディ,牝2,55.0,西村淳也,0:1:15.0,1,151.5,11.0,426,[東] 小島茂之,1200,晴,ダート,良,2024年12月28日,未勝利,2022101727,01171
202406050901,14,8,16,ダングラール,牡2,56.0,坂井瑠星,0:1:15.2,1.1/4,19.8,6.0,472,[東] 田中博康,1200,晴,ダート,良,2024年12月28日,未勝利,2022105288,01163
202406050901,15,2,3,シャトーペリオット,牡2,56.0,野中悠太,0:1:15.9,4,633.1,15.0,516,[東] 根本康広,1200,晴,ダート,良,2024年12月28日,未勝利,2022101337,01158
202406050901,16,2,4,ノエル,牡2,55.0,横山琉人,0:1:16.3,2.1/2,270.3,14.0,426,[東] 斎藤誠,1200,晴,ダート,良,2024年12月28日,未勝利,2022106043,01192
202406050902,1,5,9,オストラヴァ,牡2,56.0,津村明秀,0:1:56.4,nan,1.8,1.0,476,[東] 林徹,1800,晴,ダート,良,2024年12月28日,未勝利,2022105456,01092
202406050902,2,3,6,ジェシーテソーロ,牡2,56.0,木幡巧也,0:1:56.5,1,9.4,3.0,482,[東] 牧光二,1800,晴,ダート,良,2024年12月28日,未勝利,2022102260,01162
202406050902,3,2,4,フジレイメイ,牡2,56.0,松岡正海,0:1:56.6,3/4,31.4,8.0,484,[東] 小笠倫弘,1800,晴,ダート,良,2024年12月28日,未勝利,2022100306,01085
202406050902,4,6,12,ヴィラスターリ,牡2,56.0,内田博幸,0:1:56.9,1.1/2,23.1,5.0,474,[東] 矢野英一,1800,晴,ダート,良,2024年12月28日,未勝利,2022103098,00422
202406050902,5,2,3,オキョンピー,牡2,56.0,佐々木大,0:1:57.0,1/2,31.4,7.0,436,[東] 高柳瑞樹,1800,晴,ダート,良,2024年12月28日,未勝利,2022100220,01197
202406050902,6,8,16,ルクスエクレール,牡2,56.0,杉原誠人,0:1:57.0,クビ,84.8,11.0,430,[東] 大和田成,1800,晴,ダート,良,2024年12月28日,未勝利,2022103952,01135
202406050902,7,7,14,ジーティートゥルー,牡2,56.0,大野拓弥,0:1:57.5,3,13.8,4.0,454,[東] 田島俊明,1800,晴,ダート,良,2024年12月28日,未勝利,2022105487,01096
202406050902,8,6,11,トーアジョウトウ,牡2,56.0,江田照男,0:1:57.5,ハナ,82.4,9.0,496,[東] 村田一誠,1800,晴,ダート,良,2024年12月28日,未勝利,2022105905,00689
202406050902,9,4,8,トーセンペネロペ,牝2,55.0,原田和真,0:1:57.6,クビ,99.7,12.0,448,[東] 小野次郎,1800,晴,ダート,良,2024年12月28日,未勝利,2022110011,01143
202406050902,10,1,2,レインボーギフト,牡2,53.0,長浜鴻緒,0:1:57.9,2,393.6,15.0,472,[東] 根本康広,1800,晴,ダート,良,2024年12月28日,未勝利,2022102361,01214
202406050902,11,5,10,フーイナム,牡2,56.0,黛弘人,0:1:59.0,7,23.4,6.0,498,[東] 森一誠,1800,晴,ダート,良,2024年12月28日,未勝利,2022105545,01109
202406050902,12,3,5,サバイバルナイン,牝2,55.0,丸田恭介,0:1:59.3,1.1/2,566.4,16.0,478,[東] 和田雄二,1800,晴,ダート,良,2024年12月28日,未勝利,2022109127,01117
202406050902,13,8,15,ヘイケ,牡2,56.0,丹内祐次,0:1:59.7,2.1/2,83.1,10.0,516,[東] 尾形和幸,1800,晴,ダート,良,2024年12月28日,未勝利,2022102455,01091
202406050902,14,4,7,マンボルンバ,牡2,56.0,ルメール,0:2:00.3,3.1/2,3.1,2.0,522,[東] 加藤征弘,1800,晴,ダート,良,2024年12月28日,未勝利,2022105297,05339
202406050902,15,1,1,ヒロノエクスカリバ,牡2,56.0,菅原隆一,0:2:00.8,3,344.1,14.0,442,[東] 小手川準,1800,晴,ダート,良,2024年12月28日,未勝利,2022104150,01129
202406050902,16,7,13,レイホープ,牡2,56.0,野中悠太,0:2:05.3,大,240.9,13.0,490,[東] 菊川正達,1800,晴,ダート,良,2024年12月28日,未勝利,2022102763,01158
202406050903,1,6,12,カーラデマドレ,牝2,55.0,ルメール,0:1:35.1,nan,1.6,1.0,466,[東] 宮田敬介,1600,晴,芝,良,2024年12月28日,未勝利,2022104912,05339
202406050903,2,2,4,チェンジオブハート,牡2,56.0,戸崎圭太,0:1:35.2,1/2,7.6,3.0,480,[東] 田中博康,1600,晴,芝,良,2024年12月28日,未勝利,2022101631,05386
202406050903,3,1,1,ラヴァフォール,牝2,55.0,横山武史,0:1:35.6,2.1/2,6.7,2.0,408,[東] 鈴木伸尋,1600,晴,芝,良,2024年12月28日,未勝利,2022105423,01170
202406050903,4,6,11,カウンターセブン,牡2,56.0,坂井瑠星,0:1:35.8,1.1/2,11.4,5.0,484,[東] 村田一誠,1600,晴,芝,良,2024年12月28日,未勝利,2022104197,01163
202406050903,5,3,5,ブラヴォケラトプス,牡2,56.0,佐々木大,0:1:35.9,クビ,13.9,6.0,522,[東] 辻哲英,1600,晴,芝,良,2024年12月28日,未勝利,2022105271,01197
202406050903,6,7,13,アッサジャン,牝2,55.0,武豊,0:1:36.1,1.1/4,9.4,4.0,458,[東] 国枝栄,1600,晴,芝,良,2024年12月28日,未勝利,2022102393,00666
202406050903,7,1,2,アズーラ,牝2,52.0,石田拓郎,0:1:36.3,1.1/2,508.8,15.0,418,[東] 佐藤吉勝,1600,晴,芝,良,2024年12月28日,未勝利,2022103034,01203
202406050903,8,2,3,ピンクブルー,牝2,55.0,菊沢一樹,0:1:36.3,ハナ,309.8,13.0,422,[東] 小手川準,1600,晴,芝,良,2024年12月28日,未勝利,2022100766,01161
202406050903,9,4,7,アオイウィンダム,牝2,55.0,石橋脩,0:1:36.4,クビ,518.2,16.0,480,[東] 本間忍,1600,晴,芝,良,2024年12月28日,未勝利,2022105742,01077
202406050903,10,8,16,ウェーヴレット,牝2,55.0,横山和生,0:1:36.4,クビ,123.7,9.0,428,[東] 菊沢隆徳,1600,晴,芝,良,2024年12月28日,未勝利,2022105333,01140
202406050903,11,5,10,トーセンアシュリー,牝2,55.0,丸田恭介,0:1:36.4,アタマ,23.7,7.0,502,[東] 宗像義忠,1600,晴,芝,良,2024年12月28日,未勝利,2022104552,01117
202406050903,12,3,6,リケアルフナ,牝2,52.0,石神深道,0:1:36.6,3/4,289.7,12.0,464,[東] 蛯名利弘,1600,晴,芝,良,2024年12月28日,未勝利,2022103025,01209
202406050903,13,8,15,エポカスピーガ,牝2,55.0,津村明秀,0:1:36.6,ハナ,50.8,8.0,484,[東] 田中剛,1600,晴,芝,良,2024年12月28日,未勝利,2022101532,01092
202406050903,14,5,9,アミラジオネ,牝2,55.0,江田照男,0:1:36.7,1/2,165.2,10.0,470,[東] 西田雄一,1600,晴,芝,良,2024年12月28日,未勝利,2022100043,00689
202406050903,15,7,14,スマイルバニラ,牝2,54.0,原優介,0:1:36.7,クビ,382.4,14.0,408,[東] 黒岩陽一,1600,晴,芝,良,2024年12月28日,未勝利,2022107344,01184
202406050903,16,4,8,ケイアイカラキア,セ2,53.0,長浜鴻緒,0:1:37.3,3.1/2,262.6,11.0,474,[東] 上原博之,1600,晴,芝,良,2024年12月28日,未勝利,2022103855,01214
202406050904,1,8,15,ルージュミレネール,牝2,55.0,坂井瑠星,0:1:49.0,nan,4.0,2.0,444,[東] 斎藤誠,1800,晴,芝,良,2024年12月28日,未勝利,2022105813,01163
202406050904,2,6,11,マイネルアウルム,牡2,56.0,柴田大知,0:1:49.1,1/2,30.0,8.0,436,[東] 加藤士津,1800,晴,芝,良,2024年12月28日,未勝利,2022106811,01009
202406050904,3,2,4,スイートグルーヴ,牝2,55.0,杉原誠人,0:1:49.2,1/2,11.4,6.0,446,[東] 青木孝文,1800,晴,芝,良,2024年12月28日,未勝利,2022104843,01135
202406050904,4,1,1,コスモトロイメル,牝2,55.0,丹内祐次,0:1:49.3,クビ,33.8,9.0,450,[東] 田島俊明,1800,晴,芝,良,2024年12月28日,未勝利,2022106786,01091
202406050904,5,3,6,ミッドセンチュリー,牡2,56.0,丸田恭介,0:1:49.4,1/2,112.4,13.0,454,[東] 松山将樹,1800,晴,芝,良,2024年12月28日,未勝利,2022103308,01117
202406050904,6,1,2,セレニティ,牝2,55.0,西村淳也,0:1:49.4,クビ,16.2,7.0,378,[東] 鹿戸雄一,1800,晴,芝,良,2024年12月28日,未勝利,2022105336,01171
202406050904,7,5,9,ミライヘノハナ,牝2,55.0,北村宏司,0:1:49.4,ハナ,7.8,5.0,444,[東] 伊藤大士,1800,晴,芝,良,2024年12月28日,未勝利,2022107285,01043
202406050904,8,4,7,ケアンズ,牡2,56.0,野中悠太,0:1:49.5,クビ,339.9,15.0,466,[東] 武藤善則,1800,晴,芝,良,2024年12月28日,未勝利,2022106790,01158
202406050904,9,2,3,タッセル,牡2,56.0,戸崎圭太,0:1:49.5,クビ,46.3,10.0,478,[東] 菊川正達,1800,晴,芝,良,2024年12月28日,未勝利,2022106801,05386
202406050904,10,4,8,エオアリイ,牡2,56.0,松山弘平,0:1:49.6,クビ,6.8,3.0,472,[東] 田中博康,1800,晴,芝,良,2024年12月28日,未勝利,2022103222,01126
202406050904,11,6,12,ゲンパチルーナ,牝2,55.0,木幡巧也,0:1:49.7,1/2,104.9,12.0,434,[東] 西田雄一,1800,晴,芝,良,2024年12月28日,未勝利,2022100887,01162
202406050904,12,3,5,リギーロ,牡2,56.0,三浦皇成,0:1:49.8,1/2,3.2,1.0,462,[東] 栗田徹,1800,晴,芝,良,2024年12月28日,未勝利,2022106624,01122
202406050904,13,7,13,デアマトローナ,牝2,55.0,ルメール,0:1:49.9,3/4,7.0,4.0,472,[東] 国枝栄,1800,晴,芝,良,2024年12月28日,未勝利,2022105044,05339
202406050904,14,8,16,ブルーメサイア,牡2,56.0,横山武史,0:1:50.1,1.1/4,56.9,11.0,462,[東] 国枝栄,1800,晴,芝,良,2024年12月28日,未勝利,2022103132,01170
202406050904,15,7,14,ライヴスプーン,牝2,55.0,石川裕紀,0:1:50.2,クビ,180.9,14.0,420,[東] 尾形和幸,1800,晴,芝,良,2024年12月28日,未勝利,2022104264,01150
202406050904,16,5,10,コガクボウ,牡2,56.0,菊沢一樹,0:1:51.3,7,467.7,16.0,474,[東] 金成貴史,1800,晴,芝,良,2024年12月28日,未勝利,2022105877,01161
202406050905,1,7,13,ブラックジェダイト,牡2,56.0,佐々木大,0:2:03.8,nan,2.3,1.0,450,[東] 大竹正博,2000,晴,芝,良,2024年12月28日,新馬,2022106393,01197
202406050905,2,8,17,ドラゴン,牡2,56.0,武豊,0:2:04.2,2,4.5,3.0,488,[西] 松永幹夫,2000,晴,芝,良,2024年12月28日,新馬,2022105439,00666
202406050905,3,3,6,ブライトメール,牡2,56.0,坂井瑠星,0:2:04.3,1/2,11.5,4.0,446,[東] 伊藤大士,2000,晴,芝,良,2024年12月28日,新馬,2022101731,01163
202406050905,4,4,8,フェルヴァーラ,牝2,55.0,菅原明良,0:2:04.4,3/4,4.3,2.0,454,[東] 田中博康,2000,晴,芝,良,2024年12月28日,新馬,2022104191,01179
202406050905,5,3,5,アデニウム,牝2,55.0,内田博幸,0:2:04.6,1,77.7,12.0,422,[東] 田島俊明,2000,晴,芝,良,2024年12月28日,新馬,2022105272,00422
202406050905,6,7,14,オールニッポン,牝2,55.0,石川裕紀,0:2:04.6,クビ,17.2,5.0,430,[東] 上原佑紀,2000,晴,芝,良,2024年12月28日,新馬,2022103212,01150
202406050905,7,6,11,リープサンバウンズ,牡2,56.0,小林凌大,0:2:04.7,3/4,201.3,18.0,480,[東] 小西一男,2000,晴,芝,良,2024年12月28日,新馬,2022104469,01177
202406050905,8,8,18,アルデラックス,牡2,56.0,松岡正海,0:2:04.8,3/4,18.5,6.0,508,[東] 村田一誠,2000,晴,芝,良,2024年12月28日,新馬,2022100223,01085
202406050905,9,8,16,キャルミナス,牡2,56.0,北村宏司,0:2:05.0,1,129.3,15.0,476,[東] 奥村武,2000,晴,芝,良,2024年12月28日,新馬,2022104166,01043
202406050905,10,2,4,ユイノレクター,牡2,56.0,吉田豊,0:2:05.0,クビ,48.6,9.0,466,[東] 竹内正洋,2000,晴,芝,良,2024年12月28日,新馬,2022104376,00733
202406050905,11,7,15,アルデスト,牡2,56.0,江田照男,0:2:05.2,1,110.1,13.0,522,[東] 田中剛,2000,晴,芝,良,2024年12月28日,新馬,2022106738,00689
202406050905,12,1,1,ディラトン,牡2,56.0,丸山元気,0:2:05.4,1.1/4,44.0,8.0,474,[東] 矢嶋大樹,2000,晴,芝,良,2024年12月28日,新馬,2022104993,01127
202406050905,13,6,12,スパークルノヴァ,牝2,55.0,三浦皇成,0:2:05.4,アタマ,72.1,11.0,402,[東] 蛯名正義,2000,晴,芝,良,2024年12月28日,新馬,2022106659,01122
202406050905,14,5,9,チケットトゥヘブン,牡2,55.0,横山琉人,0:2:05.5,3/4,51.8,10.0,474,[東] 相沢郁,2000,晴,芝,良,2024年12月28日,新馬,2022102731,01192
202406050905,15,2,3,イデアブリランテ,牝2,55.0,木幡育也,0:2:05.6,1/2,161.6,17.0,406,[東] 松永康利,2000,晴,芝,良,2024年12月28日,新馬,2022102601,01167
202406050905,16,1,2,エイシンパルサー,牡2,56.0,津村明秀,0:2:05.7,アタマ,19.0,7.0,514,[東] 田中剛,2000,晴,芝,良,2024年12月28日,新馬,2022102871,01092
202406050905,17,4,7,シフグナーデ,牝2,55.0,丹内祐次,0:2:06.0,2,123.4,14.0,396,[東] 栗田徹,2000,晴,芝,良,2024年12月28日,新馬,2022101107,01091
202406050905,18,5,10,ライジングハース,牡2,56.0,大野拓弥,0:2:06.6,3.1/2,152.8,16.0,522,[東] 松山将樹,2000,晴,芝,良,2024年12月28日,新馬,2022106495,01096
202406050906,1,5,9,ドルンレースツェン,牝2,55.0,池添謙一,0:1:14.1,nan,63.2,9.0,408,[東] 小西一男,1200,晴,ダート,良,2024年12月28日,新馬,2022102791,01032
202406050906,2,8,16,トーアカフウ,牝2,55.0,石川裕紀,0:1:14.1,アタマ,11.9,6.0,436,[西] 牧田和弥,1200,晴,ダート,良,2024年12月28日,新馬,2022105904,01150
202406050906,3,3,5,エベリンテソーロ,牝2,55.0,木幡巧也,0:1:14.2,3/4,4.1,2.0,468,[東] 加藤士津,1200,晴,ダート,良,2024年12月28日,新馬,2022102264,01162
202406050906,4,3,6,ペタルビジュー,牝2,55.0,小林凌大,0:1:14.5,1.1/2,95.8,12.0,480,[東] 南田美知,1200,晴,ダート,良,2024年12月28日,新馬,2022106153,01177
202406050906,5,8,15,ダニエルバローズ,牡2,56.0,西村淳也,0:1:15.0,3.1/2,2.0,1.0,542,[西] 杉山晴紀,1200,晴,ダート,良,2024年12月28日,新馬,2022101431,01171
202406050906,6,7,13,サザンティスプーン,牝2,51.0,小林美駒,0:1:15.2,1,10.7,4.0,440,[東] 鈴木伸尋,1200,晴,ダート,良,2024年12月28日,新馬,2022100511,01206
202406050906,7,6,12,アシャカルーク,牡2,53.0,今村聖奈,0:1:15.4,1.1/4,23.5,7.0,450,[東] 鈴木伸尋,1200,晴,ダート,良,2024年12月28日,新馬,2022104486,01193
202406050906,8,6,11,カフェアリス,牝2,52.0,長浜鴻緒,0:1:15.6,1.1/4,71.2,10.0,380,[東] 中舘英二,1200,晴,ダート,良,2024年12月28日,新馬,2022103270,01214
202406050906,9,7,14,イサチルオアシス,牝2,55.0,木幡初也,0:1:16.2,3.1/2,239.4,16.0,428,[東] 竹内正洋,1200,晴,ダート,良,2024年12月28日,新馬,2022104542,01153
202406050906,10,5,10,スイングボーイ,牡2,56.0,岩部純二,0:1:16.2,クビ,90.6,11.0,450,[東] 伊藤伸一,1200,晴,ダート,良,2024年12月28日,新馬,2022107139,00726
202406050906,11,4,8,ナックメテオ,牡2,56.0,石橋脩,0:1:16.2,クビ,59.3,8.0,508,[東] 勢司和浩,1200,晴,ダート,良,2024年12月28日,新馬,2022103723,01077
202406050906,12,1,1,マシェリアムール,牝2,55.0,黛弘人,0:1:16.7,3,187.3,15.0,460,[東] 高橋文雅,1200,晴,ダート,良,2024年12月28日,新馬,2022103318,01109
202406050906,13,1,2,ホワイトマジック,牡2,56.0,内田博幸,0:1:16.8,1/2,8.0,3.0,464,[東] 田中剛,1200,晴,ダート,良,2024年12月28日,新馬,2022101635,00422
202406050906,14,2,3,アルフィオーレ,牝2,52.0,石田拓郎,0:1:17.2,2,169.7,14.0,412,[東] 宗像義忠,1200,晴,ダート,良,2024年12月28日,新馬,2022103017,01203
202406050906,15,4,7,カラジシ,牡2,56.0,北村宏司,0:1:17.5,2,109.4,13.0,460,[東] 勢司和浩,1200,晴,ダート,良,2024年12月28日,新馬,2022100868,01043
202406050906,16,2,4,マジカルキャンディ,牝2,55.0,菊沢一樹,0:1:18.1,3.1/2,10.9,5.0,442,[東] 岩戸孝樹,1200,晴,ダート,良,2024年12月28日,新馬,2022107297,01161
202406050907,1,2,3,パンジャ,牡3,57.0,川田将雅,0:1:47.9,nan,2.4,1.0,492,[東] 金成貴史,1800,晴,芝,良,2024年12月28日,1勝クラス,2021105155,01088
202406050907,2,4,8,テリオスサラ,牝3,55.0,横山武史,0:1:47.9,ハナ,4.3,2.0,480,[東] 高柳瑞樹,1800,晴,芝,良,2024年12月28日,1勝クラス,2021104189,01170
202406050907,3,1,1,ケイツークローン,セ4,58.0,菊沢一樹,0:1:48.2,1.1/2,19.4,7.0,474,[東] 清水英克,1800,晴,芝,良,2024年12月28日,1勝クラス,2020103160,01161
202406050907,4,5,10,マイネルフランツ,牡3,57.0,丹内祐次,0:1:48.4,1.1/4,5.9,3.0,478,[東] 和田正一,1800,晴,芝,良,2024年12月28日,1勝クラス,2021100629,01091
202406050907,5,4,7,マイバラード,牡4,58.0,丸山元気,0:1:48.5,1/2,144.6,11.0,484,[東] 松永康利,1800,晴,芝,良,2024年12月28日,1勝クラス,2020100621,01127
202406050907,6,5,9,ナムララジベラ,牝4,54.0,小林脩斗,0:1:48.6,3/4,165.6,13.0,474,[東] 石栗龍彦,1800,晴,芝,良,2024年12月28日,1勝クラス,2020101288,01183
202406050907,7,3,6,バードウォッチャー,牡3,57.0,武豊,0:1:48.6,アタマ,7.1,4.0,486,[東] 国枝栄,1800,晴,芝,良,2024年12月28日,1勝クラス,2021105375,00666
202406050907,8,3,5,デアパーディタ,牝3,52.0,長浜鴻緒,0:1:48.7,1/2,160.6,12.0,430,[東] 武井亮,1800,晴,芝,良,2024年12月28日,1勝クラス,2021100236,01214
202406050907,9,7,14,コスモエクスプレス,牡5,58.0,柴田大知,0:1:48.8,クビ,185.5,14.0,502,[東] 松永康利,1800,晴,芝,良,2024年12月28日,1勝クラス,2019100702,01009
202406050907,10,6,12,クインズステラ,牝5,56.0,大野拓弥,0:1:48.9,3/4,316.8,16.0,466,[東] 池上昌和,1800,晴,芝,良,2024年12月28日,1勝クラス,2019102559,01096
202406050907,11,8,15,トレミニョン,牝3,55.0,松山弘平,0:1:48.9,アタマ,15.5,6.0,474,[東] 和田勇介,1800,晴,芝,良,2024年12月28日,1勝クラス,2021105144,01126
202406050907,12,8,16,ミスティア,牝3,55.0,松岡正海,0:1:49.0,3/4,37.5,9.0,476,[東] 戸田博文,1800,晴,芝,良,2024年12月28日,1勝クラス,2021105802,01085
202406050907,13,1,2,シャンパンマーク,牡3,57.0,坂井瑠星,0:1:49.6,3.1/2,14.1,5.0,498,[東] 蛯名正義,1800,晴,芝,良,2024年12月28日,1勝クラス,2021105252,01163
202406050907,14,2,4,ディナトセレーネ,牝4,55.0,原優介,0:1:49.7,アタマ,70.1,10.0,464,[東] 尾関知人,1800,晴,芝,良,2024年12月28日,1勝クラス,2020102934,01184
202406050907,15,6,11,ショウナンラピダス,牡3,57.0,戸崎圭太,0:1:49.7,クビ,22.9,8.0,500,[東] 国枝栄,1800,晴,芝,良,2024年12月28日,1勝クラス,2021105578,05386
202406050907,16,7,13,ダイユウハミルトン,牡3,57.0,木幡育也,0:1:50.2,3,224.6,15.0,488,[東] 松永康利,1800,晴,芝,良,2024年12月28日,1勝クラス,2021101211,01167
202406050908,1,3,5,サンレイマリー,牡3,57.0,佐々木大,0:1:12.5,nan,19.1,7.0,486,[東] 伊藤圭三,1200,晴,ダート,良,2024年12月28日,1勝クラス,2021102326,01197
202406050908,2,2,3,ソーニャシュニク,牝3,52.0,今村聖奈,0:1:12.7,1.1/4,20.6,8.0,464,[東] 武井亮,1200,晴,ダート,良,2024年12月28日,1勝クラス,2021106923,01193
202406050908,3,5,9,タイセイピューマ,牡3,57.0,大野拓弥,0:1:12.7,クビ,4.3,3.0,486,[東] 新開幸一,1200,晴,ダート,良,2024年12月28日,1勝クラス,2021106119,01096
202406050908,4,4,8,グランプレジール,セ5,58.0,松山弘平,0:1:12.8,1/2,4.1,1.0,516,[東] 堀宣行,1200,晴,ダート,良,2024年12月28日,1勝クラス,2019105338,01126
202406050908,5,1,1,クールソル,牝3,55.0,菅原明良,0:1:12.8,ハナ,7.5,4.0,466,[東] 斎藤誠,1200,晴,ダート,良,2024年12月28日,1勝クラス,2021104325,01179
202406050908,6,1,2,ルージュアズライト,牝4,52.0,小林美駒,0:1:12.9,クビ,4.2,2.0,448,[東] 森一誠,1200,晴,ダート,良,2024年12月28日,1勝クラス,2020101610,01206
202406050908,7,8,15,レッツリブオン,セ5,58.0,黛弘人,0:1:12.9,クビ,115.4,13.0,472,[東] 伊藤大士,1200,晴,ダート,良,2024年12月28日,1勝クラス,2019104135,01109
202406050908,8,2,4,ニシノクラウン,セ3,56.0,横山琉人,0:1:12.9,アタマ,161.5,14.0,476,[東] 相沢郁,1200,晴,ダート,良,2024年12月28日,1勝クラス,2021100187,01192
202406050908,9,7,14,ルプランドル,牝5,55.0,原優介,0:1:13.0,クビ,98.3,12.0,482,[東] 萱野浩二,1200,晴,ダート,良,2024年12月28日,1勝クラス,2019105754,01184
202406050908,10,6,12,ミルフルール,牝3,55.0,北村友一,0:1:13.0,クビ,10.5,6.0,474,[東] 伊坂重信,1200,晴,ダート,良,2024年12月28日,1勝クラス,2021100614,01102
202406050908,11,6,11,カルフ,セ3,57.0,丸田恭介,0:1:13.2,3/4,48.3,10.0,470,[東] 大和田成,1200,晴,ダート,良,2024年12月28日,1勝クラス,2021103342,01117
202406050908,12,3,6,ファーレンジョー,牡4,58.0,小林凌大,0:1:13.4,1.1/4,329.6,16.0,466,[東] 蛯名利弘,1200,晴,ダート,良,2024年12月28日,1勝クラス,2020105271,01177
202406050908,13,5,10,エンツォ,牡3,57.0,横山和生,0:1:13.5,1/2,57.1,11.0,456,[東] 田村康仁,1200,晴,ダート,良,2024年12月28日,1勝クラス,2021105076,01140
202406050908,14,8,16,マリンバンカー,牡3,55.0,小林脩斗,0:1:13.5,クビ,8.2,5.0,500,[東] 南田美知,1200,晴,ダート,良,2024年12月28日,1勝クラス,2021103129,01183
202406050908,15,7,13,リオンラファール,セ5,58.0,菊沢一樹,0:1:13.9,2.1/2,40.5,9.0,532,[東] 矢野英一,1200,晴,ダート,良,2024年12月28日,1勝クラス,2019103318,01161
202406050908,16,4,7,ショコラブレッド,牝3,55.0,松岡正海,0:1:14.4,3,202.1,15.0,462,[東] 畠山吉宏,1200,晴,ダート,良,2024年12月28日,1勝クラス,2021104069,01085
202406050909,1,1,2,アイアムユウシュン,牡3,57.0,戸崎圭太,0:1:11.0,nan,4.3,3.0,516,[東] 奥平雅士,1200,晴,ダート,良,2024年12月28日,2勝クラス,2021103204,05386
202406050909,2,3,5,ルーラルハピネス,牝4,56.0,北村宏司,0:1:11.5,3,20.1,5.0,484,[東] 伊藤大士,1200,晴,ダート,良,2024年12月28日,2勝クラス,2020101052,01043
202406050909,3,7,14,ショウナンアビアス,牡4,58.0,池添謙一,0:1:11.6,1/2,3.5,2.0,508,[東] 加藤士津,1200,晴,ダート,良,2024年12月28日,2勝クラス,2020104597,01032
202406050909,4,7,13,ディキシーガンナー,牡4,58.0,川田将雅,0:1:11.9,1.3/4,2.8,1.0,496,[西] 中内田充,1200,晴,ダート,良,2024年12月28日,2勝クラス,2020110031,01088
202406050909,5,2,3,メラーキ,牡7,58.0,松岡正海,0:1:12.0,1/2,418.4,16.0,490,[東] 稲垣幸雄,1200,晴,ダート,良,2024年12月28日,2勝クラス,2017105634,01085
202406050909,5,3,6,ヴィクトリーロード,牡4,58.0,内田博幸,0:1:12.0,同着,40.3,10.0,492,[東] 畠山吉宏,1200,晴,ダート,良,2024年12月28日,2勝クラス,2020103931,00422
202406050909,7,4,8,キタノソワレ,牝3,55.0,木幡巧也,0:1:12.0,アタマ,32.1,9.0,478,[東] 本間忍,1200,晴,ダート,良,2024年12月28日,2勝クラス,2021106421,01162
202406050909,8,8,15,チュウワキャリア,牝3,55.0,横山武史,0:1:12.0,アタマ,8.4,4.0,508,[東] 栗田徹,1200,晴,ダート,良,2024年12月28日,2勝クラス,2021102295,01170
202406050909,9,6,11,マーシヴィガラス,牡4,58.0,丹内祐次,0:1:12.1,1/2,22.5,7.0,516,[東] 的場均,1200,晴,ダート,良,2024年12月28日,2勝クラス,2020104099,01091
202406050909,10,5,9,ベルウッドウズメ,セ5,58.0,石橋脩,0:1:12.2,クビ,206.0,14.0,490,[東] 本間忍,1200,晴,ダート,良,2024年12月28日,2勝クラス,2019109138,01077
202406050909,11,8,16,キャプテンローレル,牡5,58.0,杉原誠人,0:1:12.3,1,181.2,13.0,480,[東] 田村康仁,1200,晴,ダート,良,2024年12月28日,2勝クラス,2019100051,01135
202406050909,12,4,7,グレタ,牝5,56.0,菊沢一樹,0:1:12.5,1.1/2,49.4,11.0,480,[東] 清水英克,1200,晴,ダート,良,2024年12月28日,2勝クラス,2019102761,01161
202406050909,13,1,1,ズバットマサムネ,牡3,57.0,川又賢治,0:1:13.0,3,30.6,8.0,494,[西] 杉山佳明,1200,晴,ダート,良,2024年12月28日,2勝クラス,2021105711,01166
202406050909,14,5,10,カナウ,牡4,58.0,坂井瑠星,0:1:13.1,クビ,21.0,6.0,530,[西] 杉山晴紀,1200,晴,ダート,良,2024年12月28日,2勝クラス,2020103419,01163
202406050909,15,6,12,タッカーシルバー,牝5,56.0,小林美駒,0:1:13.1,クビ,325.7,15.0,472,[東] 鈴木伸尋,1200,晴,ダート,良,2024年12月28日,2勝クラス,2019100898,01206
202406050909,16,2,4,スクルトゥーラ,牝5,56.0,三浦皇成,0:1:13.5,2.1/2,147.1,12.0,446,[東] 鹿戸雄一,1200,晴,ダート,良,2024年12月28日,2勝クラス,2019105144,01122
202406050910,1,7,13,レヴォントゥレット,牡3,57.0,坂井瑠星,0:1:53.2,nan,6.1,4.0,488,[西] 矢作芳人,1800,晴,ダート,良,2024年12月28日,2勝クラス,2021103717,01163
202406050910,2,8,15,ホウキボシ,セ4,58.0,佐々木大,0:1:53.4,1.1/4,4.2,2.0,516,[東] 堀宣行,1800,晴,ダート,良,2024年12月28日,2勝クラス,2020110058,01197
202406050910,3,4,7,ヴァナルガンド,牡4,58.0,戸崎圭太,0:1:54.3,5,9.6,5.0,474,[東] 稲垣幸雄,1800,晴,ダート,良,2024年12月28日,2勝クラス,2020104567,05386
202406050910,4,3,6,アラレタバシル,牡3,57.0,野中悠太,0:1:54.4,クビ,5.4,3.0,464,[東] 根本康広,1800,晴,ダート,良,2024年12月28日,2勝クラス,2021107192,01158
202406050910,5,8,16,グレノークス,牝4,56.0,丸山元気,0:1:54.5,1/2,47.0,9.0,490,[東] 宮田敬介,1800,晴,ダート,良,2024年12月28日,2勝クラス,2020103033,01127
202406050910,6,7,14,モズアカボス,牡4,58.0,北村友一,0:1:54.5,ハナ,63.4,10.0,502,[西] 矢作芳人,1800,晴,ダート,良,2024年12月28日,2勝クラス,2020110069,01102
202406050910,7,6,11,イモータルバード,牡3,57.0,三浦皇成,0:1:54.6,1,34.4,8.0,484,[東] 栗田徹,1800,晴,ダート,良,2024年12月28日,2勝クラス,2021100674,01122
202406050910,8,5,10,クーアフュルスト,牡3,57.0,横山武史,0:1:54.7,アタマ,3.6,1.0,478,[東] 大和田成,1800,晴,ダート,良,2024年12月28日,2勝クラス,2021104949,01170
202406050910,9,5,9,シンヨモギネス,牡6,58.0,川田将雅,0:1:54.8,1/2,14.6,6.0,488,[東] 伊藤圭三,1800,晴,ダート,良,2024年12月28日,2勝クラス,2018103711,01088
202406050910,10,1,2,ピコニ,牡3,57.0,木幡巧也,0:1:54.9,3/4,29.5,7.0,494,[東] 牧光二,1800,晴,ダート,良,2024年12月28日,2勝クラス,2021101727,01162
202406050910,11,2,4,エッグスラット,牡4,58.0,石橋脩,0:1:54.9,ハナ,75.2,12.0,494,[東] 矢野英一,1800,晴,ダート,良,2024年12月28日,2勝クラス,2020102792,01077
202406050910,12,4,8,オールマキシマム,牝4,56.0,小林脩斗,0:1:55.0,クビ,82.9,13.0,462,[東] 奥平雅士,1800,晴,ダート,良,2024年12月28日,2勝クラス,2020100387,01183
202406050910,13,1,1,コスモオピニオン,牡4,58.0,丹内祐次,0:1:55.1,1/2,89.7,14.0,512,[東] 黒岩陽一,1800,晴,ダート,良,2024年12月28日,2勝クラス,2020101258,01091
202406050910,14,2,3,シグナルファイアー,牝4,56.0,菊沢一樹,0:1:55.5,2.1/2,139.1,15.0,480,[東] 水野貴広,1800,晴,ダート,良,2024年12月28日,2勝クラス,2020101228,01161
202406050910,15,6,12,クロールキック,牡5,58.0,黛弘人,0:1:56.0,3,465.2,16.0,502,[東] 森一誠,1800,晴,ダート,良,2024年12月28日,2勝クラス,2019101761,01109
202406050910,16,3,5,レイズカイザー,セ4,58.0,横山和生,0:1:57.5,9,63.8,11.0,528,[東] 田村康仁,1800,晴,ダート,良,2024年12月28日,2勝クラス,2020100583,01140
202406050911,1,3,6,クロワデュノール,牡2,56.0,北村友一,0:2:00.5,nan,1.8,1.0,496,[西] 斉藤崇史,2000,晴,芝,良,2024年12月28日,オープン,2022105102,01102
202406050911,2,1,1,ジョバンニ,牡2,56.0,松山弘平,0:2:00.8,2,19.1,6.0,484,[西] 杉山晴紀,2000,晴,芝,良,2024年12月28日,オープン,2022103995,01126
202406050911,3,6,11,ファウストラーゼン,牡2,56.0,杉原誠人,0:2:01.0,1.1/4,303.3,17.0,454,[西] 西村真幸,2000,晴,芝,良,2024年12月28日,オープン,2022104218,01135
202406050911,4,8,16,ジュタ,牡2,56.0,坂井瑠星,0:2:01.2,1,26.5,8.0,510,[西] 矢作芳人,2000,晴,芝,良,2024年12月28日,オープン,2022104813,01163
202406050911,5,2,4,クラウディアイ,牡2,56.0,西村淳也,0:2:01.4,1.1/2,67.2,13.0,432,[西] 橋口慎介,2000,晴,芝,良,2024年12月28日,オープン,2022100099,01171
202406050911,6,5,10,アスクシュタイン,牡2,56.0,横山武史,0:2:01.5,1/2,65.7,12.0,496,[西] 藤原英昭,2000,晴,芝,良,2024年12月28日,オープン,2022100161,01170
202406050911,7,2,3,ジェットマグナム,牡2,56.0,丹内祐次,0:2:01.5,ハナ,46.2,10.0,488,[西] 安達昭夫,2000,晴,芝,良,2024年12月28日,オープン,2022100084,01091
202406050911,8,3,5,レーヴドロペラ,牝2,55.0,大野拓弥,0:2:01.7,1,209.4,16.0,448,[東] 加藤士津,2000,晴,芝,良,2024年12月28日,オープン,2022106709,01096
202406050911,9,4,8,デルアヴァー,牡2,56.0,三浦皇成,0:2:01.7,クビ,35.1,9.0,484,[西] 松永幹夫,2000,晴,芝,良,2024年12月28日,オープン,2022110054,01122
202406050911,10,1,2,ショウナンマクベス,牡2,56.0,池添謙一,0:2:01.7,ハナ,122.4,14.0,478,[東] 武市康男,2000,晴,芝,良,2024年12月28日,オープン,2022102370,01032
202406050911,11,8,18,マスカレードボール,牡2,56.0,戸崎圭太,0:2:01.7,ハナ,9.9,4.0,472,[東] 手塚貴久,2000,晴,芝,良,2024年12月28日,オープン,2022105519,05386
202406050911,12,7,13,ジュンアサヒソラ,牡2,56.0,横山和生,0:2:01.8,3/4,54.2,11.0,494,[東] 高柳瑞樹,2000,晴,芝,良,2024年12月28日,オープン,2022105033,01140
202406050911,13,7,15,ピコチャンブラック,牡2,56.0,川田将雅,0:2:01.9,1/2,7.6,3.0,490,[東] 上原佑紀,2000,晴,芝,良,2024年12月28日,オープン,2022101745,01088
202406050911,14,4,7,ヤマニンブークリエ,牡2,56.0,武豊,0:2:02.0,クビ,18.2,5.0,528,[西] 松永幹夫,2000,晴,芝,良,2024年12月28日,オープン,2022106611,00666
202406050911,15,7,14,リアライズオーラム,牡2,56.0,菅原明良,0:2:02.3,1.3/4,138.0,15.0,508,[西] 須貝尚介,2000,晴,芝,良,2024年12月28日,オープン,2022105773,01179
202406050911,16,6,12,マジックサンズ,牡2,56.0,佐々木大,0:2:02.6,1.3/4,6.4,2.0,510,[西] 須貝尚介,2000,晴,芝,良,2024年12月28日,オープン,2022104772,01197
202406050911,17,8,17,アマキヒ,牡2,56.0,ルメール,0:2:02.7,1,23.5,7.0,488,[東] 国枝栄,2000,晴,芝,良,2024年12月28日,オープン,2022104615,05339
202406050911,18,5,9,アリオーンスマイル,牡2,56.0,木幡巧也,0:2:03.1,2,368.4,18.0,452,[東] 土田稔,2000,晴,芝,良,2024年12月28日,オープン,2022103478,01162
202406050912,1,7,14,ゴートゥファースト,牡4,56.0,西村淳也,0:1:34.3,nan,31.4,10.0,486,[西] 新谷功一,1600,晴,芝,良,2024年12月28日,3勝クラス,2020103464,01171
202406050912,2,8,15,タシット,牡5,57.0,松山弘平,0:1:34.3,クビ,16.0,8.0,468,[東] 中川公成,1600,晴,芝,良,2024年12月28日,3勝クラス,2019106335,01126
202406050912,3,5,9,テウメッサ,牝3,54.0,戸崎圭太,0:1:34.4,1/2,4.4,2.0,474,[東] 金成貴史,1600,晴,芝,良,2024年12月28日,3勝クラス,2021105757,05386
202406050912,4,4,7,ヒルノローザンヌ,牝5,52.0,池添謙一,0:1:34.4,ハナ,161.4,16.0,488,[西] 西村真幸,1600,晴,芝,良,2024年12月28日,3勝クラス,2019100581,01032
202406050912,5,7,13,ブランデーロック,牡5,54.0,原優介,0:1:34.6,1,96.3,13.0,490,[東] 青木孝文,1600,晴,芝,良,2024年12月28日,3勝クラス,2019107075,01184
202406050912,6,1,1,ワンダイレクト,牡4,56.0,松岡正海,0:1:34.6,ハナ,13.1,5.0,450,[西] 藤岡健一,1600,晴,芝,良,2024年12月28日,3勝クラス,2020103129,01085
202406050912,7,2,4,ニュージーズ,牡3,56.0,ルメール,0:1:34.7,1/2,2.9,1.0,498,[東] 木村哲也,1600,晴,芝,良,2024年12月28日,3勝クラス,2021105807,05339
202406050912,8,2,3,ベルクレスタ,牝5,53.0,佐々木大,0:1:34.7,クビ,68.4,12.0,484,[西] 須貝尚介,1600,晴,芝,良,2024年12月28日,3勝クラス,2019105415,01197
202406050912,9,1,2,マイネルティグレ,牡3,55.0,丹内祐次,0:1:34.7,クビ,14.0,6.0,474,[西] 西園正都,1600,晴,芝,良,2024年12月28日,3勝クラス,2021106815,01091
202406050912,10,5,10,ビジュノワール,牝5,53.0,津村明秀,0:1:34.8,クビ,21.0,9.0,460,[東] 中舘英二,1600,晴,芝,良,2024年12月28日,3勝クラス,2019105177,01092
202406050912,11,6,11,ディープリッチ,牡6,55.0,吉田豊,0:1:34.9,1/2,161.3,15.0,530,[東] 小島茂之,1600,晴,芝,良,2024年12月28日,3勝クラス,2018105157,00733
202406050912,12,6,12,グラニット,牡4,56.0,大野拓弥,0:1:34.9,アタマ,15.3,7.0,476,[東] 大和田成,1600,晴,芝,良,2024年12月28日,3勝クラス,2020100810,01096
202406050912,13,3,6,デコラシオン,牡5,57.0,菅原明良,0:1:34.9,クビ,7.8,4.0,526,[東] 高木登,1600,晴,芝,良,2024年12月28日,3勝クラス,2019104805,01179
202406050912,14,3,5,オーサムストローク,牡3,55.0,北村友一,0:1:35.2,2,57.3,11.0,452,[東] 伊藤圭三,1600,晴,芝,良,2024年12月28日,3勝クラス,2021100557,01102
202406050912,15,8,16,カーペンタリア,牝5,52.0,北村宏司,0:1:35.3,クビ,136.3,14.0,502,[東] 木村哲也,1600,晴,芝,良,2024年12月28日,3勝クラス,2019105472,01043
202406050912,16,4,8,マラキナイア,牝4,55.0,川田将雅,0:1:40.6,大,6.8,3.0,454,[西] 吉岡辰弥,1600,晴,芝,良,2024年12月28日,3勝クラス,2020102817,01088
202506010101,1,6,11,ピッツァナポリ,牝3,55.0,大野拓弥,0:1:12.2,nan,2.5,1.0,460,[東] 新開幸一,1200,晴,ダート,良,2025年1月5日,未勝利,2022105247,01096
202506010101,2,2,3,グリューネベルグ,牝3,55.0,丹内祐次,0:1:12.7,3,12.0,6.0,444,[東] 青木孝文,1200,晴,ダート,良,2025年1月5日,未勝利,2022106581,01091
202506010101,3,7,13,ロッキンミー,牝3,52.0,佐藤翔馬,0:1:13.0,2,156.0,11.0,436,[東] 杉浦宏昭,1200,晴,ダート,良,2025年1月5日,未勝利,2022107050,01207
202506010101,4,5,10,ルックアトミー,牝3,55.0,菊沢一樹,0:1:13.1,1/2,2.8,2.0,494,[東] 菊沢隆徳,1200,晴,ダート,良,2025年1月5日,未勝利,2022103727,01161
202506010101,5,6,12,ダイチラポール,牡3,54.0,長浜鴻緒,0:1:13.4,2,7.3,3.0,476,[東] 蛯名利弘,1200,晴,ダート,良,2025年1月5日,未勝利,2022100076,01214
202506010101,6,1,2,ジルクン,牡3,53.0,小林美駒,0:1:13.5,クビ,50.1,7.0,414,[東] 鈴木慎太,1200,晴,ダート,良,2025年1月5日,未勝利,2022101022,01206
202506010101,7,4,8,セイリオス,牝3,55.0,杉原誠人,0:1:13.7,1.1/4,211.8,14.0,472,[東] 宮田敬介,1200,晴,ダート,良,2025年1月5日,未勝利,2022106350,01135
202506010101,8,2,4,タッカーバリアント,牡3,57.0,戸崎圭太,0:1:13.7,クビ,8.4,4.0,466,[東] 田島俊明,1200,晴,ダート,良,2025年1月5日,未勝利,2022100105,05386
202506010101,9,4,7,コナベイション,牡3,57.0,横山武史,0:1:13.8,1/2,11.6,5.0,460,[東] 伊藤圭三,1200,晴,ダート,良,2025年1月5日,未勝利,2022101692,01170
202506010101,10,3,5,チャンピオンリボン,牝3,55.0,木幡初也,0:1:14.0,1,196.9,13.0,422,[東] 竹内正洋,1200,晴,ダート,良,2025年1月5日,未勝利,2022102964,01153
202506010101,11,1,1,ショウブダッシュ,牝3,52.0,石神深道,0:1:14.2,1.1/4,231.3,15.0,432,[東] 青木孝文,1200,晴,ダート,良,2025年1月5日,未勝利,2022102642,01209
202506010101,12,5,9,ビスケットマリー,牝3,55.0,柴田大知,0:1:14.8,4,131.9,10.0,420,[東] 和田雄二,1200,晴,ダート,良,2025年1月5日,未勝利,2022102984,01009
202506010101,13,8,16,カツノトゥウェルヴ,牝3,55.0,松岡正海,0:1:15.0,1.1/4,73.0,8.0,470,[東] 伊藤伸一,1200,晴,ダート,良,2025年1月5日,未勝利,2022101055,01085
202506010101,14,7,14,ノアファースト,牡3,57.0,武藤雅,0:1:15.0,ハナ,189.5,12.0,454,[東] 小笠倫弘,1200,晴,ダート,良,2025年1月5日,未勝利,2022102350,01169
202506010101,15,3,6,ニシノティターニア,牝3,55.0,池添謙一,0:1:15.2,1.1/4,75.8,9.0,424,[東] 上原博之,1200,晴,ダート,良,2025年1月5日,未勝利,2022107201,01032
202506010101,16,8,15,キャプティバ,牡3,57.0,黛弘人,0:1:15.6,2.1/2,556.3,16.0,492,[東] 佐藤吉勝,1200,晴,ダート,良,2025年1月5日,未勝利,2022103312,01109
202506010102,1,3,6,フィーリウス,牡3,57.0,木幡巧也,0:1:56.1,nan,7.3,3.0,492,[東] 手塚貴久,1800,晴,ダート,良,2025年1月5日,未勝利,2022105175,01162
202506010102,2,6,12,ロンパイア,牡3,57.0,戸崎圭太,0:1:56.1,アタマ,7.5,4.0,474,[東] 尾関知人,1800,晴,ダート,良,2025年1月5日,未勝利,2022103708,05386
202506010102,3,1,2,ブレトワルダ,牡3,57.0,丹内祐次,0:1:56.2,1/2,8.2,6.0,496,[東] 新開幸一,1800,晴,ダート,良,2025年1月5日,未勝利,2022102965,01091
202506010102,4,7,14,プロスペクトパーク,牡3,57.0,横山武史,0:1:56.5,1.3/4,7.8,5.0,504,[東] 高柳瑞樹,1800,晴,ダート,良,2025年1月5日,未勝利,2022105548,01170
202506010102,5,7,13,アイオリア,牡3,57.0,横山和生,0:1:57.4,5,2.3,1.0,520,[東] 奥村武,1800,晴,ダート,良,2025年1月5日,未勝利,2022104310,01140
202506010102,6,8,15,ルシード,牡3,57.0,野中悠太,0:1:57.6,1.1/4,19.8,7.0,512,[東] 田島俊明,1800,晴,ダート,良,2025年1月5日,未勝利,2022103592,01158
202506010102,7,4,8,ギンガエクスプレス,牡3,54.0,長浜鴻緒,0:1:57.7,1/2,179.8,11.0,532,[東] 加藤士津,1800,晴,ダート,良,2025年1月5日,未勝利,2022106161,01214
202506010102,8,8,16,バレアリックシー,牡3,57.0,菊沢一樹,0:1:57.7,アタマ,121.2,10.0,480,[東] 菊沢隆徳,1800,晴,ダート,良,2025年1月5日,未勝利,2022105358,01161
202506010102,9,5,9,シリウスライト,牡3,57.0,石橋脩,0:1:58.0,2,412.8,14.0,460,[東] 和田正一,1800,晴,ダート,良,2025年1月5日,未勝利,2022101042,01077
202506010102,10,2,4,ヴィジブルライト,牡3,57.0,マーカン,0:1:58.0,ハナ,5.2,2.0,486,[東] 和田正一,1800,晴,ダート,良,2025年1月5日,未勝利,2022104860,05626
202506010102,11,6,11,クラウンジュエル,牡3,57.0,松岡正海,0:1:58.1,クビ,336.5,13.0,478,[東] 尾関知人,1800,晴,ダート,良,2025年1月5日,未勝利,2022101812,01085
202506010102,12,3,5,アイスヴィレッジ,牡3,57.0,菅原明良,0:1:58.2,1/2,57.0,8.0,490,[東] 鈴木慎太,1800,晴,ダート,良,2025年1月5日,未勝利,2022103702,01179
202506010102,13,4,7,アタックスリー,牡3,57.0,柴田大知,0:2:00.3,大,468.3,16.0,456,[東] 和田雄二,1800,晴,ダート,良,2025年1月5日,未勝利,2022104113,01009
202506010102,14,1,1,レイラインシチー,牡3,57.0,佐々木大,0:2:00.9,3.1/2,59.1,9.0,466,[東] 伊藤圭三,1800,晴,ダート,良,2025年1月5日,未勝利,2022103790,01197
202506010102,15,2,3,ブレイクバウンズ,牡3,57.0,伊藤工真,0:2:01.1,1.1/2,283.0,12.0,484,[東] 林徹,1800,晴,ダート,良,2025年1月5日,未勝利,2022105592,01119
202506010102,16,5,10,ジュンアベリアシノ,牡3,57.0,黛弘人,0:2:09.4,大,435.4,15.0,460,[東] 伊坂重信,1800,晴,ダート,良,2025年1月5日,未勝利,2022104406,01109
202506010103,1,6,12,タマモトリノ,牡3,57.0,大野拓弥,0:1:56.9,nan,8.9,5.0,488,[東] 辻哲英,1800,晴,ダート,良,2025年1月5日,新馬,2022106199,01096
202506010103,2,4,7,ホウオウサムレット,牡3,57.0,マーカン,0:1:57.2,1.3/4,2.5,1.0,452,[東] 田中博康,1800,晴,ダート,良,2025年1月5日,新馬,2022104969,05626
202506010103,3,8,16,ヌンボラ,牝3,52.0,石神深道,0:1:58.3,7,98.2,12.0,466,[東] 深山雅史,1800,晴,ダート,良,2025年1月5日,新馬,2022102291,01209
202506010103,4,8,15,フローラルデザイン,牝3,55.0,北村宏司,0:1:58.6,1.3/4,24.2,7.0,452,[東] 畠山吉宏,1800,晴,ダート,良,2025年1月5日,新馬,2022105308,01043
202506010103,5,7,13,ジロラータ,牡3,57.0,吉田豊,0:1:58.6,クビ,6.2,3.0,472,[東] 久保田貴,1800,晴,ダート,良,2025年1月5日,新馬,2022105347,00733
202506010103,6,2,3,モリノハーバー,牝3,51.0,小林美駒,0:1:58.8,1.1/4,29.2,8.0,484,[東] 鈴木伸尋,1800,晴,ダート,良,2025年1月5日,新馬,2022105752,01206
202506010103,7,2,4,ニシノジョバンニ,牡3,57.0,池添謙一,0:1:58.9,3/4,44.2,9.0,548,[東] 矢嶋大樹,1800,晴,ダート,良,2025年1月5日,新馬,2022106158,01032
202506010103,8,1,1,アズユーライク,牝3,55.0,戸崎圭太,0:1:59.0,アタマ,4.8,2.0,466,[西] 西園翔太,1800,晴,ダート,良,2025年1月5日,新馬,2022101767,05386
202506010103,9,6,11,ウィンターサン,牝3,55.0,佐々木大,0:1:59.6,4,7.5,4.0,454,[東] 加藤征弘,1800,晴,ダート,良,2025年1月5日,新馬,2022101649,01197
202506010103,10,7,14,ヴァルトバーデン,牡3,57.0,宮崎北斗,0:1:59.9,1.3/4,114.0,13.0,484,[東] 嘉藤貴行,1800,晴,ダート,良,2025年1月5日,新馬,2022101548,01118
202506010103,11,5,9,ホロヨイマンゲツ,牡3,57.0,内田博幸,0:2:00.6,4,151.8,15.0,500,[東] 深山雅史,1800,晴,ダート,良,2025年1月5日,新馬,2022103464,00422
202506010103,12,3,5,ゴールドパートナー,牡3,57.0,横山和生,0:2:01.1,3,11.5,6.0,470,[東] 嘉藤貴行,1800,晴,ダート,良,2025年1月5日,新馬,2022106842,01140
202506010103,13,5,10,スイープビクトリー,牡3,57.0,伊藤工真,0:2:01.4,1.3/4,147.2,14.0,444,[東] 林徹,1800,晴,ダート,良,2025年1月5日,新馬,2022105997,01119
202506010103,14,4,8,ブルーラジカル,牡3,57.0,野中悠太,0:2:01.6,1,76.7,11.0,466,[東] 菊川正達,1800,晴,ダート,良,2025年1月5日,新馬,2022102672,01158
202506010103,15,1,2,オンクラウドナイン,牡3,57.0,藤岡佑介,0:2:01.8,1.1/4,73.2,10.0,520,[東] 和田正一,1800,晴,ダート,良,2025年1月5日,新馬,2022106754,01093
202506010103,16,3,6,ニシノステディミキ,牝3,55.0,岩部純二,0:2:04.2,大,233.6,16.0,466,[東] 加藤和宏,1800,晴,ダート,良,2025年1月5日,新馬,2022100553,00726
202506010104,1,1,1,ロードブレイズ,牡4,57.0,横山和生,0:2:36.0,nan,5.7,2.0,506,[東] 稲垣幸雄,2400,晴,ダート,良,2025年1月5日,1勝クラス,2021100162,01140
202506010104,2,4,8,コスモジンバック,牡4,57.0,石橋脩,0:2:36.0,クビ,17.0,6.0,484,[東] 相沢郁,2400,晴,ダート,良,2025年1月5日,1勝クラス,2021106797,01077
202506010104,3,4,7,トゥザヒロイン,牝6,56.0,大野拓弥,0:2:36.8,5,50.2,10.0,540,[東] 辻哲英,2400,晴,ダート,良,2025年1月5日,1勝クラス,2019105314,01096
202506010104,4,3,6,ジーティーアグリム,牝4,55.0,藤岡佑介,0:2:36.9,1/2,218.0,15.0,544,[東] 奥平雅士,2400,晴,ダート,良,2025年1月5日,1勝クラス,2021104574,01093
202506010104,5,5,10,オウケンシルヴァー,牡4,57.0,原田和真,0:2:36.9,アタマ,25.6,8.0,500,[東] 松永康利,2400,晴,ダート,良,2025年1月5日,1勝クラス,2021103017,01143
202506010104,6,2,3,トゥルース,牡5,58.0,菊沢一樹,0:2:36.9,ハナ,123.8,13.0,516,[東] 金成貴史,2400,晴,ダート,良,2025年1月5日,1勝クラス,2020104479,01161
202506010104,7,5,9,マコタイガ,牡4,57.0,吉田豊,0:2:37.0,クビ,7.9,3.0,516,[東] 小野次郎,2400,晴,ダート,良,2025年1月5日,1勝クラス,2021101356,00733
202506010104,8,3,5,シーリュウシー,牡4,57.0,横山武史,0:2:37.3,2,1.8,1.0,504,[西] 岡田稲男,2400,晴,ダート,良,2025年1月5日,1勝クラス,2021106180,01170
202506010104,9,2,4,ダノンペドロ,セ5,58.0,マーカン,0:2:37.5,1.1/4,13.7,5.0,478,[西] 寺島良,2400,晴,ダート,良,2025年1月5日,1勝クラス,2020103453,05626
202506010104,10,7,13,パッカパッカブー,牡4,57.0,松岡正海,0:2:37.9,2.1/2,49.9,9.0,494,[東] 堀内岳志,2400,晴,ダート,良,2025年1月5日,1勝クラス,2021102969,01085
202506010104,11,7,14,アスプリージャ,牡4,57.0,丹内祐次,0:2:38.0,1/2,21.4,7.0,480,[東] 中舘英二,2400,晴,ダート,良,2025年1月5日,1勝クラス,2021100761,01091
202506010104,12,8,16,サトノレイズ,牡4,57.0,戸崎圭太,0:2:38.3,2,10.3,4.0,474,[東] 萩原清,2400,晴,ダート,良,2025年1月5日,1勝クラス,2021104961,05386
202506010104,13,1,2,ブレイヴアロウ,牡5,58.0,佐々木大,0:2:38.5,1.1/4,75.0,11.0,502,[東] 辻哲英,2400,晴,ダート,良,2025年1月5日,1勝クラス,2020103118,01197
202506010104,14,8,15,デリシュレーヌ,牝7,56.0,ドイル,0:2:38.8,1.1/2,95.1,12.0,498,[東] 高橋文雅,2400,晴,ダート,良,2025年1月5日,1勝クラス,2018101497,05625
202506010104,15,6,11,トゥラムプラッツ,牡4,57.0,木幡育也,0:2:39.6,5,354.8,16.0,490,[東] 高橋文雅,2400,晴,ダート,良,2025年1月5日,1勝クラス,2021101927,01167
202506010104,16,6,12,オブシディアン,牡5,54.0,小林美駒,0:2:40.8,7,126.8,14.0,534,[東] 武藤善則,2400,晴,ダート,良,2025年1月5日,1勝クラス,2020100307,01206
202506010105,1,3,6,フィールドノート,牡3,57.0,マーカン,0:1:34.3,nan,7.2,3.0,450,[東] 木村哲也,1600,晴,芝,良,2025年1月5日,未勝利,2022107186,05626
202506010105,2,6,11,ルトンワージ,牡3,57.0,斎藤新,0:1:34.4,1/2,5.1,2.0,446,[東] 斎藤誠,1600,晴,芝,良,2025年1月5日,未勝利,2022104560,01178
202506010105,3,3,5,エンゲルシュピール,牝3,55.0,横山和生,0:1:34.6,1.1/4,12.3,6.0,448,[東] 田村康仁,1600,晴,芝,良,2025年1月5日,未勝利,2022102400,01140
202506010105,4,2,3,ガジュノリホワイト,牡3,57.0,丹内祐次,0:1:34.6,クビ,9.0,5.0,454,[東] 尾形和幸,1600,晴,芝,良,2025年1月5日,未勝利,2022101730,01091
202506010105,5,4,7,マイネルレクエルド,牡3,57.0,津村明秀,0:1:35.1,3,21.4,8.0,472,[東] 田島俊明,1600,晴,芝,良,2025年1月5日,未勝利,2022106829,01092
202506010105,6,8,16,カーヌスティ,牡3,57.0,佐々木大,0:1:35.3,3/4,7.4,4.0,496,[東] 蛯名正義,1600,晴,芝,良,2025年1月5日,未勝利,2022103639,01197
202506010105,7,5,10,エメラルドラグーン,牡3,57.0,岩部純二,0:1:35.4,3/4,576.2,16.0,472,[東] 伊藤伸一,1600,晴,芝,良,2025年1月5日,未勝利,2022106423,00726
202506010105,8,2,4,ニシノコイネガイ,牝3,55.0,菊沢一樹,0:1:35.4,ハナ,230.5,11.0,432,[東] 伊坂重信,1600,晴,芝,良,2025年1月5日,未勝利,2022100677,01161
202506010105,9,1,1,ニシノコイブミ,牝3,55.0,菅原明良,0:1:35.4,ハナ,2.2,1.0,428,[東] 西田雄一,1600,晴,芝,良,2025年1月5日,未勝利,2022100400,01179
202506010105,10,6,12,シベリアンデネブ,牡3,57.0,松岡正海,0:1:35.5,3/4,126.3,9.0,490,[東] 水野貴広,1600,晴,芝,良,2025年1月5日,未勝利,2022101064,01085
202506010105,11,4,8,キャピタルプレイン,牝3,55.0,横山武史,0:1:35.7,1.1/2,13.9,7.0,446,[東] 千葉直人,1600,晴,芝,良,2025年1月5日,未勝利,2022106676,01170
202506010105,12,8,15,フレンドシルバー,牝3,52.0,佐藤翔馬,0:1:35.9,1.1/4,356.1,14.0,460,[東] 南田美知,1600,晴,芝,良,2025年1月5日,未勝利,2022100256,01207
202506010105,13,7,13,メロンパンマニア,牡3,57.0,柴田大知,0:1:36.1,1.1/4,293.4,12.0,466,[東] 和田雄二,1600,晴,芝,良,2025年1月5日,未勝利,2022102679,01009
202506010105,14,7,14,ゼンブママノセイ,牝3,55.0,木幡初也,0:1:36.4,2,140.8,10.0,400,[東] 深山雅史,1600,晴,芝,良,2025年1月5日,未勝利,2022102857,01153
202506010105,15,1,2,エンジェライト,牝3,52.0,石神深道,0:1:36.5,1/2,528.4,15.0,386,[東] 加藤和宏,1600,晴,芝,良,2025年1月5日,未勝利,2022103411,01209
202506010105,16,5,9,タギマサダス,セ3,55.0,小林脩斗,0:1:37.4,5,313.8,13.0,410,[東] 青木孝文,1600,晴,芝,良,2025年1月5日,未勝利,2022107067,01183
202506010106,1,2,4,ノクターン,牝3,55.0,横山武史,0:2:01.9,nan,2.0,1.0,474,[東] 木村哲也,2000,晴,芝,良,2025年1月5日,新馬,2022105118,01170
202506010106,2,4,8,ラッキーロジータ,牝3,55.0,ドイル,0:2:02.3,2,10.3,3.0,478,[東] 相沢郁,2000,晴,芝,良,2025年1月5日,新馬,2022102918,05625
202506010106,3,7,15,トーセンリバーブ,牝3,55.0,菊沢一樹,0:2:02.4,3/4,114.7,16.0,466,[東] 菊沢隆徳,2000,晴,芝,良,2025年1月5日,新馬,2022105668,01161
202506010106,4,5,10,ヴォイスオブゼウス,牡3,57.0,吉田豊,0:2:02.4,アタマ,35.6,11.0,468,[西] 矢作芳人,2000,晴,芝,良,2025年1月5日,新馬,2022105822,00733
202506010106,5,6,11,ピュルテ,牝3,55.0,嶋田純次,0:2:02.7,1.1/2,58.1,14.0,428,[東] 手塚貴久,2000,晴,芝,良,2025年1月5日,新馬,2022101455,01134
202506010106,6,6,12,ミクニインスパイア,牡3,57.0,佐々木大,0:2:02.7,クビ,13.9,5.0,512,[東] 林徹,2000,晴,芝,良,2025年1月5日,新馬,2022106120,01197
202506010106,7,7,13,ミスターボビー,牡3,57.0,荻野極,0:2:03.3,4,28.5,8.0,462,[東] 栗田徹,2000,晴,芝,良,2025年1月5日,新馬,2022107362,01160
202506010106,8,1,1,レイーナアスール,牝3,55.0,武藤雅,0:2:03.4,1/2,57.3,13.0,476,[東] 武藤善則,2000,晴,芝,良,2025年1月5日,新馬,2022103441,01169
202506010106,9,7,14,ニシノイッキサス,牡3,57.0,池添謙一,0:2:04.0,3.1/2,40.3,12.0,446,[東] 村田一誠,2000,晴,芝,良,2025年1月5日,新馬,2022102221,01032
202506010106,10,4,7,キングズトゥルー,牡3,57.0,菅原明良,0:2:04.5,3,14.4,6.0,452,[東] 大竹正博,2000,晴,芝,良,2025年1月5日,新馬,2022103510,01179
202506010106,11,5,9,カレラエンブレマ,牡3,57.0,マーカン,0:2:04.5,クビ,6.3,2.0,518,[東] 田村康仁,2000,晴,芝,良,2025年1月5日,新馬,2022105085,05626
202506010106,12,8,17,ダブルドラゴン,牡3,55.0,小林脩斗,0:2:04.8,1.1/2,167.9,17.0,520,[東] 伊藤大士,2000,晴,芝,良,2025年1月5日,新馬,2022103314,01183
202506010106,13,3,6,エリジブル,牡3,54.0,長浜鴻緒,0:2:04.9,1/2,16.6,7.0,490,[東] 上原博之,2000,晴,芝,良,2025年1月5日,新馬,2022106403,01214
202506010106,14,8,18,ポートタウランガ,牝3,52.0,石田拓郎,0:2:05.0,1,225.5,18.0,474,[東] 嘉藤貴行,2000,晴,芝,良,2025年1月5日,新馬,2022103847,01203
202506010106,15,3,5,ボスポラス,牡3,57.0,石橋脩,0:2:05.2,1.1/4,98.5,15.0,452,[東] 和田正一,2000,晴,芝,良,2025年1月5日,新馬,2022106331,01077
202506010106,16,8,16,パブリックスフィア,牡3,57.0,北村宏司,0:2:05.3,クビ,35.1,10.0,458,[東] 奥村武,2000,晴,芝,良,2025年1月5日,新馬,2022105408,01043
202506010106,17,1,2,オーロプロサングエ,牡3,57.0,杉原誠人,0:2:06.5,7,31.9,9.0,486,[東] 伊藤大士,2000,晴,芝,良,2025年1月5日,新馬,2022101726,01135
202506010106,中,2,3,アミドゥクール,牡3,57.0,横山和生,nan,nan,11.2,4.0,522,[東] 尾関知人,2000,晴,芝,良,2025年1月5日,新馬,2022105713,01140
202506010107,1,8,16,アンブロジアーナ,牝6,53.0,長浜鴻緒,0:1:55.0,nan,30.8,9.0,432,[東] 上原博之,1800,晴,ダート,良,2025年1月5日,1勝クラス,2019100620,01214
202506010107,2,3,5,ビップレーヌ,牝4,55.0,横山武史,0:1:55.0,アタマ,7.9,4.0,474,[東] 高柳瑞樹,1800,晴,ダート,良,2025年1月5日,1勝クラス,2021100886,01170
202506010107,3,4,8,マフィン,牝4,52.0,石神深道,0:1:55.1,1/2,65.5,13.0,414,[東] 大和田成,1800,晴,ダート,良,2025年1月5日,1勝クラス,2021101219,01209
202506010107,4,2,3,イラーナ,牝4,55.0,津村明秀,0:1:55.2,1/2,5.7,3.0,434,[東] 林徹,1800,晴,ダート,良,2025年1月5日,1勝クラス,2021107166,01092
202506010107,5,6,12,ミラクルキャッツ,牝5,56.0,佐々木大,0:1:55.4,1,3.2,1.0,462,[東] 堀宣行,1800,晴,ダート,良,2025年1月5日,1勝クラス,2020103676,01197
202506010107,6,5,10,ラジエル,牝6,56.0,杉原誠人,0:1:55.5,3/4,31.1,10.0,452,[東] 嘉藤貴行,1800,晴,ダート,良,2025年1月5日,1勝クラス,2019105457,01135
202506010107,7,6,11,ヒラリーステップ,牝5,56.0,丹内祐次,0:1:55.6,クビ,12.5,6.0,492,[東] 天間昭一,1800,晴,ダート,良,2025年1月5日,1勝クラス,2020100652,01091
202506010107,8,7,14,グランコネクシオン,牝4,55.0,木幡巧也,0:1:55.7,1/2,25.9,8.0,436,[東] 畠山吉宏,1800,晴,ダート,良,2025年1月5日,1勝クラス,2021105123,01162
202506010107,9,3,6,アステロイドメア,牝5,56.0,マーカン,0:1:55.7,ハナ,5.2,2.0,502,[東] 武市康男,1800,晴,ダート,良,2025年1月5日,1勝クラス,2020101709,05626
202506010107,10,8,15,チャイボーグ,牝5,56.0,石川裕紀,0:1:55.9,1.1/4,270.6,16.0,504,[東] 的場均,1800,晴,ダート,良,2025年1月5日,1勝クラス,2020104778,01150
202506010107,11,5,9,オランジー,牝5,56.0,内田博幸,0:1:55.9,クビ,145.0,15.0,460,[東] 青木孝文,1800,晴,ダート,良,2025年1月5日,1勝クラス,2020103375,00422
202506010107,12,7,13,ヤエベニシダレ,牝5,56.0,丸山元気,0:1:56.1,3/4,36.9,12.0,466,[西] 梅田智之,1800,晴,ダート,良,2025年1月5日,1勝クラス,2020101077,01127
202506010107,13,1,2,レシェルドランジュ,牝4,55.0,北村宏司,0:1:56.5,2.1/2,31.3,11.0,456,[東] 伊藤大士,1800,晴,ダート,良,2025年1月5日,1勝クラス,2021105386,01043
202506010107,14,4,7,アルヴィエンヌ,牝5,56.0,戸崎圭太,0:1:56.8,1.1/2,8.1,5.0,480,[東] 林徹,1800,晴,ダート,良,2025年1月5日,1勝クラス,2020103225,05386
202506010107,15,1,1,ドリームクルーズ,牝4,55.0,松岡正海,0:1:57.1,2,17.7,7.0,490,[東] 戸田博文,1800,晴,ダート,良,2025年1月5日,1勝クラス,2021104899,01085
202506010107,16,2,4,ファイブセンス,牝5,56.0,吉田豊,0:1:58.0,5,105.1,14.0,462,[東] 高橋文雅,1800,晴,ダート,良,2025年1月5日,1勝クラス,2020101550,00733
202506010108,1,6,11,レオテミス,牝4,53.0,石田拓郎,0:1:07.1,nan,4.2,2.0,490,[西] 高柳大輔,1200,晴,芝,良,2025年1月5日,2勝クラス,2021101576,01203
202506010108,2,6,12,マキアージュ,牝6,52.0,小林美駒,0:1:07.5,2.1/2,12.2,6.0,458,[東] 菊川正達,1200,晴,芝,良,2025年1月5日,2勝クラス,2019102747,01206
202506010108,3,8,16,トーラスシャイン,牡4,58.0,藤岡佑介,0:1:07.9,2,6.7,3.0,474,[西] 田中克典,1200,晴,芝,良,2025年1月5日,2勝クラス,2021101654,01093
202506010108,4,3,6,ヒラボクミニー,牝4,56.0,横山武史,0:1:08.0,1/2,7.4,4.0,472,[東] 村田一誠,1200,晴,芝,良,2025年1月5日,2勝クラス,2021103005,01170
202506010108,5,2,4,ダークンストーミー,牡5,58.0,江田照男,0:1:08.0,クビ,313.3,16.0,454,[東] 小笠倫弘,1200,晴,芝,良,2025年1月5日,2勝クラス,2020100656,00689
202506010108,6,5,9,トリップトゥムーン,牡6,57.0,横山琉人,0:1:08.2,1,273.2,15.0,460,[東] 粕谷昌央,1200,晴,芝,良,2025年1月5日,2勝クラス,2019103193,01192
202506010108,7,2,3,スティールブルー,牝4,56.0,マーカン,0:1:08.2,アタマ,2.9,1.0,440,[東] 宗像義忠,1200,晴,芝,良,2025年1月5日,2勝クラス,2021105888,05626
202506010108,8,4,8,モズトキキ,牝4,56.0,菅原明良,0:1:08.2,クビ,11.0,5.0,552,[西] 村山明,1200,晴,芝,良,2025年1月5日,2勝クラス,2021102914,01179
202506010108,9,7,14,ジャガード,牡7,58.0,吉田豊,0:1:08.4,1.1/4,126.5,13.0,426,[東] 和田雄二,1200,晴,芝,良,2025年1月5日,2勝クラス,2018103485,00733
202506010108,10,4,7,スピリットガイド,セ4,58.0,戸崎圭太,0:1:08.5,1/2,13.6,7.0,526,[東] 手塚貴久,1200,晴,芝,良,2025年1月5日,2勝クラス,2021110021,05386
202506010108,11,1,1,ベルウッドブラボー,牡6,58.0,柴田大知,0:1:08.6,クビ,47.6,10.0,470,[東] 和田雄二,1200,晴,芝,良,2025年1月5日,2勝クラス,2019103806,01009
202506010108,12,1,2,ルカン,牝5,56.0,石川裕紀,0:1:08.6,クビ,103.7,12.0,410,[西] 藤野健太,1200,晴,芝,良,2025年1月5日,2勝クラス,2020102563,01150
202506010108,13,5,10,アコルダール,牝7,56.0,丹内祐次,0:1:08.7,クビ,87.1,11.0,464,[西] 西園翔太,1200,晴,芝,良,2025年1月5日,2勝クラス,2018106145,01091
202506010108,14,7,13,ディオアステリア,牝6,56.0,横山和生,0:1:08.8,3/4,43.5,9.0,488,[東] 小野次郎,1200,晴,芝,良,2025年1月5日,2勝クラス,2019104356,01140
202506010108,15,3,5,アイルドリアン,牝4,56.0,ドイル,0:1:09.1,2,16.1,8.0,498,[西] 音無秀孝,1200,晴,芝,良,2025年1月5日,2勝クラス,2021105605,05625
202506010108,16,8,15,クインズコスモス,牝6,53.0,長浜鴻緒,0:1:09.7,3.1/2,140.0,14.0,452,[東] 加藤士津,1200,晴,芝,良,2025年1月5日,2勝クラス,2019106707,01214
202506010109,1,8,15,ピュアキアン,牡4,57.0,吉田豊,0:1:52.6,nan,13.8,5.0,508,[東] 竹内正洋,1800,晴,ダート,良,2025年1月5日,3勝クラス,2021107001,00733
202506010109,2,8,16,アスクビックスター,牡6,58.0,黛弘人,0:1:52.7,1/2,118.7,13.0,480,[西] 矢作芳人,1800,晴,ダート,良,2025年1月5日,3勝クラス,2019106414,01109
202506010109,3,5,10,ジョージテソーロ,牡4,57.0,菅原明良,0:1:52.9,1.1/4,21.7,6.0,480,[東] 嘉藤貴行,1800,晴,ダート,良,2025年1月5日,3勝クラス,2021102078,01179
202506010109,4,1,1,スノーグレース,牝6,56.0,マーカン,0:1:52.9,クビ,39.1,11.0,486,[東] 中舘英二,1800,晴,ダート,良,2025年1月5日,3勝クラス,2019105185,05626
202506010109,5,7,13,テーオーパスワード,牡4,57.0,戸崎圭太,0:1:53.0,1/2,3.0,1.0,490,[西] 高柳大輔,1800,晴,ダート,良,2025年1月5日,3勝クラス,2021102236,05386
202506010109,6,5,9,ロジアデレード,牡4,57.0,野中悠太,0:1:53.3,1.3/4,5.8,4.0,506,[東] 稲垣幸雄,1800,晴,ダート,良,2025年1月5日,3勝クラス,2021105360,01158
202506010109,7,7,14,マンマリアーレ,牝5,56.0,荻野極,0:1:53.4,3/4,4.7,3.0,476,[東] 高木登,1800,晴,ダート,良,2025年1月5日,3勝クラス,2020100761,01160
202506010109,8,4,7,オンザライン,セ7,58.0,丸山元気,0:1:53.4,アタマ,34.7,10.0,466,[東] 大和田成,1800,晴,ダート,良,2025年1月5日,3勝クラス,2018104646,01127
202506010109,9,4,8,トップオブジェラス,牡6,58.0,佐々木大,0:1:53.6,1,26.1,7.0,550,[東] 高木登,1800,晴,ダート,良,2025年1月5日,3勝クラス,2019104056,01197
202506010109,10,2,4,ベンテイガ,牡6,58.0,斎藤新,0:1:53.7,1/2,367.4,16.0,522,[西] 音無秀孝,1800,晴,ダート,良,2025年1月5日,3勝クラス,2019105996,01178
202506010109,11,3,6,グロッシェン,牡4,57.0,横山武史,0:1:53.7,アタマ,4.3,2.0,478,[東] 宮田敬介,1800,晴,ダート,良,2025年1月5日,3勝クラス,2021104844,01170
202506010109,12,6,12,ウインスノーライト,牡5,58.0,横山和生,0:1:53.7,クビ,29.7,9.0,486,[西] 杉山晴紀,1800,晴,ダート,良,2025年1月5日,3勝クラス,2020105198,01140
202506010109,13,1,2,サンライズグルーヴ,牡5,58.0,丹内祐次,0:1:53.8,アタマ,27.2,8.0,526,[西] 河内洋,1800,晴,ダート,良,2025年1月5日,3勝クラス,2020104793,01091
202506010109,14,2,3,メイショウカゲカツ,牡6,58.0,石橋脩,0:1:54.3,3,173.0,15.0,508,[西] 西園正都,1800,晴,ダート,良,2025年1月5日,3勝クラス,2019104044,01077
202506010109,15,6,11,メイクザビート,牡5,58.0,ドイル,0:1:54.7,2.1/2,90.8,12.0,494,[西] 西園正都,1800,晴,ダート,良,2025年1月5日,3勝クラス,2020102818,05625
202506010109,16,3,5,ダスク,牡5,58.0,武藤雅,0:1:55.8,7,156.8,14.0,450,[西] 石坂公一,1800,晴,ダート,良,2025年1月5日,3勝クラス,2020106953,01169
202506010110,1,5,9,ファンダム,牡3,57.0,北村宏司,0:1:33.5,nan,1.8,1.0,470,[東] 辻哲英,1600,曇,芝,良,2025年1月5日,オープン,2022105836,01043
202506010110,2,6,10,モンドデラモーレ,牡3,57.0,マーカン,0:1:33.6,3/4,5.5,2.0,484,[東] 千葉直人,1600,曇,芝,良,2025年1月5日,オープン,2022105830,05626
202506010110,3,4,7,モンテシート,牡3,57.0,松岡正海,0:1:34.0,2.1/2,61.9,10.0,496,[西] 牧田和弥,1600,曇,芝,良,2025年1月5日,オープン,2022105108,01085
202506010110,4,1,1,ディオデルマーレ,牡3,57.0,佐々木大,0:1:34.2,1.1/4,11.4,5.0,508,[東] 堀宣行,1600,曇,芝,良,2025年1月5日,オープン,2022107182,01197
202506010110,5,5,8,シンフォーエバー,牡3,57.0,戸崎圭太,0:1:34.2,クビ,5.8,3.0,504,[西] 森秀行,1600,曇,芝,良,2025年1月5日,オープン,2022110114,05386
202506010110,6,4,6,ワース,牡3,57.0,横山武史,0:1:34.4,1.1/2,8.9,4.0,496,[東] 上原佑紀,1600,曇,芝,良,2025年1月5日,オープン,2022104734,01170
202506010110,7,2,3,ビッキーファースト,牡3,57.0,大野拓弥,0:1:34.6,1,141.1,12.0,486,[西] 武幸四郎,1600,曇,芝,良,2025年1月5日,オープン,2022105051,01096
202506010110,8,2,2,ギフテッド,牝3,55.0,菅原明良,0:1:34.6,クビ,28.3,7.0,458,[東] 武井亮,1600,曇,芝,良,2025年1月5日,オープン,2022102920,01179
202506010110,9,7,13,バセリーナ,牡3,57.0,丹内祐次,0:1:34.7,1/2,307.0,14.0,452,[東] 松山将樹,1600,曇,芝,良,2025年1月5日,オープン,2022106772,01091
202506010110,10,3,4,デリュージョン,牡3,57.0,横山和生,0:1:34.8,クビ,97.5,11.0,462,[西] 奥村豊,1600,曇,芝,良,2025年1月5日,オープン,2022107106,01140
202506010110,11,6,11,バニーラビット,牡3,57.0,荻野極,0:1:34.9,1,55.7,9.0,492,[西] 武幸四郎,1600,曇,芝,良,2025年1月5日,オープン,2022104929,01160
202506010110,12,7,12,メルキオル,牡3,57.0,丸山元気,0:1:35.0,クビ,39.7,8.0,482,[西] 松永幹夫,1600,曇,芝,良,2025年1月5日,オープン,2022104796,01127
202506010110,13,8,15,ニシノルアノーヴァ,牡3,57.0,津村明秀,0:1:35.2,1.1/4,184.2,13.0,482,[東] 古賀慎明,1600,曇,芝,良,2025年1月5日,オープン,2022102709,01092
202506010110,14,8,14,アリオーンスマイル,牡3,57.0,木幡巧也,0:1:35.3,1/2,400.0,15.0,446,[東] 土田稔,1600,曇,芝,良,2025年1月5日,オープン,2022103478,01162
202506010110,15,3,5,スマッシュアウト,牡3,57.0,杉原誠人,0:1:35.5,1.1/2,25.3,6.0,438,[東] 栗田徹,1600,曇,芝,良,2025年1月5日,オープン,2022100460,01135
202506010111,1,1,2,アルナシーム,牡6,58.0,藤岡佑介,0:1:58.1,nan,8.4,4.0,452,[西] 橋口慎介,2000,曇,芝,良,2025年1月5日,オープン,2019105252,01093
202506010111,2,4,7,マイネルモーント,牡5,55.0,丹内祐次,0:1:58.3,1.1/4,10.2,6.0,466,[東] 高木登,2000,曇,芝,良,2025年1月5日,オープン,2020105749,01091
202506010111,3,8,16,ボーンディスウェイ,牡6,57.0,木幡巧也,0:1:58.4,1,16.5,8.0,498,[東] 牧光二,2000,曇,芝,良,2025年1月5日,オープン,2019104658,01162
202506010111,4,7,15,クリスマスパレード,牝4,55.0,石川裕紀,0:1:58.5,1/2,4.4,1.0,460,[東] 加藤士津,2000,曇,芝,良,2025年1月5日,オープン,2021105799,01150
202506010111,5,5,9,ギャラクシーナイト,牡6,56.0,菊沢一樹,0:1:58.5,ハナ,88.4,15.0,512,[東] 菊沢隆徳,2000,曇,芝,良,2025年1月5日,オープン,2019103586,01161
202506010111,6,2,3,パラレルヴィジョン,牡6,58.0,マーカン,0:1:58.5,クビ,11.3,7.0,492,[東] 国枝栄,2000,曇,芝,良,2025年1月5日,オープン,2019105065,05626
202506010111,7,3,5,ショウナンアデイブ,牡6,55.0,池添謙一,0:1:58.6,アタマ,19.6,9.0,510,[西] 高野友和,2000,曇,芝,良,2025年1月5日,オープン,2019105239,01032
202506010111,8,4,8,エアファンディタ,牡8,57.5,戸崎圭太,0:1:58.7,1,26.0,10.0,470,[西] 池添学,2000,曇,芝,良,2025年1月5日,オープン,2017110138,05386
202506010111,9,8,18,ホウオウビスケッツ,牡5,59.5,ドイル,0:1:58.8,クビ,4.6,2.0,506,[東] 奥村武,2000,曇,芝,良,2025年1月5日,オープン,2020103941,05625
202506010111,10,1,1,ラーグルフ,牡6,57.5,菅原明良,0:1:58.9,1/2,42.5,12.0,496,[東] 宗像義忠,2000,曇,芝,良,2025年1月5日,オープン,2019101782,01179
202506010111,11,5,10,セイウンプラチナ,牡6,54.0,内田博幸,0:1:58.9,クビ,120.5,16.0,512,[東] 千葉直人,2000,曇,芝,良,2025年1月5日,オープン,2019102628,00422
202506010111,12,8,17,シンリョクカ,牝5,56.0,木幡初也,0:1:58.9,ハナ,7.8,3.0,466,[東] 竹内正洋,2000,曇,芝,良,2025年1月5日,オープン,2020101608,01153
202506010111,13,3,6,カラテ,牡9,59.0,杉原誠人,0:1:59.1,3/4,64.8,13.0,546,[西] 音無秀孝,2000,曇,芝,良,2025年1月5日,オープン,2016106606,01135
202506010111,14,2,4,ジェイパームス,セ5,56.0,佐々木大,0:1:59.1,クビ,29.8,11.0,510,[東] 堀宣行,2000,曇,芝,良,2025年1月5日,オープン,2020103331,01197
202506010111,15,7,14,リカンカブール,牡6,58.0,津村明秀,0:1:59.5,2.1/2,8.5,5.0,496,[西] 田中克典,2000,曇,芝,良,2025年1月5日,オープン,2019103823,01092
202506010111,16,7,13,アドマイヤビルゴ,牡8,57.0,北村宏司,0:2:00.3,5,244.5,17.0,444,[西] 友道康夫,2000,曇,芝,良,2025年1月5日,オープン,2017105214,01043
202506010111,17,6,12,ディオスバリエンテ,セ7,55.0,大野拓弥,0:2:00.9,3.1/2,73.5,14.0,482,[東] 堀宣行,2000,曇,芝,良,2025年1月5日,オープン,2018105147,01096
202506010111,18,6,11,カレンシュトラウス,牡8,54.0,荻野極,0:2:01.0,1/2,258.7,18.0,528,[西] 平田修,2000,曇,芝,良,2025年1月5日,オープン,2017102897,01160
202506010112,1,3,5,ムーム,牝4,56.0,川又賢治,0:1:11.0,nan,7.3,4.0,456,[西] 杉山佳明,1200,晴,ダート,良,2025年1月5日,2勝クラス,2021103061,01166
202506010112,2,3,6,シャカシャカシー,牡4,58.0,マーカン,0:1:11.0,クビ,3.3,2.0,532,[西] 茶木太樹,1200,晴,ダート,良,2025年1月5日,2勝クラス,2021101237,05626
202506010112,3,8,16,モンドプリューム,牡5,58.0,藤岡佑介,0:1:11.5,2.1/2,5.8,3.0,504,[東] 水野貴広,1200,晴,ダート,良,2025年1月5日,2勝クラス,2020103876,01093
202506010112,4,7,14,ウィンダミア,牡6,58.0,戸崎圭太,0:1:11.8,1.3/4,3.2,1.0,460,[東] 林徹,1200,晴,ダート,良,2025年1月5日,2勝クラス,2019106808,05386
202506010112,5,1,2,サイヤダンサー,牡8,58.0,石川裕紀,0:1:11.8,クビ,102.5,11.0,474,[東] 深山雅史,1200,晴,ダート,良,2025年1月5日,2勝クラス,2017101571,01150
202506010112,6,4,7,ジューンポンポン,牝6,56.0,大野拓弥,0:1:11.9,クビ,90.8,10.0,494,[東] 和田勇介,1200,晴,ダート,良,2025年1月5日,2勝クラス,2019102552,01096
202506010112,7,4,8,レヴィテーション,牝4,56.0,宮崎北斗,0:1:12.0,1,39.9,8.0,438,[東] 中川公成,1200,晴,ダート,良,2025年1月5日,2勝クラス,2021107259,01118
202506010112,8,2,4,フォルクスリート,牝4,56.0,丹内祐次,0:1:12.1,1/2,7.3,5.0,496,[東] 矢野英一,1200,晴,ダート,良,2025年1月5日,2勝クラス,2021105571,01091
202506010112,9,8,15,トウカイファクター,セ6,58.0,佐々木大,0:1:12.1,クビ,15.6,6.0,472,[東] 菊川正達,1200,晴,ダート,良,2025年1月5日,2勝クラス,2019103692,01197
202506010112,10,5,9,ニルアドミラリ,セ7,55.0,石神深道,0:1:12.2,クビ,143.0,12.0,564,[東] 和田正一,1200,晴,ダート,良,2025年1月5日,2勝クラス,2018110134,01209
202506010112,11,2,3,イルザ,牝6,56.0,菅原明良,0:1:12.2,クビ,23.0,7.0,462,[東] 小手川準,1200,晴,ダート,良,2025年1月5日,2勝クラス,2019102736,01179
202506010112,12,6,12,プルスウルトラ,牡7,58.0,黛弘人,0:1:12.5,1.3/4,261.8,15.0,548,[東] 高橋文雅,1200,晴,ダート,良,2025年1月5日,2勝クラス,2018106613,01109
202506010112,13,7,13,キングクー,牡6,55.0,長浜鴻緒,0:1:12.6,クビ,43.0,9.0,532,[東] 根本康広,1200,晴,ダート,良,2025年1月5日,2勝クラス,2019102321,01214
202506010112,14,6,11,マイアミュレット,セ6,58.0,内田博幸,0:1:12.6,ハナ,252.6,14.0,492,[東] 天間昭一,1200,晴,ダート,良,2025年1月5日,2勝クラス,2019106730,00422
202506010112,15,5,10,グリーンライズ,セ6,58.0,柴田大知,0:1:12.6,クビ,282.4,16.0,450,[東] 和田雄二,1200,晴,ダート,良,2025年1月5日,2勝クラス,2019102421,01009
202506010112,16,1,1,リッキーヤスオカ,牡6,58.0,斎藤新,0:1:13.3,4,177.6,13.0,500,[西] 高橋一哉,1200,晴,ダート,良,2025年1月5日,2勝クラス,2019101673,01178
202506010201,1,2,4,パシーヴ,牡3,57.0,石橋脩,0:1:12.5,nan,4.7,3.0,462,[東] 上原博之,1200,曇,ダート,良,2025年1月6日,未勝利,2022106669,01077
202506010201,2,8,16,イズルード,牡3,57.0,丸山元気,0:1:12.6,1/2,18.2,7.0,466,[東] 田島俊明,1200,曇,ダート,良,2025年1月6日,未勝利,2022101908,01127
202506010201,3,1,2,メイユウ,牡3,57.0,石川裕紀,0:1:12.6,クビ,10.7,5.0,468,[東] 蛯名正義,1200,曇,ダート,良,2025年1月6日,未勝利,2022106861,01150
202506010201,4,8,15,ガンハンマー,牡3,57.0,キング,0:1:12.9,1.1/2,6.2,4.0,434,[東] 加藤征弘,1200,曇,ダート,良,2025年1月6日,未勝利,2022100050,05643
202506010201,5,7,13,ショウナンカチドキ,牡3,57.0,戸崎圭太,0:1:13.0,3/4,2.6,1.0,454,[東] 久保田貴,1200,曇,ダート,良,2025年1月6日,未勝利,2022101258,05386
202506010201,6,7,14,カーティブヨーク,牝3,51.0,小林美駒,0:1:13.2,1,34.7,8.0,434,[東] 武市康男,1200,曇,ダート,良,2025年1月6日,未勝利,2022102321,01206
202506010201,7,3,5,ハナナラツボミ,牡3,57.0,田辺裕信,0:1:13.3,1/2,17.9,6.0,502,[東] 加藤士津,1200,曇,ダート,良,2025年1月6日,未勝利,2022106454,01075
202506010201,8,5,9,アイビーガオー,牡3,56.0,原優介,0:1:13.5,1.1/2,213.5,11.0,444,[東] 青木孝文,1200,曇,ダート,良,2025年1月6日,未勝利,2022100039,01184
202506010201,9,4,7,ヘッズアップ,牡3,57.0,野中悠太,0:1:13.6,3/4,286.5,14.0,464,[東] 松山将樹,1200,曇,ダート,良,2025年1月6日,未勝利,2022104211,01158
202506010201,10,1,1,ミヤマイルス,牝3,55.0,横山和生,0:1:13.8,3/4,4.4,2.0,484,[東] 伊藤圭三,1200,曇,ダート,良,2025年1月6日,未勝利,2022103758,01140
202506010201,11,5,10,ヒソカ,牡3,54.0,佐藤翔馬,0:1:14.1,2,335.5,15.0,476,[東] 杉浦宏昭,1200,曇,ダート,良,2025年1月6日,未勝利,2022104334,01207
202506010201,12,4,8,リネンドライブ,セ3,57.0,北村宏司,0:1:14.2,クビ,93.5,10.0,492,[東] 南田美知,1200,曇,ダート,良,2025年1月6日,未勝利,2022101185,01043
202506010201,13,6,11,クリアクォーツ,牡3,54.0,長浜鴻緒,0:1:14.2,ハナ,84.2,9.0,480,[東] 岩戸孝樹,1200,曇,ダート,良,2025年1月6日,未勝利,2022101587,01214
202506010201,14,3,6,アスクサヴァイバル,牡3,57.0,佐々木大,0:1:15.5,8,227.9,12.0,426,[東] 田島俊明,1200,曇,ダート,良,2025年1月6日,未勝利,2022106979,01197
202506010201,15,6,12,ビッグスリック,牡3,54.0,土田真翔,0:1:15.6,クビ,425.5,16.0,508,[東] 田村康仁,1200,曇,ダート,良,2025年1月6日,未勝利,2022106410,01198
202506010201,16,2,3,ハピハピハッピー,牝3,55.0,丸田恭介,0:1:16.3,4,252.7,13.0,488,[東] 尾関知人,1200,曇,ダート,良,2025年1月6日,未勝利,2022103333,01117
202506010202,1,8,16,ラーナローザ,牝3,55.0,大野拓弥,0:1:57.6,nan,2.3,1.0,498,[東] 畠山吉宏,1800,曇,ダート,良,2025年1月6日,未勝利,2022102785,01096
202506010202,2,2,3,シナツヒメ,牝3,55.0,木幡巧也,0:1:57.6,アタマ,5.0,4.0,438,[東] 牧光二,1800,曇,ダート,良,2025年1月6日,未勝利,2022106431,01162
202506010202,3,4,7,フォンデネージュ,牝3,55.0,ドイル,0:1:57.9,1.1/2,4.4,3.0,512,[東] 武井亮,1800,曇,ダート,良,2025年1月6日,未勝利,2022105100,05625
202506010202,4,1,1,アイアンオバーカム,牝3,55.0,柴田大知,0:1:58.5,3.1/2,444.8,15.0,460,[東] 南田美知,1800,曇,ダート,良,2025年1月6日,未勝利,2022100587,01009
202506010202,5,2,4,サーフプラチナム,牝3,55.0,北村宏司,0:1:59.1,3.1/2,398.2,13.0,462,[東] 古賀慎明,1800,曇,ダート,良,2025年1月6日,未勝利,2022100738,01043
202506010202,6,3,5,アイヨトワニ,牝3,55.0,黛弘人,0:1:59.4,2,81.4,8.0,436,[東] 千葉直人,1800,曇,ダート,良,2025年1月6日,未勝利,2022105896,01109
202506010202,7,4,8,クインズエクレア,牝3,55.0,キング,0:1:59.5,1/2,3.4,2.0,482,[東] 加藤征弘,1800,曇,ダート,良,2025年1月6日,未勝利,2022104536,05643
202506010202,8,5,9,スナドケイ,牝3,52.0,石田拓郎,0:1:59.5,クビ,199.7,10.0,484,[東] 尾形和幸,1800,曇,ダート,良,2025年1月6日,未勝利,2022103751,01203
202506010202,9,6,11,リュウゼツラン,牝3,55.0,丹内祐次,0:1:59.5,ハナ,75.1,7.0,456,[東] 水野貴広,1800,曇,ダート,良,2025年1月6日,未勝利,2022106809,01091
202506010202,10,3,6,ラブミーナタリー,牝3,52.0,長浜鴻緒,0:1:59.9,2.1/2,308.6,11.0,484,[東] 矢嶋大樹,1800,曇,ダート,良,2025年1月6日,未勝利,2022103248,01214
202506010202,11,8,15,デスティニーホープ,牝3,55.0,菊沢一樹,0:2:00.0,1/2,26.4,5.0,432,[東] 松山将樹,1800,曇,ダート,良,2025年1月6日,未勝利,2022103625,01161
202506010202,12,7,14,ビップジェシー,牝3,55.0,小林凌大,0:2:00.1,1/2,392.4,12.0,428,[東] 田島俊明,1800,曇,ダート,良,2025年1月6日,未勝利,2022103776,01177
202506010202,13,1,2,プレシャスアセット,牝3,55.0,石川裕紀,0:2:00.1,クビ,103.2,9.0,434,[東] 池上昌和,1800,曇,ダート,良,2025年1月6日,未勝利,2022101685,01150
202506010202,14,6,12,ファランジリング,牝3,55.0,内田博幸,0:2:00.3,1,37.1,6.0,454,[東] 手塚貴久,1800,曇,ダート,良,2025年1月6日,未勝利,2022105731,00422
202506010202,15,7,13,ベアショット,牝3,52.0,佐藤翔馬,0:2:00.5,1.1/4,555.4,16.0,462,[東] 杉浦宏昭,1800,曇,ダート,良,2025年1月6日,未勝利,2022103512,01207
202506010202,16,5,10,セイカエイレーネー,牝3,55.0,石橋脩,0:2:01.9,8,442.2,14.0,438,[東] 南田美知,1800,曇,ダート,良,2025年1月6日,未勝利,2022106296,01077
202506010203,1,8,16,ニューファウンド,セ3,57.0,石川裕紀,0:1:55.2,nan,9.5,3.0,512,[東] 相沢郁,1800,曇,ダート,良,2025年1月6日,未勝利,2022104643,01150
202506010203,2,8,15,ブルータス,牡3,57.0,横山武史,0:1:55.2,クビ,1.6,1.0,450,[東] 高柳瑞樹,1800,曇,ダート,良,2025年1月6日,未勝利,2022103703,01170
202506010203,3,2,3,ハクシンブライアン,牡3,57.0,大野拓弥,0:1:56.2,6,4.0,2.0,488,[東] 松山将樹,1800,曇,ダート,良,2025年1月6日,未勝利,2022106975,01096
202506010203,4,3,6,ロードスカイブルー,牡3,57.0,横山和生,0:1:56.3,クビ,33.9,8.0,468,[東] 和田勇介,1800,曇,ダート,良,2025年1月6日,未勝利,2022100557,01140
202506010203,5,1,2,ファンタズマ,牡3,57.0,マーカン,0:1:56.5,1.1/4,14.2,4.0,452,[東] 上原佑紀,1800,曇,ダート,良,2025年1月6日,未勝利,2022105048,05626
202506010203,6,4,8,ローズマイスター,牡3,56.0,原優介,0:1:56.9,2,26.2,7.0,520,[東] 黒岩陽一,1800,曇,ダート,良,2025年1月6日,未勝利,2022104419,01184
202506010203,7,4,7,ブリヤディアマンテ,牡3,56.0,横山琉人,0:1:57.6,4,93.9,9.0,474,[東] 小島茂之,1800,曇,ダート,良,2025年1月6日,未勝利,2022104856,01192
202506010203,8,2,4,スマートクオーレ,牡3,57.0,木幡初也,0:1:57.7,3/4,98.2,10.0,492,[東] 粕谷昌央,1800,曇,ダート,良,2025年1月6日,未勝利,2022102058,01153
202506010203,9,5,9,キャピタルリッチ,牡3,57.0,菅原明良,0:1:57.9,1.1/2,21.6,6.0,462,[東] 小笠倫弘,1800,曇,ダート,良,2025年1月6日,未勝利,2022101480,01179
202506010203,10,7,14,マイネルラカイユ,牡3,57.0,丹内祐次,0:1:58.9,6,113.3,12.0,500,[東] 天間昭一,1800,曇,ダート,良,2025年1月6日,未勝利,2022104538,01091
202506010203,11,1,1,グラスビジョン,牡3,57.0,木幡巧也,0:1:58.9,クビ,118.9,13.0,432,[東] 佐藤吉勝,1800,曇,ダート,良,2025年1月6日,未勝利,2022102229,01162
202506010203,12,6,12,バンブルビー,牡3,57.0,田辺裕信,0:2:00.3,8,15.4,5.0,466,[東] 小西一男,1800,曇,ダート,良,2025年1月6日,未勝利,2022102635,01075
202506010203,13,6,11,ヴェナートル,牡3,57.0,武藤雅,0:2:00.5,1,524.5,16.0,490,[東] 武藤善則,1800,曇,ダート,良,2025年1月6日,未勝利,2022101469,01169
202506010203,14,5,10,ブレードダンシング,牡3,57.0,野中悠太,0:2:01.6,7,322.8,15.0,452,[東] 岩戸孝樹,1800,曇,ダート,良,2025年1月6日,未勝利,2022100580,01158
202506010203,15,7,13,カイトヴィント,牡3,57.0,丸山元気,0:2:04.0,大,238.9,14.0,480,[東] 和田雄二,1800,曇,ダート,良,2025年1月6日,未勝利,2022102991,01127
202506010203,中,3,5,シーフライト,牡3,57.0,丸田恭介,nan,nan,106.0,11.0,504,[東] 伊藤大士,1800,曇,ダート,良,2025年1月6日,未勝利,2022100262,01117
202506010204,1,7,14,ホウオウフロイト,牡4,58.0,丸田恭介,0:1:12.2,nan,211.9,15.0,446,[東] 加藤和宏,1200,曇,ダート,良,2025年1月6日,1勝クラス,2021103549,01117
202506010204,2,8,15,オセアエクスプレス,牡4,58.0,佐々木大,0:1:12.3,1/2,6.4,3.0,482,[東] 菊川正達,1200,曇,ダート,良,2025年1月6日,1勝クラス,2021104145,01197
202506010204,3,1,1,ロサンゼルス,牡4,58.0,マーカン,0:1:12.3,クビ,4.3,1.0,518,[東] 伊藤圭三,1200,曇,ダート,良,2025年1月6日,1勝クラス,2021103711,05626
202506010204,4,5,10,グッドヴァイブス,牡4,58.0,菅原明良,0:1:12.4,クビ,21.6,10.0,480,[東] 高柳瑞樹,1200,曇,ダート,良,2025年1月6日,1勝クラス,2021101521,01179
202506010204,5,3,6,アオカミ,セ6,58.0,原田和真,0:1:12.6,1.1/4,20.5,9.0,484,[東] 松山将樹,1200,曇,ダート,良,2025年1月6日,1勝クラス,2019101753,01143
202506010204,6,4,8,ペイシャスウィフト,牝4,53.0,長浜鴻緒,0:1:12.6,クビ,11.4,7.0,506,[東] 本間忍,1200,曇,ダート,良,2025年1月6日,1勝クラス,2021102639,01214
202506010204,7,6,11,ペッパーミル,牡4,58.0,田辺裕信,0:1:12.6,ハナ,11.2,6.0,506,[東] 加藤士津,1200,曇,ダート,良,2025年1月6日,1勝クラス,2021102745,01075
202506010204,8,2,3,アンバーニードル,牡4,58.0,キング,0:1:12.7,クビ,4.7,2.0,504,[東] 加藤征弘,1200,曇,ダート,良,2025年1月6日,1勝クラス,2021100594,05643
202506010204,9,6,12,トライデント,牡4,55.0,石田拓郎,0:1:12.7,アタマ,95.3,13.0,504,[東] 新開幸一,1200,曇,ダート,良,2025年1月6日,1勝クラス,2021102793,01203
202506010204,10,7,13,オオゾラヒバリ,牝4,56.0,丸山元気,0:1:12.8,1/2,12.6,8.0,466,[東] 根本康広,1200,曇,ダート,良,2025年1月6日,1勝クラス,2021101793,01127
202506010204,11,8,16,ニシノリアリティ,牡4,58.0,杉原誠人,0:1:13.0,1.1/4,10.9,5.0,528,[東] 田村康仁,1200,曇,ダート,良,2025年1月6日,1勝クラス,2021100184,01135
202506010204,12,5,9,ミスエル,牡4,55.0,石神深道,0:1:13.0,クビ,24.1,11.0,490,[東] 菊沢隆徳,1200,曇,ダート,良,2025年1月6日,1勝クラス,2021106986,01209
202506010204,13,1,2,ライングッドマン,牡4,58.0,武藤雅,0:1:13.1,クビ,8.1,4.0,474,[東] 武藤善則,1200,曇,ダート,良,2025年1月6日,1勝クラス,2021101930,01169
202506010204,14,3,5,ネイルンノ,牡4,58.0,黛弘人,0:1:13.6,3,168.0,14.0,474,[東] 尾関知人,1200,曇,ダート,良,2025年1月6日,1勝クラス,2021103338,01109
202506010204,15,2,4,ソングフォーユー,牝6,56.0,大野拓弥,0:1:14.1,3.1/2,38.7,12.0,480,[東] 上原博之,1200,曇,ダート,良,2025年1月6日,1勝クラス,2019101133,01096
202506010204,16,4,7,フィーリウスワン,牡7,58.0,野中悠太,0:1:14.6,3,673.2,16.0,488,[東] 根本康広,1200,曇,ダート,良,2025年1月6日,1勝クラス,2018101240,01158
202506010205,1,5,9,ストレイトトーカー,牡3,57.0,大野拓弥,0:1:35.5,nan,5.3,2.0,480,[東] 岩戸孝樹,1600,曇,芝,良,2025年1月6日,新馬,2022101669,01096
202506010205,2,5,10,ベラジオワールド,牡3,55.0,戸崎圭太,0:1:35.7,1.1/4,2.3,1.0,482,[東] 伊藤大士,1600,曇,芝,良,2025年1月6日,新馬,2022110130,05386
202506010205,3,7,14,ハッピーウィズユー,牝3,55.0,丸山元気,0:1:35.8,3/4,16.8,6.0,496,[東] 小笠倫弘,1600,曇,芝,良,2025年1月6日,新馬,2022106656,01127
202506010205,4,1,1,テンフレッシュ,牝3,55.0,横山和生,0:1:36.0,1.1/4,7.0,3.0,480,[東] 田村康仁,1600,曇,芝,良,2025年1月6日,新馬,2022105531,01140
202506010205,5,6,12,アルシャンティ,牝3,55.0,北村宏司,0:1:36.2,1.1/4,7.1,4.0,436,[西] 茶木太樹,1600,曇,芝,良,2025年1月6日,新馬,2022102978,01043
202506010205,6,8,15,リーフアクアリウム,牡3,55.0,石川裕紀,0:1:36.3,1/2,34.6,10.0,426,[東] 伊藤大士,1600,曇,芝,良,2025年1月6日,新馬,2022110158,01150
202506010205,7,6,11,フェブルアーリア,牡3,57.0,菅原明良,0:1:36.5,1.1/2,19.7,8.0,454,[西] 中村直也,1600,曇,芝,良,2025年1月6日,新馬,2022104319,01179
202506010205,8,2,4,リアンエターナル,牝3,55.0,武藤雅,0:1:36.6,クビ,22.0,9.0,440,[東] 武藤善則,1600,曇,芝,良,2025年1月6日,新馬,2022104499,01169
202506010205,9,7,13,グレイトレッグ,牡3,57.0,菊沢一樹,0:1:36.7,3/4,74.0,11.0,446,[東] 菊沢隆徳,1600,曇,芝,良,2025年1月6日,新馬,2022101196,01161
202506010205,10,1,2,ワキノグラス,牝3,55.0,丹内祐次,0:1:36.8,3/4,15.7,5.0,438,[西] 高橋義忠,1600,曇,芝,良,2025年1月6日,新馬,2022106473,01091
202506010205,11,8,16,キタノヴァルカン,牡3,55.0,小林脩斗,0:1:37.0,1.1/4,169.8,16.0,440,[東] 菊川正達,1600,曇,芝,良,2025年1月6日,新馬,2022100029,01183
202506010205,12,4,8,マダムシーファー,牝3,55.0,江田照男,0:1:37.2,1.1/2,74.7,12.0,416,[東] 田村康仁,1600,曇,芝,良,2025年1月6日,新馬,2022102996,00689
202506010205,13,4,7,コスモナッシュビル,牡3,57.0,ドイル,0:1:37.6,2.1/2,16.9,7.0,520,[西] 吉田直弘,1600,曇,芝,良,2025年1月6日,新馬,2022103990,05625
202506010205,14,3,6,メイプルエイト,牡3,53.0,小林美駒,0:1:38.2,3.1/2,127.0,14.0,434,[東] 清水英克,1600,曇,芝,良,2025年1月6日,新馬,2022101621,01206
202506010205,15,3,5,アイトカコイトカ,牝3,52.0,佐藤翔馬,0:1:38.3,クビ,108.7,13.0,460,[東] 小手川準,1600,曇,芝,良,2025年1月6日,新馬,2022109083,01207
202506010205,16,2,3,ジーティーアムール,牡3,57.0,野中悠太,0:1:41.9,大,148.1,15.0,428,[東] 加藤和宏,1600,曇,芝,良,2025年1月6日,新馬,2022102136,01158
202506010206,1,8,16,マイネルゼウス,牡3,57.0,津村明秀,0:2:02.7,nan,48.9,9.0,410,[東] 奥村武,2000,曇,芝,良,2025年1月6日,未勝利,2022106828,01092
202506010206,2,5,10,ディベルティスマン,牡3,57.0,石橋脩,0:2:02.8,3/4,7.8,3.0,514,[東] 菊沢隆徳,2000,曇,芝,良,2025年1月6日,未勝利,2022104000,01077
202506010206,3,2,3,マキャベリー,牝3,55.0,菅原明良,0:2:02.8,ハナ,12.8,5.0,472,[東] 黒岩陽一,2000,曇,芝,良,2025年1月6日,未勝利,2022100322,01179
202506010206,4,7,13,ニヴルヘイム,牡3,57.0,戸崎圭太,0:2:02.9,3/4,4.8,2.0,452,[東] 栗田徹,2000,曇,芝,良,2025年1月6日,未勝利,2022104761,05386
202506010206,5,7,15,マイネルアレス,牡3,57.0,横山武史,0:2:02.9,アタマ,29.0,8.0,440,[東] 相沢郁,2000,曇,芝,良,2025年1月6日,未勝利,2022106817,01170
202506010206,6,1,1,サトノアルタイル,牡3,57.0,斎藤新,0:2:03.1,1,14.5,6.0,504,[東] 斎藤誠,2000,曇,芝,良,2025年1月6日,未勝利,2022103807,01178
202506010206,7,3,6,アルティテュード,牡3,57.0,マーカン,0:2:03.1,ハナ,2.0,1.0,492,[東] 森一誠,2000,曇,芝,良,2025年1月6日,未勝利,2022105195,05626
202506010206,8,4,8,コスモマガラニカ,牡3,57.0,丹内祐次,0:2:03.1,クビ,70.2,12.0,440,[東] 加藤士津,2000,曇,芝,良,2025年1月6日,未勝利,2022106781,01091
202506010206,9,6,11,エターナルシルバー,牡3,57.0,吉田豊,0:2:03.5,2.1/2,8.3,4.0,450,[東] 中舘英二,2000,曇,芝,良,2025年1月6日,未勝利,2022106737,00733
202506010206,10,4,7,クモヒトツナイ,牡3,57.0,松岡正海,0:2:03.6,1,20.5,7.0,478,[東] 堀内岳志,2000,曇,芝,良,2025年1月6日,未勝利,2022101498,01085
202506010206,11,6,12,エルドジュリエーネ,牝3,55.0,石川裕紀,0:2:03.8,1.1/4,316.2,15.0,458,[東] 手塚貴久,2000,曇,芝,良,2025年1月6日,未勝利,2022106784,01150
202506010206,12,1,2,マイネルアズーロ,牡3,57.0,ドイル,0:2:03.9,クビ,60.9,11.0,452,[東] 鹿戸雄一,2000,曇,芝,良,2025年1月6日,未勝利,2022100274,05625
202506010206,13,3,5,パルピタシオン,牝3,55.0,田辺裕信,0:2:04.2,1.1/2,57.0,10.0,428,[東] 天間昭一,2000,曇,芝,良,2025年1月6日,未勝利,2022101277,01075
202506010206,14,7,14,カズノマリア,牝3,55.0,佐々木大,0:2:04.2,ハナ,252.8,14.0,448,[東] 尾形和幸,2000,曇,芝,良,2025年1月6日,未勝利,2022106696,01197
202506010206,15,2,4,フェデルミエール,牝3,55.0,大野拓弥,0:2:04.6,2.1/2,192.0,13.0,490,[東] 中川公成,2000,曇,芝,良,2025年1月6日,未勝利,2022104479,01096
202506010206,16,8,18,コウセイケンタロス,牡3,57.0,柴田大知,0:2:05.1,3,417.6,16.0,462,[東] 和田雄二,2000,曇,芝,良,2025年1月6日,未勝利,2022105461,01009
202506010206,17,8,17,グリーティングデー,牡3,54.0,石神深道,0:2:05.2,3/4,554.5,17.0,444,[東] 加藤和宏,2000,曇,芝,良,2025年1月6日,未勝利,2022101832,01209
202506010206,18,5,9,ギリギリバイター,牡3,57.0,内田博幸,0:2:05.6,2.1/2,579.7,18.0,442,[東] 小笠倫弘,2000,曇,芝,良,2025年1月6日,未勝利,2022100592,00422
202506010207,1,6,7,ゴーソーファー,牝3,55.0,津村明秀,0:2:00.7,nan,36.5,7.0,460,[東] 手塚貴久,2000,小雨,芝,良,2025年1月6日,1勝クラス,2022104781,01092
202506010207,2,8,11,アロヒアリイ,牡3,57.0,戸崎圭太,0:2:00.8,3/4,1.6,1.0,496,[東] 田中博康,2000,小雨,芝,良,2025年1月6日,1勝クラス,2022104682,05386
202506010207,3,1,1,ビーオンザカバー,牡3,57.0,横山武史,0:2:00.9,クビ,13.4,4.0,472,[東] 伊藤圭三,2000,小雨,芝,良,2025年1月6日,1勝クラス,2022105388,01170
202506010207,4,2,2,ディヴァインスター,牡3,57.0,丹内祐次,0:2:01.0,1,5.1,3.0,478,[東] 林徹,2000,小雨,芝,良,2025年1月6日,1勝クラス,2022105984,01091
202506010207,5,6,8,エーオーキング,牡3,57.0,木幡巧也,0:2:01.7,4,41.1,8.0,446,[東] 久保田貴,2000,小雨,芝,良,2025年1月6日,1勝クラス,2022102738,01162
202506010207,6,8,12,サトノラポール,牡3,57.0,マーカン,0:2:01.8,クビ,5.1,2.0,466,[東] 鹿戸雄一,2000,小雨,芝,良,2025年1月6日,1勝クラス,2022104786,05626
202506010207,7,5,5,ドゥカート,牡3,57.0,丸山元気,0:2:02.1,2,41.6,9.0,474,[東] 宮田敬介,2000,小雨,芝,良,2025年1月6日,1勝クラス,2022105777,01127
202506010207,8,3,3,スタイラスメソッド,牡3,57.0,田辺裕信,0:2:02.5,2.1/2,23.2,5.0,464,[東] 牧光二,2000,小雨,芝,良,2025年1月6日,1勝クラス,2022100090,01075
202506010207,9,7,10,ソルエパトリオット,牡3,56.0,横山琉人,0:2:03.2,4,212.4,11.0,408,[東] 尾形和幸,2000,小雨,芝,良,2025年1月6日,1勝クラス,2022103416,01192
202506010207,10,4,4,テリオスルナ,牝3,55.0,菅原明良,0:2:03.3,1/2,53.2,10.0,404,[東] 高柳瑞樹,2000,小雨,芝,良,2025年1月6日,1勝クラス,2022100896,01179
202506010207,11,7,9,フタイテンホイール,牝3,55.0,菊沢一樹,0:2:03.6,2,284.6,12.0,428,[東] 佐藤吉勝,2000,小雨,芝,良,2025年1月6日,1勝クラス,2022100286,01161
202506010207,12,5,6,サノノロンドン,牝3,51.0,小林美駒,0:2:06.4,大,26.4,6.0,430,[東] 尾形和幸,2000,小雨,芝,良,2025年1月6日,1勝クラス,2022101314,01206
202506010208,1,4,6,フェーレンベルク,牡5,60.0,上野翔,0:3:36.5,nan,11.6,5.0,494,[東] 千葉直人,3200,小雨,障害,良,2025年1月6日,オープン,2020103875,01087
202506010208,2,7,12,オオキニ,牡6,60.0,森一馬,0:3:36.6,1/2,2.0,1.0,462,[西] 鈴木孝志,3200,小雨,障害,良,2025年1月6日,オープン,2019100675,01139
202506010208,3,7,11,インディゴブラック,セ6,61.0,小坂忠士,0:3:36.7,1/2,5.4,2.0,524,[西] 奥村豊,3200,小雨,障害,良,2025年1月6日,オープン,2019105143,01063
202506010208,4,5,7,エンデュミオン,牡8,61.0,小野寺祐,0:3:37.6,5,9.1,4.0,460,[西] 清水久詞,3200,小雨,障害,良,2025年1月6日,オープン,2017106153,01123
202506010208,5,8,13,レッドバロッサ,セ6,61.0,小牧加矢,0:3:38.3,4,6.2,3.0,516,[西] 音無秀孝,3200,小雨,障害,良,2025年1月6日,オープン,2019105473,01196
202506010208,6,6,9,メイショウアツイタ,牡7,60.0,難波剛健,0:3:39.0,4,135.2,14.0,508,[西] 高橋義忠,3200,小雨,障害,良,2025年1月6日,オープン,2018105731,01066
202506010208,7,8,14,ルレーヴドゥリリ,牝8,58.0,江田勇亮,0:3:39.0,ハナ,35.1,8.0,528,[東] 田中剛,3200,小雨,障害,良,2025年1月6日,オープン,2017103710,01023
202506010208,8,3,3,サンマルグレイト,牡5,60.0,大江原圭,0:3:39.1,アタマ,88.0,12.0,462,[東] 佐藤吉勝,3200,小雨,障害,良,2025年1月6日,オープン,2020101779,01120
202506010208,9,3,4,タンジェントアーク,セ7,60.0,五十嵐雄,0:3:39.3,1.1/4,14.8,6.0,446,[東] 田村康仁,3200,小雨,障害,良,2025年1月6日,オープン,2018100752,01069
202506010208,10,4,5,シャンドゥレール,セ5,60.0,金子光希,0:3:40.2,5,43.4,9.0,498,[東] 国枝栄,3200,小雨,障害,良,2025年1月6日,オープン,2020103053,01052
202506010208,11,6,10,トーアモルペウス,セ5,60.0,石神深一,0:3:40.6,2.1/2,23.8,7.0,490,[東] 辻哲英,3200,小雨,障害,良,2025年1月6日,オープン,2020103173,01059
202506010208,12,5,8,テイエムナイスラン,牡6,60.0,土田真翔,0:3:41.0,2.1/2,70.9,10.0,542,[東] 石栗龍彦,3200,小雨,障害,良,2025年1月6日,オープン,2019102826,01198
202506010208,13,2,2,ヤマタケアオイバラ,牡5,60.0,草野太郎,0:3:42.2,7,82.1,11.0,466,[東] 萱野浩二,3200,小雨,障害,良,2025年1月6日,オープン,2020102211,01113
202506010208,中,1,1,プラチナドリーム,牡6,60.0,黒岩悠,nan,nan,104.8,13.0,480,[西] 平田修,3200,小雨,障害,良,2025年1月6日,オープン,2019106330,01072
202506010209,1,8,16,メイショウフジ,牡5,58.0,大野拓弥,0:1:53.8,nan,7.6,3.0,480,[東] 和田勇介,1800,曇,ダート,良,2025年1月6日,2勝クラス,2020106919,01096
202506010209,2,7,14,アムールドパリ,牝4,55.0,横山武史,0:1:54.0,1.1/4,1.9,1.0,458,[東] 稲垣幸雄,1800,曇,ダート,良,2025年1月6日,2勝クラス,2021105264,01170
202506010209,3,5,10,サパテアール,セ6,58.0,石川裕紀,0:1:54.1,3/4,10.9,5.0,522,[東] 畠山吉宏,1800,曇,ダート,良,2025年1月6日,2勝クラス,2019102514,01150
202506010209,4,1,1,レオカクテル,牡7,58.0,丸田恭介,0:1:54.3,3/4,80.6,11.0,510,[東] 萱野浩二,1800,曇,ダート,良,2025年1月6日,2勝クラス,2018106144,01117
202506010209,5,4,8,オソルノ,牡5,58.0,菅原明良,0:1:54.5,1.1/2,16.7,7.0,500,[東] 萩原清,1800,曇,ダート,良,2025年1月6日,2勝クラス,2020102578,01179
202506010209,6,7,13,カムランベイ,牡5,58.0,津村明秀,0:1:54.6,1/2,15.8,6.0,502,[東] 岩戸孝樹,1800,曇,ダート,良,2025年1月6日,2勝クラス,2020101803,01092
202506010209,7,8,15,ライラスター,セ6,58.0,マーカン,0:1:54.6,クビ,8.5,4.0,474,[東] 森一誠,1800,曇,ダート,良,2025年1月6日,2勝クラス,2019105336,05626
202506010209,8,2,4,ティルドーン,牡5,58.0,戸崎圭太,0:1:55.0,2.1/2,7.2,2.0,528,[西] 森秀行,1800,曇,ダート,良,2025年1月6日,2勝クラス,2020110132,05386
202506010209,9,3,5,ピックアップライン,牡5,58.0,丹内祐次,0:1:55.5,2.1/2,56.7,10.0,516,[東] 田中剛,1800,曇,ダート,良,2025年1月6日,2勝クラス,2020103088,01091
202506010209,10,3,6,クォーツァイト,牝4,55.0,斎藤新,0:1:56.1,3.1/2,31.6,9.0,462,[東] 斎藤誠,1800,曇,ダート,良,2025年1月6日,2勝クラス,2021104777,01178
202506010209,11,6,11,サイモンルモンド,セ8,58.0,野中悠太,0:1:56.7,3.1/2,465.8,16.0,470,[東] 根本康広,1800,曇,ダート,良,2025年1月6日,2勝クラス,2017106722,01158
202506010209,12,5,9,アイファーグローブ,牡6,58.0,長浜鴻緒,0:1:57.1,2,94.0,12.0,478,[東] 蛯名利弘,1800,曇,ダート,良,2025年1月6日,2勝クラス,2019101330,01214
202506010209,13,4,7,スカーズ,牡5,58.0,田辺裕信,0:1:57.3,1.1/4,24.6,8.0,490,[西] 武幸四郎,1800,曇,ダート,良,2025年1月6日,2勝クラス,2020103642,01075
202506010209,14,6,12,シックザイン,牡6,58.0,ドイル,0:1:58.5,7,270.2,14.0,490,[東] 水野貴広,1800,曇,ダート,良,2025年1月6日,2勝クラス,2019103887,05625
202506010209,15,2,3,ナックダンス,牝5,56.0,木幡巧也,0:2:00.0,9,277.6,15.0,508,[東] 杉浦宏昭,1800,曇,ダート,良,2025年1月6日,2勝クラス,2020106024,01162
202506010209,中,1,2,テンウォークライ,牡7,58.0,丸山元気,nan,nan,267.3,13.0,492,[東] 金成貴史,1800,曇,ダート,良,2025年1月6日,2勝クラス,2018100247,01127
202506010210,1,5,9,アスクナイスショー,牡4,57.0,田辺裕信,0:2:00.1,nan,4.1,2.0,494,[東] 中舘英二,2000,曇,芝,良,2025年1月6日,2勝クラス,2021106954,01075
202506010210,2,3,5,タイキラフター,牡5,58.0,大野拓弥,0:2:00.3,1,7.1,5.0,534,[東] 大竹正博,2000,曇,芝,良,2025年1月6日,2勝クラス,2020106811,01096
202506010210,3,3,4,ビターグラッセ,牝5,56.0,マーカン,0:2:00.3,ハナ,6.0,3.0,498,[東] 栗田徹,2000,曇,芝,良,2025年1月6日,2勝クラス,2020103228,05626
202506010210,4,2,3,エコロレイズ,牡4,57.0,菊沢一樹,0:2:00.3,クビ,6.4,4.0,504,[東] 岩戸孝樹,2000,曇,芝,良,2025年1月6日,2勝クラス,2021103976,01161
202506010210,5,6,10,ルカランフィースト,牡4,57.0,横山武史,0:2:00.5,1.1/4,3.8,1.0,476,[東] 鹿戸雄一,2000,曇,芝,良,2025年1月6日,2勝クラス,2021105040,01170
202506010210,6,5,8,サクセスドレーク,牡6,58.0,津村明秀,0:2:00.6,1/2,20.7,8.0,506,[西] 野中賢二,2000,曇,芝,良,2025年1月6日,2勝クラス,2019101190,01092
202506010210,7,2,2,マイネルトルファン,牡6,58.0,柴田大知,0:2:00.6,ハナ,90.4,12.0,522,[東] 粕谷昌央,2000,曇,芝,良,2025年1月6日,2勝クラス,2019100790,01009
202506010210,8,8,14,ロードマンハイム,牡5,58.0,戸崎圭太,0:2:01.0,2.1/2,11.5,6.0,514,[西] 友道康夫,2000,曇,芝,良,2025年1月6日,2勝クラス,2020100177,05386
202506010210,9,4,7,ピンキープロミス,牡5,58.0,丹内祐次,0:2:01.1,クビ,66.2,10.0,490,[東] 畠山吉宏,2000,曇,芝,良,2025年1月6日,2勝クラス,2020106475,01091
202506010210,10,7,12,ラーテル,セ5,58.0,原田和真,0:2:01.1,クビ,358.2,15.0,476,[東] 南田美知,2000,曇,芝,良,2025年1月6日,2勝クラス,2020104285,01143
202506010210,11,1,1,シュブリーム,牡9,58.0,杉原誠人,0:2:01.2,クビ,84.1,11.0,488,[東] 大和田成,2000,曇,芝,良,2025年1月6日,2勝クラス,2016102550,01135
202506010210,12,8,15,リリーブライト,牡7,58.0,石橋脩,0:2:01.8,3.1/2,166.0,13.0,482,[東] 西田雄一,2000,曇,芝,良,2025年1月6日,2勝クラス,2018104841,01077
202506010210,13,7,13,ロゼル,牡5,58.0,菅原明良,0:2:01.8,クビ,53.2,9.0,494,[東] 大和田成,2000,曇,芝,良,2025年1月6日,2勝クラス,2020106415,01179
202506010210,14,6,11,タガノチュール,牡7,58.0,原優介,0:2:02.3,3,173.4,14.0,468,[西] 西園翔太,2000,曇,芝,良,2025年1月6日,2勝クラス,2018101946,01184
202506010210,15,4,6,ネイビースター,牡5,58.0,佐々木大,0:2:02.7,2,12.3,7.0,546,[東] 林徹,2000,曇,芝,良,2025年1月6日,2勝クラス,2020103795,01197
202506010211,1,6,12,ステークホルダー,牡5,56.0,戸崎圭太,0:1:08.2,nan,2.5,1.0,468,[東] 斎藤誠,1200,曇,芝,良,2025年1月6日,3勝クラス,2020103962,05386
202506010211,2,4,7,イサチルシーサイド,牡4,55.0,木幡初也,0:1:08.2,ハナ,14.9,6.0,484,[東] 竹内正洋,1200,曇,芝,良,2025年1月6日,3勝クラス,2021102670,01153
202506010211,3,5,10,マイネルレノン,牡6,57.0,菅原明良,0:1:08.3,クビ,8.7,3.0,480,[西] 宮徹,1200,曇,芝,良,2025年1月6日,3勝クラス,2019100751,01179
202506010211,4,6,11,スピードオブライト,牝5,54.0,石川裕紀,0:1:08.4,3/4,20.1,8.0,430,[東] 相沢郁,1200,曇,芝,良,2025年1月6日,3勝クラス,2020104203,01150
202506010211,5,2,4,エコロレジーナ,牝5,55.0,菊沢一樹,0:1:08.6,1.1/4,13.7,5.0,508,[東] 菊沢隆徳,1200,曇,芝,良,2025年1月6日,3勝クラス,2020101262,01161
202506010211,6,1,1,トーセンサンダー,牡6,56.0,木幡巧也,0:1:08.6,ハナ,40.4,12.0,500,[東] 杉浦宏昭,1200,曇,芝,良,2025年1月6日,3勝クラス,2019104386,01162
202506010211,7,5,9,スーサンアッシャー,牡6,55.0,佐々木大,0:1:08.6,アタマ,68.6,14.0,478,[西] 鈴木孝志,1200,曇,芝,良,2025年1月6日,3勝クラス,2019103898,01197
202506010211,8,7,13,イルクオーレ,セ7,57.0,吉田豊,0:1:08.6,クビ,34.3,11.0,500,[東] 高橋文雅,1200,曇,芝,良,2025年1月6日,3勝クラス,2018106077,00733
202506010211,9,4,8,デイトナモード,牡5,55.0,ドイル,0:1:08.7,1/2,30.5,10.0,548,[西] 千田輝彦,1200,曇,芝,良,2025年1月6日,3勝クラス,2020101872,05625
202506010211,10,7,14,エイシンエイト,牝5,55.0,大野拓弥,0:1:08.7,アタマ,15.4,7.0,508,[東] 田中剛,1200,曇,芝,良,2025年1月6日,3勝クラス,2020100443,01096
202506010211,11,3,6,オードゥメール,牝6,54.0,斎藤新,0:1:08.9,1,24.6,9.0,490,[東] 斎藤誠,1200,曇,芝,良,2025年1月6日,3勝クラス,2019103010,01178
202506010211,12,3,5,クロスマジェスティ,牝6,53.0,武藤雅,0:1:08.9,アタマ,139.1,15.0,492,[東] 水野貴広,1200,曇,芝,良,2025年1月6日,3勝クラス,2019106623,01169
202506010211,13,8,15,アスクビギンアゲン,牡6,54.0,丸山元気,0:1:09.0,3/4,312.0,16.0,574,[西] 梅田智之,1200,曇,芝,良,2025年1月6日,3勝クラス,2019101079,01127
202506010211,14,8,16,ブルースピリット,セ7,57.0,田辺裕信,0:1:09.2,1.1/4,50.7,13.0,500,[東] 岩戸孝樹,1200,曇,芝,良,2025年1月6日,3勝クラス,2018110037,01075
202506010211,15,1,2,ルーフ,牝5,54.0,横山武史,0:1:09.4,1.1/4,12.9,4.0,488,[西] 清水久詞,1200,曇,芝,良,2025年1月6日,3勝クラス,2020104194,01170
202506010211,16,2,3,ジャスパーノワール,牡4,57.0,マーカン,0:1:09.5,1/2,4.1,2.0,516,[西] 森秀行,1200,曇,芝,良,2025年1月6日,3勝クラス,2021110132,05626
202506010212,1,8,15,カイコウ,セ4,57.0,丹内祐次,0:1:55.8,nan,79.1,12.0,460,[東] 田島俊明,1800,小雨,ダート,良,2025年1月6日,1勝クラス,2021102388,01091
202506010212,2,7,14,ザロック,セ4,54.0,石神深道,0:1:55.8,ハナ,36.2,11.0,486,[東] 武井亮,1800,小雨,ダート,良,2025年1月6日,1勝クラス,2021106845,01209
202506010212,3,3,6,プレジール,牡4,57.0,横山和生,0:1:56.2,2,30.6,10.0,482,[東] 嘉藤貴行,1800,小雨,ダート,良,2025年1月6日,1勝クラス,2021106209,01140
202506010212,4,4,7,マッスルバック,牡4,57.0,菅原明良,0:1:56.2,ハナ,6.1,3.0,474,[東] 水野貴広,1800,小雨,ダート,良,2025年1月6日,1勝クラス,2021103809,01179
202506010212,5,6,11,ディズレーリ,セ5,58.0,内田博幸,0:1:56.3,1,21.9,7.0,510,[東] 池上昌和,1800,小雨,ダート,良,2025年1月6日,1勝クラス,2020103119,00422
202506010212,6,6,12,レッドライトニング,牡4,57.0,ドイル,0:1:56.5,1,18.3,6.0,460,[東] 鹿戸雄一,1800,小雨,ダート,良,2025年1月6日,1勝クラス,2021102200,05625
202506010212,7,8,16,メンドロントット,牡4,54.0,佐藤翔馬,0:1:56.8,1.1/2,228.8,16.0,556,[東] 杉浦宏昭,1800,小雨,ダート,良,2025年1月6日,1勝クラス,2021105023,01207
202506010212,8,4,8,サルヴィアーノ,牝4,55.0,大野拓弥,0:1:57.1,2,16.2,5.0,476,[東] 栗田徹,1800,小雨,ダート,良,2025年1月6日,1勝クラス,2021110113,01096
202506010212,9,2,3,プルメリアクヒオ,牡4,54.0,長浜鴻緒,0:1:57.2,1/2,23.3,8.0,456,[東] 深山雅史,1800,小雨,ダート,良,2025年1月6日,1勝クラス,2021103208,01214
202506010212,10,2,4,バンドネオン,セ5,58.0,嶋田純次,0:1:57.4,1.1/4,195.8,15.0,530,[東] 手塚貴久,1800,小雨,ダート,良,2025年1月6日,1勝クラス,2020103520,01134
202506010212,11,5,10,ジャミラヌール,牝4,55.0,戸崎圭太,0:1:57.5,1/2,2.7,1.0,478,[東] 高柳瑞樹,1800,小雨,ダート,良,2025年1月6日,1勝クラス,2021110105,05386
202506010212,12,1,2,ダイタジャスティス,牡4,57.0,原田和真,0:1:57.6,1/2,172.7,14.0,496,[東] 小野次郎,1800,小雨,ダート,良,2025年1月6日,1勝クラス,2021102954,01143
202506010212,13,7,13,インテルメディオ,牡4,57.0,マーカン,0:1:57.7,1/2,4.4,2.0,530,[東] 栗田徹,1800,小雨,ダート,良,2025年1月6日,1勝クラス,2021104922,05626
202506010212,14,5,9,モッドフレイム,牡4,57.0,佐々木大,0:1:58.4,4,24.8,9.0,512,[東] 大和田成,1800,小雨,ダート,良,2025年1月6日,1勝クラス,2021104960,01197
202506010212,15,3,5,サンカルミア,牡4,57.0,横山武史,0:1:59.9,9,6.5,4.0,476,[東] 伊坂重信,1800,小雨,ダート,良,2025年1月6日,1勝クラス,2021101305,01170
202506010212,中,1,1,コトブキヘスペラス,牡5,58.0,江田照男,nan,nan,93.9,13.0,466,[東] 金成貴史,1800,小雨,ダート,良,2025年1月6日,1勝クラス,2020100209,00689
