,race_type,course_len,ground_state,class,avg_frame,avg_horse,total_top3,frame_1_top3,frame_2_top3,frame_3_top3,frame_4_top3,frame_5_top3,frame_6_top3,frame_7_top3,frame_8_top3,horse_1_top3,horse_2_top3,horse_3_top3,horse_4_top3,horse_5_top3,horse_6_top3,horse_7_top3,horse_8_top3,horse_9_top3,horse_10_top3,horse_11_top3,horse_12_top3,horse_13_top3,horse_14_top3,horse_15_top3,horse_16_top3,horse_17_top3,horse_18_top3
0,芝,1000,全,all,,,0,0,0,0,0,0,0,0,0,0,0,0,0,0,0,0,0,0,0,0,0,0,0,0,0,0,0
1,芝,1000,良,all,,,0,0,0,0,0,0,0,0,0,0,0,0,0,0,0,0,0,0,0,0,0,0,0,0,0,0,0
2,芝,1000,稍重,all,,,0,0,0,0,0,0,0,0,0,0,0,0,0,0,0,0,0,0,0,0,0,0,0,0,0,0,0
3,芝,1000,重,all,,,0,0,0,0,0,0,0,0,0,0,0,0,0,0,0,0,0,0,0,0,0,0,0,0,0,0,0
4,芝,1000,不良,all,,,0,0,0,0,0,0,0,0,0,0,0,0,0,0,0,0,0,0,0,0,0,0,0,0,0,0,0
5,芝,1000,全,未勝利,,,0,0,0,0,0,0,0,0,0,0,0,0,0,0,0,0,0,0,0,0,0,0,0,0,0,0,0
6,芝,1000,良,未勝利,,,0,0,0,0,0,0,0,0,0,0,0,0,0,0,0,0,0,0,0,0,0,0,0,0,0,0,0
7,芝,1000,稍重,未勝利,,,0,0,0,0,0,0,0,0,0,0,0,0,0,0,0,0,0,0,0,0,0,0,0,0,0,0,0
8,芝,1000,重,未勝利,,,0,0,0,0,0,0,0,0,0,0,0,0,0,0,0,0,0,0,0,0,0,0,0,0,0,0,0
9,芝,1000,不良,未勝利,,,0,0,0,0,0,0,0,0,0,0,0,0,0,0,0,0,0,0,0,0,0,0,0,0,0,0,0
10,芝,1000,全,新馬,,,0,0,0,0,0,0,0,0,0,0,0,0,0,0,0,0,0,0,0,0,0,0,0,0,0,0,0
11,芝,1000,良,新馬,,,0,0,0,0,0,0,0,0,0,0,0,0,0,0,0,0,0,0,0,0,0,0,0,0,0,0,0
12,芝,1000,稍重,新馬,,,0,0,0,0,0,0,0,0,0,0,0,0,0,0,0,0,0,0,0,0,0,0,0,0,0,0,0
13,芝,1000,重,新馬,,,0,0,0,0,0,0,0,0,0,0,0,0,0,0,0,0,0,0,0,0,0,0,0,0,0,0,0
14,芝,1000,不良,新馬,,,0,0,0,0,0,0,0,0,0,0,0,0,0,0,0,0,0,0,0,0,0,0,0,0,0,0,0
15,芝,1000,全,1勝クラス,,,0,0,0,0,0,0,0,0,0,0,0,0,0,0,0,0,0,0,0,0,0,0,0,0,0,0,0
16,芝,1000,良,1勝クラス,,,0,0,0,0,0,0,0,0,0,0,0,0,0,0,0,0,0,0,0,0,0,0,0,0,0,0,0
17,芝,1000,稍重,1勝クラス,,,0,0,0,0,0,0,0,0,0,0,0,0,0,0,0,0,0,0,0,0,0,0,0,0,0,0,0
18,芝,1000,重,1勝クラス,,,0,0,0,0,0,0,0,0,0,0,0,0,0,0,0,0,0,0,0,0,0,0,0,0,0,0,0
19,芝,1000,不良,1勝クラス,,,0,0,0,0,0,0,0,0,0,0,0,0,0,0,0,0,0,0,0,0,0,0,0,0,0,0,0
20,芝,1000,全,2勝クラス,,,0,0,0,0,0,0,0,0,0,0,0,0,0,0,0,0,0,0,0,0,0,0,0,0,0,0,0
21,芝,1000,良,2勝クラス,,,0,0,0,0,0,0,0,0,0,0,0,0,0,0,0,0,0,0,0,0,0,0,0,0,0,0,0
22,芝,1000,稍重,2勝クラス,,,0,0,0,0,0,0,0,0,0,0,0,0,0,0,0,0,0,0,0,0,0,0,0,0,0,0,0
23,芝,1000,重,2勝クラス,,,0,0,0,0,0,0,0,0,0,0,0,0,0,0,0,0,0,0,0,0,0,0,0,0,0,0,0
24,芝,1000,不良,2勝クラス,,,0,0,0,0,0,0,0,0,0,0,0,0,0,0,0,0,0,0,0,0,0,0,0,0,0,0,0
25,芝,1000,全,3勝クラス,,,0,0,0,0,0,0,0,0,0,0,0,0,0,0,0,0,0,0,0,0,0,0,0,0,0,0,0
26,芝,1000,良,3勝クラス,,,0,0,0,0,0,0,0,0,0,0,0,0,0,0,0,0,0,0,0,0,0,0,0,0,0,0,0
27,芝,1000,稍重,3勝クラス,,,0,0,0,0,0,0,0,0,0,0,0,0,0,0,0,0,0,0,0,0,0,0,0,0,0,0,0
28,芝,1000,重,3勝クラス,,,0,0,0,0,0,0,0,0,0,0,0,0,0,0,0,0,0,0,0,0,0,0,0,0,0,0,0
29,芝,1000,不良,3勝クラス,,,0,0,0,0,0,0,0,0,0,0,0,0,0,0,0,0,0,0,0,0,0,0,0,0,0,0,0
30,芝,1000,全,オープン,,,0,0,0,0,0,0,0,0,0,0,0,0,0,0,0,0,0,0,0,0,0,0,0,0,0,0,0
31,芝,1000,良,オープン,,,0,0,0,0,0,0,0,0,0,0,0,0,0,0,0,0,0,0,0,0,0,0,0,0,0,0,0
32,芝,1000,稍重,オープン,,,0,0,0,0,0,0,0,0,0,0,0,0,0,0,0,0,0,0,0,0,0,0,0,0,0,0,0
33,芝,1000,重,オープン,,,0,0,0,0,0,0,0,0,0,0,0,0,0,0,0,0,0,0,0,0,0,0,0,0,0,0,0
34,芝,1000,不良,オープン,,,0,0,0,0,0,0,0,0,0,0,0,0,0,0,0,0,0,0,0,0,0,0,0,0,0,0,0
35,芝,1200,全,all,4.9,8.48,1548,158,152,167,168,187,186,274,256,108,88,93,108,107,106,88,104,88,102,78,98,84,68,73,69,46,40
36,芝,1200,良,all,4.9,8.3,1023,110,107,105,107,122,115,183,174,76,65,72,72,72,66,59,70,61,64,53,54,51,41,47,39,30,31
37,芝,1200,稍重,all,4.84,8.87,318,26,28,37,42,34,50,53,48,14,17,14,21,19,25,21,19,15,20,22,30,19,14,14,16,12,6
38,芝,1200,重,all,4.91,8.9,189,20,16,23,17,26,18,36,33,16,6,5,14,13,13,7,14,11,16,2,13,13,13,12,14,4,3
39,芝,1200,不良,all,4.62,6.61,18,2,1,2,2,5,3,2,1,2,0,2,1,3,2,1,1,1,2,1,1,1,0,0,0,0,0
40,芝,1200,全,未勝利,4.74,8.76,528,56,62,64,53,63,54,91,85,33,32,28,38,39,39,29,32,25,31,22,30,32,26,26,28,21,17
41,芝,1200,良,未勝利,4.79,8.72,363,38,45,39,37,41,38,68,57,23,22,22,28,26,25,21,22,16,21,18,17,24,18,18,15,13,14
42,芝,1200,稍重,未勝利,4.8,9.29,93,10,10,14,11,9,11,13,15,5,6,4,6,7,7,6,5,3,6,4,7,6,3,4,5,6,3
43,芝,1200,重,未勝利,4.84,9.17,69,8,6,11,4,12,5,10,13,5,4,1,4,6,6,2,4,6,4,0,6,2,5,4,8,2,0
44,芝,1200,不良,未勝利,3.67,5.67,3,0,1,0,1,1,0,0,0,0,0,1,0,0,1,0,1,0,0,0,0,0,0,0,0,0,0
45,芝,1200,全,新馬,4.69,7.16,210,24,18,26,17,33,26,39,27,21,12,17,19,21,16,10,16,15,13,6,14,9,7,6,3,2,3
46,芝,1200,良,新馬,4.55,6.77,159,20,15,22,13,25,17,27,20,18,11,15,14,17,8,7,15,12,10,3,9,7,5,4,1,2,1
47,芝,1200,稍重,新馬,5.23,7.7,24,2,1,2,2,4,4,5,4,1,1,1,3,2,3,1,0,2,2,2,4,1,0,0,0,0,1
48,芝,1200,重,新馬,5.27,9.37,21,1,2,2,2,1,3,7,3,1,0,1,2,1,4,2,1,0,0,0,1,1,2,2,2,0,1
49,芝,1200,不良,新馬,4.66,7.0,6,1,0,0,0,3,2,0,0,1,0,0,0,1,1,0,0,1,1,1,0,0,0,0,0,0,0
50,芝,1200,全,1勝クラス,5.11,8.71,456,40,41,50,49,56,57,77,86,28,24,26,32,28,33,25,31,24,30,24,31,24,23,25,22,15,11
51,芝,1200,良,1勝クラス,5.14,8.59,267,23,26,26,29,33,35,42,53,16,16,18,19,16,20,18,17,13,17,18,16,10,9,14,11,11,8
52,芝,1200,稍重,1勝クラス,5.04,9.06,126,10,9,15,15,16,17,23,21,6,7,6,6,8,10,5,10,8,8,6,10,7,8,8,9,2,2
53,芝,1200,重,1勝クラス,4.8,8.79,60,7,6,8,4,7,5,11,12,6,1,1,6,4,3,1,4,3,5,0,5,7,6,3,2,2,1
54,芝,1200,不良,1勝クラス,4.67,4.67,3,0,0,1,1,0,0,1,0,0,0,1,1,0,0,1,0,0,0,0,0,0,0,0,0,0,0
55,芝,1200,全,2勝クラス,5.02,8.68,138,18,11,13,16,10,21,28,21,10,12,11,8,3,10,9,7,4,11,11,9,6,5,8,4,5,5
56,芝,1200,良,2勝クラス,5.6,9.91,90,11,6,10,9,4,13,18,19,5,9,9,4,2,7,3,6,3,6,7,6,2,4,4,4,4,5
57,芝,1200,稍重,2勝クラス,4.7,8.37,33,3,4,3,5,3,8,6,1,1,3,2,2,0,3,5,1,1,2,4,3,2,1,2,0,1,0
58,芝,1200,重,2勝クラス,4.17,7.22,15,4,1,0,2,3,0,4,1,4,0,0,2,1,0,1,0,0,3,0,0,2,0,2,0,0,0
59,芝,1200,不良,2勝クラス,,,0,0,0,0,0,0,0,0,0,0,0,0,0,0,0,0,0,0,0,0,0,0,0,0,0,0,0
60,芝,1200,全,3勝クラス,5.4,9.18,72,4,6,2,10,9,13,16,12,4,2,2,3,4,3,6,5,9,5,7,6,6,2,1,5,1,1
61,芝,1200,良,3勝クラス,5.03,8.08,45,4,6,1,5,7,7,8,7,4,2,2,2,2,3,5,3,8,3,2,3,1,1,0,4,0,0
62,芝,1200,稍重,3勝クラス,6.44,10.95,15,0,0,0,3,0,3,5,4,0,0,0,1,1,0,1,0,0,1,4,1,3,1,0,1,1,0
63,芝,1200,重,3勝クラス,5.78,11.55,9,0,0,0,2,2,2,2,1,0,0,0,0,0,0,0,2,1,1,1,1,1,0,1,0,0,1
64,芝,1200,不良,3勝クラス,5.33,10.0,3,0,0,1,0,0,1,1,0,0,0,0,0,1,0,0,0,0,0,0,1,1,0,0,0,0,0
65,芝,1200,全,オープン,5.12,8.69,96,9,8,9,13,11,10,16,20,7,4,5,5,10,4,4,8,9,8,6,6,4,4,3,6,2,1
66,芝,1200,良,オープン,5.02,8.3,66,8,6,6,7,8,3,14,14,6,3,4,4,8,2,1,5,8,4,4,2,4,3,3,4,0,1
67,芝,1200,稍重,オープン,5.33,10.53,18,0,1,2,4,1,6,1,3,0,0,0,1,0,2,3,1,0,1,2,4,0,1,0,1,2,0
68,芝,1200,重,オープン,5.0,7.42,9,0,1,1,2,1,1,1,2,0,1,1,0,1,0,0,2,1,2,0,0,0,0,0,1,0,0
69,芝,1200,不良,オープン,4.67,5.33,3,1,0,0,0,1,0,0,1,1,0,0,0,1,0,0,0,0,1,0,0,0,0,0,0,0,0
70,芝,1700,全,all,3.0,3.67,3,0,1,1,1,0,0,0,0,0,1,0,1,1,0,0,0,0,0,0,0,0,0,0,0,0,0
71,芝,1700,良,all,3.0,3.67,3,0,1,1,1,0,0,0,0,0,1,0,1,1,0,0,0,0,0,0,0,0,0,0,0,0,0
72,芝,1700,稍重,all,,,0,0,0,0,0,0,0,0,0,0,0,0,0,0,0,0,0,0,0,0,0,0,0,0,0,0,0
73,芝,1700,重,all,,,0,0,0,0,0,0,0,0,0,0,0,0,0,0,0,0,0,0,0,0,0,0,0,0,0,0,0
74,芝,1700,不良,all,,,0,0,0,0,0,0,0,0,0,0,0,0,0,0,0,0,0,0,0,0,0,0,0,0,0,0,0
75,芝,1700,全,未勝利,,,0,0,0,0,0,0,0,0,0,0,0,0,0,0,0,0,0,0,0,0,0,0,0,0,0,0,0
76,芝,1700,良,未勝利,,,0,0,0,0,0,0,0,0,0,0,0,0,0,0,0,0,0,0,0,0,0,0,0,0,0,0,0
77,芝,1700,稍重,未勝利,,,0,0,0,0,0,0,0,0,0,0,0,0,0,0,0,0,0,0,0,0,0,0,0,0,0,0,0
78,芝,1700,重,未勝利,,,0,0,0,0,0,0,0,0,0,0,0,0,0,0,0,0,0,0,0,0,0,0,0,0,0,0,0
79,芝,1700,不良,未勝利,,,0,0,0,0,0,0,0,0,0,0,0,0,0,0,0,0,0,0,0,0,0,0,0,0,0,0,0
80,芝,1700,全,新馬,,,0,0,0,0,0,0,0,0,0,0,0,0,0,0,0,0,0,0,0,0,0,0,0,0,0,0,0
81,芝,1700,良,新馬,,,0,0,0,0,0,0,0,0,0,0,0,0,0,0,0,0,0,0,0,0,0,0,0,0,0,0,0
82,芝,1700,稍重,新馬,,,0,0,0,0,0,0,0,0,0,0,0,0,0,0,0,0,0,0,0,0,0,0,0,0,0,0,0
83,芝,1700,重,新馬,,,0,0,0,0,0,0,0,0,0,0,0,0,0,0,0,0,0,0,0,0,0,0,0,0,0,0,0
84,芝,1700,不良,新馬,,,0,0,0,0,0,0,0,0,0,0,0,0,0,0,0,0,0,0,0,0,0,0,0,0,0,0,0
85,芝,1700,全,1勝クラス,3.0,3.67,3,0,1,1,1,0,0,0,0,0,1,0,1,1,0,0,0,0,0,0,0,0,0,0,0,0,0
86,芝,1700,良,1勝クラス,3.0,3.67,3,0,1,1,1,0,0,0,0,0,1,0,1,1,0,0,0,0,0,0,0,0,0,0,0,0,0
87,芝,1700,稍重,1勝クラス,,,0,0,0,0,0,0,0,0,0,0,0,0,0,0,0,0,0,0,0,0,0,0,0,0,0,0,0
88,芝,1700,重,1勝クラス,,,0,0,0,0,0,0,0,0,0,0,0,0,0,0,0,0,0,0,0,0,0,0,0,0,0,0,0
89,芝,1700,不良,1勝クラス,,,0,0,0,0,0,0,0,0,0,0,0,0,0,0,0,0,0,0,0,0,0,0,0,0,0,0,0
90,芝,1700,全,2勝クラス,,,0,0,0,0,0,0,0,0,0,0,0,0,0,0,0,0,0,0,0,0,0,0,0,0,0,0,0
91,芝,1700,良,2勝クラス,,,0,0,0,0,0,0,0,0,0,0,0,0,0,0,0,0,0,0,0,0,0,0,0,0,0,0,0
92,芝,1700,稍重,2勝クラス,,,0,0,0,0,0,0,0,0,0,0,0,0,0,0,0,0,0,0,0,0,0,0,0,0,0,0,0
93,芝,1700,重,2勝クラス,,,0,0,0,0,0,0,0,0,0,0,0,0,0,0,0,0,0,0,0,0,0,0,0,0,0,0,0
94,芝,1700,不良,2勝クラス,,,0,0,0,0,0,0,0,0,0,0,0,0,0,0,0,0,0,0,0,0,0,0,0,0,0,0,0
95,芝,1700,全,3勝クラス,,,0,0,0,0,0,0,0,0,0,0,0,0,0,0,0,0,0,0,0,0,0,0,0,0,0,0,0
96,芝,1700,良,3勝クラス,,,0,0,0,0,0,0,0,0,0,0,0,0,0,0,0,0,0,0,0,0,0,0,0,0,0,0,0
97,芝,1700,稍重,3勝クラス,,,0,0,0,0,0,0,0,0,0,0,0,0,0,0,0,0,0,0,0,0,0,0,0,0,0,0,0
98,芝,1700,重,3勝クラス,,,0,0,0,0,0,0,0,0,0,0,0,0,0,0,0,0,0,0,0,0,0,0,0,0,0,0,0
99,芝,1700,不良,3勝クラス,,,0,0,0,0,0,0,0,0,0,0,0,0,0,0,0,0,0,0,0,0,0,0,0,0,0,0,0
100,芝,1700,全,オープン,,,0,0,0,0,0,0,0,0,0,0,0,0,0,0,0,0,0,0,0,0,0,0,0,0,0,0,0
101,芝,1700,良,オープン,,,0,0,0,0,0,0,0,0,0,0,0,0,0,0,0,0,0,0,0,0,0,0,0,0,0,0,0
102,芝,1700,稍重,オープン,,,0,0,0,0,0,0,0,0,0,0,0,0,0,0,0,0,0,0,0,0,0,0,0,0,0,0,0
103,芝,1700,重,オープン,,,0,0,0,0,0,0,0,0,0,0,0,0,0,0,0,0,0,0,0,0,0,0,0,0,0,0,0
104,芝,1700,不良,オープン,,,0,0,0,0,0,0,0,0,0,0,0,0,0,0,0,0,0,0,0,0,0,0,0,0,0,0,0
105,芝,1800,全,all,4.58,7.0,880,95,96,97,108,113,125,132,114,73,69,75,74,59,64,65,69,54,66,48,54,36,30,21,23,0,0
106,芝,1800,良,all,4.62,7.0,586,60,62,69,75,74,82,90,74,47,44,54,49,42,48,38,48,35,46,31,36,22,22,12,12,0,0
107,芝,1800,稍重,all,4.59,7.25,171,19,22,16,18,23,23,22,28,15,13,13,16,7,8,14,13,14,12,8,12,6,5,7,8,0,0
108,芝,1800,重,all,4.61,7.1,117,16,12,10,14,15,19,19,12,11,12,7,8,8,8,12,8,5,7,9,6,8,3,2,3,0,0
109,芝,1800,不良,all,4.66,5.66,6,0,0,2,1,1,1,1,0,0,0,1,1,2,0,1,0,0,1,0,0,0,0,0,0,0,0
110,芝,1800,全,未勝利,4.45,7.44,361,44,44,42,54,40,40,54,43,30,26,33,32,23,18,34,29,15,22,14,22,20,19,13,11,0,0
111,芝,1800,良,未勝利,4.44,7.51,223,29,26,27,34,25,26,30,26,19,16,18,20,16,11,20,17,10,13,9,15,13,12,8,6,0,0
112,芝,1800,稍重,未勝利,4.43,7.0,87,10,14,10,11,10,9,12,11,9,6,9,9,4,5,7,6,4,6,1,6,4,4,3,4,0,0
113,芝,1800,重,未勝利,4.65,7.29,51,5,4,5,9,5,5,12,6,2,4,6,3,3,2,7,6,1,3,4,1,3,3,2,1,0,0
114,芝,1800,不良,未勝利,,,0,0,0,0,0,0,0,0,0,0,0,0,0,0,0,0,0,0,0,0,0,0,0,0,0,0,0
115,芝,1800,全,新馬,4.98,7.41,87,9,8,4,9,11,16,16,14,8,6,4,8,6,8,6,5,9,5,6,5,5,2,1,3,0,0
116,芝,1800,良,新馬,4.99,7.5,69,8,5,4,7,8,13,13,11,8,4,4,5,6,6,5,4,6,5,5,4,3,2,0,2,0,0
117,芝,1800,稍重,新馬,5.22,7.89,9,1,1,0,1,1,2,1,2,0,1,0,1,0,1,1,1,2,0,1,0,0,0,1,0,0,0
118,芝,1800,重,新馬,5.11,8.78,9,0,2,0,1,2,1,2,1,0,1,0,2,0,1,0,0,1,0,0,1,2,0,0,1,0,0
119,芝,1800,不良,新馬,,,0,0,0,0,0,0,0,0,0,0,0,0,0,0,0,0,0,0,0,0,0,0,0,0,0,0,0
120,芝,1800,全,1勝クラス,4.6,7.04,240,23,26,27,26,36,38,31,33,18,20,16,21,18,20,12,23,17,24,15,13,6,6,4,7,0,0
121,芝,1800,良,1勝クラス,4.64,7.04,153,12,17,19,18,22,23,24,18,9,13,11,12,12,16,6,16,10,18,9,8,4,5,1,3,0,0
122,芝,1800,稍重,1勝クラス,4.64,7.7,48,6,5,4,4,9,7,3,10,4,4,3,5,2,1,2,5,5,4,3,3,0,1,3,3,0,0
123,芝,1800,重,1勝クラス,4.49,6.49,33,5,4,2,3,4,7,3,5,5,3,1,3,2,3,3,2,2,1,3,2,2,0,0,1,0,0
124,芝,1800,不良,1勝クラス,4.66,5.66,6,0,0,2,1,1,1,1,0,0,0,1,1,2,0,1,0,0,1,0,0,0,0,0,0,0,0
125,芝,1800,全,2勝クラス,4.71,6.34,90,11,9,9,9,14,14,14,10,10,10,5,9,9,8,8,5,4,7,5,5,2,2,1,0,0,0
126,芝,1800,良,2勝クラス,4.88,6.24,57,7,5,6,8,10,7,7,7,7,5,5,8,5,6,5,4,2,4,2,1,0,2,1,0,0,0
127,芝,1800,稍重,2勝クラス,5.91,8.18,18,1,2,1,1,2,3,5,3,1,2,0,1,1,1,2,1,2,2,2,2,1,0,0,0,0,0
128,芝,1800,重,2勝クラス,4.04,6.22,15,3,2,2,0,2,4,2,0,2,3,0,0,3,1,1,0,0,1,1,2,1,0,0,0,0,0
129,芝,1800,不良,2勝クラス,,,0,0,0,0,0,0,0,0,0,0,0,0,0,0,0,0,0,0,0,0,0,0,0,0,0,0,0
130,芝,1800,全,3勝クラス,4.85,6.27,36,4,0,7,3,5,6,5,6,3,1,7,2,2,3,1,4,4,4,1,3,1,0,0,0,0,0
131,芝,1800,良,3勝クラス,5.19,6.7,30,2,0,6,3,4,5,5,5,2,0,6,2,2,3,0,4,4,3,0,3,1,0,0,0,0,0
132,芝,1800,稍重,3勝クラス,5.67,7.0,3,0,0,1,0,0,1,0,1,0,0,1,0,0,0,1,0,0,0,1,0,0,0,0,0,0,0
133,芝,1800,重,3勝クラス,2.33,4.33,3,2,0,0,0,1,0,0,0,1,1,0,0,0,0,0,0,0,1,0,0,0,0,0,0,0,0
134,芝,1800,不良,3勝クラス,,,0,0,0,0,0,0,0,0,0,0,0,0,0,0,0,0,0,0,0,0,0,0,0,0,0,0,0
135,芝,1800,全,オープン,4.69,7.15,45,3,6,5,6,4,8,6,7,3,5,5,2,1,5,3,2,2,3,4,4,1,1,2,2,0,0
136,芝,1800,良,オープン,4.86,7.17,39,2,6,4,4,4,7,6,6,2,5,5,2,1,4,1,2,2,3,4,3,1,1,2,1,0,0
137,芝,1800,稍重,オープン,6.0,11.67,3,0,0,0,1,0,1,0,1,0,0,0,0,0,0,1,0,0,0,0,1,0,0,0,1,0,0
138,芝,1800,重,オープン,2.67,4.67,3,1,0,1,1,0,0,0,0,1,0,0,0,0,1,1,0,0,0,0,0,0,0,0,0,0,0
139,芝,1800,不良,オープン,,,0,0,0,0,0,0,0,0,0,0,0,0,0,0,0,0,0,0,0,0,0,0,0,0,0,0,0
140,芝,2000,全,all,4.96,7.62,815,72,94,92,97,102,114,113,131,58,68,71,72,58,68,64,67,53,51,46,40,25,27,15,13,13,6
141,芝,2000,良,all,4.86,7.53,510,46,62,66,62,57,70,70,77,35,42,53,49,37,45,34,38,30,23,33,25,17,16,11,8,9,5
142,芝,2000,稍重,all,5.16,7.31,176,14,21,11,15,28,26,29,32,11,18,6,13,10,15,18,17,16,17,8,8,6,5,2,2,3,1
143,芝,2000,重,all,4.9,7.35,120,11,10,14,18,16,17,13,21,11,7,11,8,10,7,12,12,6,11,4,7,2,6,2,3,1,0
144,芝,2000,不良,all,4.25,4.67,9,1,1,1,2,1,1,1,1,1,1,1,2,1,1,0,0,1,0,1,0,0,0,0,0,0,0
145,芝,2000,全,未勝利,4.92,8.34,353,43,41,29,43,39,47,56,55,31,29,23,34,17,19,25,25,20,22,23,20,13,16,13,9,9,5
146,芝,2000,良,未勝利,4.76,8.31,210,26,27,21,29,19,26,33,29,17,17,15,23,11,15,12,13,7,7,15,14,10,10,10,4,6,4
147,芝,2000,稍重,未勝利,5.28,7.86,74,8,7,2,5,10,13,16,13,5,7,3,6,2,2,7,7,7,9,4,4,2,2,2,2,2,1
148,芝,2000,重,未勝利,4.71,7.36,66,9,7,6,8,10,8,6,12,9,5,5,4,4,2,6,5,5,6,3,2,1,4,1,3,1,0
149,芝,2000,不良,未勝利,6.33,8.0,3,0,0,0,1,0,0,1,1,0,0,0,1,0,0,0,0,1,0,1,0,0,0,0,0,0,0
150,芝,2000,全,新馬,4.62,6.79,60,5,8,11,7,8,4,9,8,5,5,9,6,4,6,5,3,6,3,1,0,0,4,0,1,1,1
151,芝,2000,良,新馬,4.62,7.3,45,3,7,11,4,5,2,6,7,3,4,9,3,3,4,3,2,4,2,1,0,0,4,0,1,1,1
152,芝,2000,稍重,新馬,5.0,5.83,9,1,1,0,1,3,0,2,1,1,1,0,1,1,1,1,1,2,0,0,0,0,0,0,0,0,0
153,芝,2000,重,新馬,5.67,7.0,3,0,0,0,1,0,1,1,0,0,0,0,1,0,0,1,0,0,1,0,0,0,0,0,0,0,0
154,芝,2000,不良,新馬,3.67,3.67,3,1,0,0,1,0,1,0,0,1,0,0,1,0,1,0,0,0,0,0,0,0,0,0,0,0,0
155,芝,2000,全,1勝クラス,5.21,7.11,240,11,25,29,28,33,44,28,42,11,20,23,18,19,30,22,24,15,15,14,13,10,4,1,0,1,0
156,芝,2000,良,1勝クラス,5.16,6.82,141,6,16,19,15,19,28,17,21,6,12,18,12,10,18,13,13,11,7,11,5,5,0,0,0,0,0
157,芝,2000,稍重,1勝クラス,5.01,6.98,63,4,8,6,5,11,9,7,13,4,7,2,3,6,10,5,5,3,5,2,4,4,2,0,0,1,0
158,芝,2000,重,1勝クラス,5.38,8.07,36,1,1,4,8,3,7,4,8,1,1,3,3,3,2,4,6,1,3,1,4,1,2,1,0,0,0
159,芝,2000,不良,1勝クラス,,,0,0,0,0,0,0,0,0,0,0,0,0,0,0,0,0,0,0,0,0,0,0,0,0,0,0,0
160,芝,2000,全,2勝クラス,4.71,6.42,69,5,8,9,10,13,9,7,8,5,4,7,7,10,6,4,7,6,7,2,1,1,1,0,1,0,0
161,芝,2000,良,2勝クラス,4.79,6.42,57,5,5,7,7,10,8,7,8,5,3,6,5,9,4,3,5,6,6,1,1,1,1,0,1,0,0
162,芝,2000,稍重,2勝クラス,3.89,7.11,9,0,2,1,3,2,1,0,0,0,0,0,2,0,2,1,2,0,1,1,0,0,0,0,0,0,0
163,芝,2000,重,2勝クラス,,,0,0,0,0,0,0,0,0,0,0,0,0,0,0,0,0,0,0,0,0,0,0,0,0,0,0,0
164,芝,2000,不良,2勝クラス,3.33,3.33,3,0,1,1,0,1,0,0,0,0,1,1,0,1,0,0,0,0,0,0,0,0,0,0,0,0,0
165,芝,2000,全,3勝クラス,5.22,6.64,24,2,4,1,1,4,1,4,7,2,4,0,2,1,2,2,2,2,3,1,2,0,1,0,0,0,0
166,芝,2000,良,3勝クラス,5.44,6.67,12,1,1,0,1,3,0,2,4,1,1,0,1,1,1,1,2,1,1,1,1,0,0,0,0,0,0
167,芝,2000,稍重,3勝クラス,4.17,5.25,9,1,3,1,0,0,1,1,2,1,3,0,1,0,0,1,0,1,1,0,0,0,1,0,0,0,0
168,芝,2000,重,3勝クラス,6.67,9.33,3,0,0,0,0,1,0,1,1,0,0,0,0,0,1,0,0,0,1,0,1,0,0,0,0,0,0
169,芝,2000,不良,3勝クラス,,,0,0,0,0,0,0,0,0,0,0,0,0,0,0,0,0,0,0,0,0,0,0,0,0,0,0,0
170,芝,2000,全,オープン,4.77,7.18,45,3,7,9,5,3,5,7,6,1,5,7,4,4,4,4,4,2,1,1,3,1,1,0,2,1,0
171,芝,2000,良,オープン,4.65,7.17,33,3,5,6,5,1,4,5,4,1,4,5,4,1,3,2,3,1,0,1,3,1,1,0,2,1,0
172,芝,2000,稍重,オープン,6.84,7.67,6,0,0,0,0,1,1,2,2,0,0,0,0,1,0,2,1,1,1,0,0,0,0,0,0,0,0
173,芝,2000,重,オープン,3.0,4.0,6,0,2,3,0,1,0,0,0,0,1,2,0,2,1,0,0,0,0,0,0,0,0,0,0,0,0
174,芝,2000,不良,オープン,,,0,0,0,0,0,0,0,0,0,0,0,0,0,0,0,0,0,0,0,0,0,0,0,0,0,0,0
175,芝,2400,全,all,,,0,0,0,0,0,0,0,0,0,0,0,0,0,0,0,0,0,0,0,0,0,0,0,0,0,0,0
176,芝,2400,良,all,,,0,0,0,0,0,0,0,0,0,0,0,0,0,0,0,0,0,0,0,0,0,0,0,0,0,0,0
177,芝,2400,稍重,all,,,0,0,0,0,0,0,0,0,0,0,0,0,0,0,0,0,0,0,0,0,0,0,0,0,0,0,0
178,芝,2400,重,all,,,0,0,0,0,0,0,0,0,0,0,0,0,0,0,0,0,0,0,0,0,0,0,0,0,0,0,0
179,芝,2400,不良,all,,,0,0,0,0,0,0,0,0,0,0,0,0,0,0,0,0,0,0,0,0,0,0,0,0,0,0,0
180,芝,2400,全,未勝利,,,0,0,0,0,0,0,0,0,0,0,0,0,0,0,0,0,0,0,0,0,0,0,0,0,0,0,0
181,芝,2400,良,未勝利,,,0,0,0,0,0,0,0,0,0,0,0,0,0,0,0,0,0,0,0,0,0,0,0,0,0,0,0
182,芝,2400,稍重,未勝利,,,0,0,0,0,0,0,0,0,0,0,0,0,0,0,0,0,0,0,0,0,0,0,0,0,0,0,0
183,芝,2400,重,未勝利,,,0,0,0,0,0,0,0,0,0,0,0,0,0,0,0,0,0,0,0,0,0,0,0,0,0,0,0
184,芝,2400,不良,未勝利,,,0,0,0,0,0,0,0,0,0,0,0,0,0,0,0,0,0,0,0,0,0,0,0,0,0,0,0
185,芝,2400,全,新馬,,,0,0,0,0,0,0,0,0,0,0,0,0,0,0,0,0,0,0,0,0,0,0,0,0,0,0,0
186,芝,2400,良,新馬,,,0,0,0,0,0,0,0,0,0,0,0,0,0,0,0,0,0,0,0,0,0,0,0,0,0,0,0
187,芝,2400,稍重,新馬,,,0,0,0,0,0,0,0,0,0,0,0,0,0,0,0,0,0,0,0,0,0,0,0,0,0,0,0
188,芝,2400,重,新馬,,,0,0,0,0,0,0,0,0,0,0,0,0,0,0,0,0,0,0,0,0,0,0,0,0,0,0,0
189,芝,2400,不良,新馬,,,0,0,0,0,0,0,0,0,0,0,0,0,0,0,0,0,0,0,0,0,0,0,0,0,0,0,0
190,芝,2400,全,1勝クラス,,,0,0,0,0,0,0,0,0,0,0,0,0,0,0,0,0,0,0,0,0,0,0,0,0,0,0,0
191,芝,2400,良,1勝クラス,,,0,0,0,0,0,0,0,0,0,0,0,0,0,0,0,0,0,0,0,0,0,0,0,0,0,0,0
192,芝,2400,稍重,1勝クラス,,,0,0,0,0,0,0,0,0,0,0,0,0,0,0,0,0,0,0,0,0,0,0,0,0,0,0,0
193,芝,2400,重,1勝クラス,,,0,0,0,0,0,0,0,0,0,0,0,0,0,0,0,0,0,0,0,0,0,0,0,0,0,0,0
194,芝,2400,不良,1勝クラス,,,0,0,0,0,0,0,0,0,0,0,0,0,0,0,0,0,0,0,0,0,0,0,0,0,0,0,0
195,芝,2400,全,2勝クラス,,,0,0,0,0,0,0,0,0,0,0,0,0,0,0,0,0,0,0,0,0,0,0,0,0,0,0,0
196,芝,2400,良,2勝クラス,,,0,0,0,0,0,0,0,0,0,0,0,0,0,0,0,0,0,0,0,0,0,0,0,0,0,0,0
197,芝,2400,稍重,2勝クラス,,,0,0,0,0,0,0,0,0,0,0,0,0,0,0,0,0,0,0,0,0,0,0,0,0,0,0,0
198,芝,2400,重,2勝クラス,,,0,0,0,0,0,0,0,0,0,0,0,0,0,0,0,0,0,0,0,0,0,0,0,0,0,0,0
199,芝,2400,不良,2勝クラス,,,0,0,0,0,0,0,0,0,0,0,0,0,0,0,0,0,0,0,0,0,0,0,0,0,0,0,0
200,芝,2400,全,3勝クラス,,,0,0,0,0,0,0,0,0,0,0,0,0,0,0,0,0,0,0,0,0,0,0,0,0,0,0,0
201,芝,2400,良,3勝クラス,,,0,0,0,0,0,0,0,0,0,0,0,0,0,0,0,0,0,0,0,0,0,0,0,0,0,0,0
202,芝,2400,稍重,3勝クラス,,,0,0,0,0,0,0,0,0,0,0,0,0,0,0,0,0,0,0,0,0,0,0,0,0,0,0,0
203,芝,2400,重,3勝クラス,,,0,0,0,0,0,0,0,0,0,0,0,0,0,0,0,0,0,0,0,0,0,0,0,0,0,0,0
204,芝,2400,不良,3勝クラス,,,0,0,0,0,0,0,0,0,0,0,0,0,0,0,0,0,0,0,0,0,0,0,0,0,0,0,0
205,芝,2400,全,オープン,,,0,0,0,0,0,0,0,0,0,0,0,0,0,0,0,0,0,0,0,0,0,0,0,0,0,0,0
206,芝,2400,良,オープン,,,0,0,0,0,0,0,0,0,0,0,0,0,0,0,0,0,0,0,0,0,0,0,0,0,0,0,0
207,芝,2400,稍重,オープン,,,0,0,0,0,0,0,0,0,0,0,0,0,0,0,0,0,0,0,0,0,0,0,0,0,0,0,0
208,芝,2400,重,オープン,,,0,0,0,0,0,0,0,0,0,0,0,0,0,0,0,0,0,0,0,0,0,0,0,0,0,0,0
209,芝,2400,不良,オープン,,,0,0,0,0,0,0,0,0,0,0,0,0,0,0,0,0,0,0,0,0,0,0,0,0,0,0,0
210,芝,2600,全,all,4.87,6.82,222,20,23,24,32,35,28,22,38,17,15,17,30,22,23,18,14,12,14,12,11,3,7,6,1,0,0
211,芝,2600,良,all,4.67,6.54,147,16,19,19,21,21,18,10,23,14,12,13,21,12,16,10,9,7,9,6,6,3,4,5,0,0,0
212,芝,2600,稍重,all,5.62,7.3,51,3,1,3,10,9,8,7,10,3,0,3,8,8,4,6,4,4,3,4,3,0,1,0,0,0,0
213,芝,2600,重,all,5.4,8.33,24,1,3,2,1,5,2,5,5,0,3,1,1,2,3,2,1,1,2,2,2,0,2,1,1,0,0
214,芝,2600,不良,all,,,0,0,0,0,0,0,0,0,0,0,0,0,0,0,0,0,0,0,0,0,0,0,0,0,0,0,0
215,芝,2600,全,未勝利,3.8,7.25,24,3,5,6,1,2,4,2,1,1,2,2,3,3,3,1,0,0,2,1,3,0,2,1,0,0,0
216,芝,2600,良,未勝利,3.7,6.96,21,3,4,6,1,1,3,2,1,1,2,2,2,3,3,1,0,0,1,1,2,0,2,1,0,0,0
217,芝,2600,稍重,未勝利,4.33,8.67,3,0,1,0,0,1,1,0,0,0,0,0,1,0,0,0,0,0,1,0,1,0,0,0,0,0,0
218,芝,2600,重,未勝利,,,0,0,0,0,0,0,0,0,0,0,0,0,0,0,0,0,0,0,0,0,0,0,0,0,0,0,0
219,芝,2600,不良,未勝利,,,0,0,0,0,0,0,0,0,0,0,0,0,0,0,0,0,0,0,0,0,0,0,0,0,0,0,0
220,芝,2600,全,新馬,,,0,0,0,0,0,0,0,0,0,0,0,0,0,0,0,0,0,0,0,0,0,0,0,0,0,0,0
221,芝,2600,良,新馬,,,0,0,0,0,0,0,0,0,0,0,0,0,0,0,0,0,0,0,0,0,0,0,0,0,0,0,0
222,芝,2600,稍重,新馬,,,0,0,0,0,0,0,0,0,0,0,0,0,0,0,0,0,0,0,0,0,0,0,0,0,0,0,0
223,芝,2600,重,新馬,,,0,0,0,0,0,0,0,0,0,0,0,0,0,0,0,0,0,0,0,0,0,0,0,0,0,0,0
224,芝,2600,不良,新馬,,,0,0,0,0,0,0,0,0,0,0,0,0,0,0,0,0,0,0,0,0,0,0,0,0,0,0,0
225,芝,2600,全,1勝クラス,5.21,7.67,132,9,8,11,20,28,17,16,23,8,7,8,16,17,12,15,11,8,10,4,4,2,5,4,1,0,0
226,芝,2600,良,1勝クラス,5.18,7.37,81,6,7,7,13,18,10,7,13,6,5,5,11,8,8,7,7,6,7,2,2,2,2,3,0,0,0
227,芝,2600,稍重,1勝クラス,5.63,6.94,36,2,0,3,6,7,6,5,7,2,0,3,4,7,3,6,4,2,2,1,1,0,1,0,0,0,0
228,芝,2600,重,1勝クラス,5.5,8.94,15,1,1,1,1,3,1,4,3,0,2,0,1,2,1,2,0,0,1,1,1,0,2,1,1,0,0
229,芝,2600,不良,1勝クラス,,,0,0,0,0,0,0,0,0,0,0,0,0,0,0,0,0,0,0,0,0,0,0,0,0,0,0,0
230,芝,2600,全,2勝クラス,4.49,5.68,51,6,10,7,8,3,2,4,11,6,6,7,8,1,6,1,3,3,1,5,3,1,0,0,0,0,0
231,芝,2600,良,2勝クラス,4.0,4.84,33,5,8,6,5,0,1,1,7,5,5,6,6,0,3,1,2,1,0,1,2,1,0,0,0,0,0
232,芝,2600,稍重,2勝クラス,5.33,6.89,9,1,0,0,3,1,0,2,2,1,0,0,2,1,1,0,0,1,0,3,0,0,0,0,0,0,0
233,芝,2600,重,2勝クラス,5.25,7.42,9,0,2,1,0,2,1,1,2,0,1,1,0,0,2,0,1,1,1,1,1,0,0,0,0,0,0
234,芝,2600,不良,2勝クラス,,,0,0,0,0,0,0,0,0,0,0,0,0,0,0,0,0,0,0,0,0,0,0,0,0,0,0,0
235,芝,2600,全,3勝クラス,,,0,0,0,0,0,0,0,0,0,0,0,0,0,0,0,0,0,0,0,0,0,0,0,0,0,0,0
236,芝,2600,良,3勝クラス,,,0,0,0,0,0,0,0,0,0,0,0,0,0,0,0,0,0,0,0,0,0,0,0,0,0,0,0
237,芝,2600,稍重,3勝クラス,,,0,0,0,0,0,0,0,0,0,0,0,0,0,0,0,0,0,0,0,0,0,0,0,0,0,0,0
238,芝,2600,重,3勝クラス,,,0,0,0,0,0,0,0,0,0,0,0,0,0,0,0,0,0,0,0,0,0,0,0,0,0,0,0
239,芝,2600,不良,3勝クラス,,,0,0,0,0,0,0,0,0,0,0,0,0,0,0,0,0,0,0,0,0,0,0,0,0,0,0,0
240,芝,2600,全,オープン,,,0,0,0,0,0,0,0,0,0,0,0,0,0,0,0,0,0,0,0,0,0,0,0,0,0,0,0
241,芝,2600,良,オープン,,,0,0,0,0,0,0,0,0,0,0,0,0,0,0,0,0,0,0,0,0,0,0,0,0,0,0,0
242,芝,2600,稍重,オープン,,,0,0,0,0,0,0,0,0,0,0,0,0,0,0,0,0,0,0,0,0,0,0,0,0,0,0,0
243,芝,2600,重,オープン,,,0,0,0,0,0,0,0,0,0,0,0,0,0,0,0,0,0,0,0,0,0,0,0,0,0,0,0
244,芝,2600,不良,オープン,,,0,0,0,0,0,0,0,0,0,0,0,0,0,0,0,0,0,0,0,0,0,0,0,0,0,0,0
245,ダート,1000,全,all,4.74,6.78,633,52,53,88,86,85,88,83,98,52,53,57,43,50,45,42,48,45,46,43,37,34,38,0,0,0,0
246,ダート,1000,良,all,4.84,6.9,297,18,27,38,41,44,41,32,56,18,27,24,22,20,25,22,27,20,19,13,19,21,20,0,0,0,0
247,ダート,1000,稍重,all,4.73,6.64,159,21,11,21,16,25,20,26,19,21,11,13,10,14,7,12,12,11,11,17,8,8,4,0,0,0,0
248,ダート,1000,重,all,4.83,7.0,117,7,10,21,22,8,17,18,14,7,10,15,8,11,10,5,4,8,10,11,6,3,9,0,0,0,0
249,ダート,1000,不良,all,5.16,7.78,60,6,5,8,7,8,10,7,9,6,5,5,3,5,3,3,5,6,6,2,4,2,5,0,0,0,0
250,ダート,1000,全,未勝利,4.9,7.08,287,23,24,33,38,46,43,38,42,23,24,20,19,25,18,22,24,17,25,27,15,12,16,0,0,0,0
251,ダート,1000,良,未勝利,5.12,7.46,128,5,12,14,16,24,17,16,24,5,12,7,10,8,9,12,14,6,10,9,10,8,8,0,0,0,0
252,ダート,1000,稍重,未勝利,4.79,6.67,75,10,5,10,7,14,10,11,8,10,5,6,5,8,4,5,5,6,5,10,2,2,2,0,0,0,0
253,ダート,1000,重,未勝利,5.11,7.48,60,4,5,7,12,4,11,9,8,4,5,6,3,7,4,4,1,3,8,7,2,1,5,0,0,0,0
254,ダート,1000,不良,未勝利,4.53,6.8,24,4,2,2,3,4,5,2,2,4,2,1,1,2,1,1,4,2,2,1,1,1,1,0,0,0,0
255,ダート,1000,全,新馬,4.17,4.25,12,2,1,2,2,1,2,1,1,2,1,2,2,1,1,2,1,0,0,0,0,0,0,0,0,0,0
256,ダート,1000,良,新馬,4.33,4.44,9,1,1,1,2,1,2,0,1,1,1,1,2,1,1,1,1,0,0,0,0,0,0,0,0,0,0
257,ダート,1000,稍重,新馬,3.67,3.67,3,1,0,1,0,0,0,1,0,1,0,1,0,0,0,1,0,0,0,0,0,0,0,0,0,0,0
258,ダート,1000,重,新馬,,,0,0,0,0,0,0,0,0,0,0,0,0,0,0,0,0,0,0,0,0,0,0,0,0,0,0,0
259,ダート,1000,不良,新馬,,,0,0,0,0,0,0,0,0,0,0,0,0,0,0,0,0,0,0,0,0,0,0,0,0,0,0,0
260,ダート,1000,全,1勝クラス,4.57,6.5,223,15,20,40,29,24,28,35,32,15,20,24,17,14,19,13,11,19,16,14,16,14,11,0,0,0,0
261,ダート,1000,良,1勝クラス,4.51,6.34,100,6,10,17,15,11,12,13,16,6,10,11,7,7,11,5,5,9,6,3,7,8,5,0,0,0,0
262,ダート,1000,稍重,1勝クラス,4.46,6.45,54,6,4,7,4,7,7,12,7,6,4,4,3,2,3,5,3,5,4,6,5,3,1,0,0,0,0
263,ダート,1000,重,1勝クラス,4.46,6.44,42,2,4,11,7,3,5,6,4,2,4,6,5,3,4,1,2,3,2,4,2,2,2,0,0,0,0
264,ダート,1000,不良,1勝クラス,4.99,7.32,27,1,2,5,3,3,4,4,5,1,2,3,2,2,1,2,1,2,4,1,2,1,3,0,0,0,0
265,ダート,1000,全,2勝クラス,4.84,7.33,63,7,4,9,10,9,5,6,13,7,4,7,2,6,5,3,7,3,3,1,4,4,7,0,0,0,0
266,ダート,1000,良,2勝クラス,5.03,7.5,39,4,2,5,6,6,5,2,9,4,2,4,1,3,3,3,5,2,3,0,1,3,5,0,0,0,0
267,ダート,1000,稍重,2勝クラス,3.42,4.67,9,2,1,2,1,1,0,1,1,2,1,1,1,1,0,0,1,0,0,1,0,1,0,0,0,0,0
268,ダート,1000,重,2勝クラス,5.42,8.5,9,0,0,1,3,1,0,2,2,0,0,1,0,1,2,0,1,0,0,0,2,0,2,0,0,0,0
269,ダート,1000,不良,2勝クラス,4.33,5.34,6,1,1,1,0,1,0,1,1,1,1,1,0,1,0,0,0,1,0,0,1,0,0,0,0,0,0
270,ダート,1000,全,3勝クラス,4.81,6.14,27,3,3,3,3,2,6,2,5,3,3,3,3,1,1,2,2,4,0,1,1,2,1,0,0,0,0
271,ダート,1000,良,3勝クラス,5.2,6.9,18,2,2,1,2,1,4,1,5,2,2,1,2,1,1,1,1,2,0,1,1,2,1,0,0,0,0
272,ダート,1000,稍重,3勝クラス,5.0,6.33,3,0,0,0,1,1,1,0,0,0,0,0,1,0,0,1,1,0,0,0,0,0,0,0,0,0,0
273,ダート,1000,重,3勝クラス,3.67,4.5,6,1,1,2,0,0,1,1,0,1,1,2,0,0,0,0,0,2,0,0,0,0,0,0,0,0,0
274,ダート,1000,不良,3勝クラス,,,0,0,0,0,0,0,0,0,0,0,0,0,0,0,0,0,0,0,0,0,0,0,0,0,0,0,0
275,ダート,1000,全,オープン,,,0,0,0,0,0,0,0,0,0,0,0,0,0,0,0,0,0,0,0,0,0,0,0,0,0,0,0
276,ダート,1000,良,オープン,,,0,0,0,0,0,0,0,0,0,0,0,0,0,0,0,0,0,0,0,0,0,0,0,0,0,0,0
277,ダート,1000,稍重,オープン,,,0,0,0,0,0,0,0,0,0,0,0,0,0,0,0,0,0,0,0,0,0,0,0,0,0,0,0
278,ダート,1000,重,オープン,,,0,0,0,0,0,0,0,0,0,0,0,0,0,0,0,0,0,0,0,0,0,0,0,0,0,0,0
279,ダート,1000,不良,オープン,,,0,0,0,0,0,0,0,0,0,0,0,0,0,0,0,0,0,0,0,0,0,0,0,0,0,0,0
280,ダート,1200,全,all,,,0,0,0,0,0,0,0,0,0,0,0,0,0,0,0,0,0,0,0,0,0,0,0,0,0,0,0
281,ダート,1200,良,all,,,0,0,0,0,0,0,0,0,0,0,0,0,0,0,0,0,0,0,0,0,0,0,0,0,0,0,0
282,ダート,1200,稍重,all,,,0,0,0,0,0,0,0,0,0,0,0,0,0,0,0,0,0,0,0,0,0,0,0,0,0,0,0
283,ダート,1200,重,all,,,0,0,0,0,0,0,0,0,0,0,0,0,0,0,0,0,0,0,0,0,0,0,0,0,0,0,0
284,ダート,1200,不良,all,,,0,0,0,0,0,0,0,0,0,0,0,0,0,0,0,0,0,0,0,0,0,0,0,0,0,0,0
285,ダート,1200,全,未勝利,,,0,0,0,0,0,0,0,0,0,0,0,0,0,0,0,0,0,0,0,0,0,0,0,0,0,0,0
286,ダート,1200,良,未勝利,,,0,0,0,0,0,0,0,0,0,0,0,0,0,0,0,0,0,0,0,0,0,0,0,0,0,0,0
287,ダート,1200,稍重,未勝利,,,0,0,0,0,0,0,0,0,0,0,0,0,0,0,0,0,0,0,0,0,0,0,0,0,0,0,0
288,ダート,1200,重,未勝利,,,0,0,0,0,0,0,0,0,0,0,0,0,0,0,0,0,0,0,0,0,0,0,0,0,0,0,0
289,ダート,1200,不良,未勝利,,,0,0,0,0,0,0,0,0,0,0,0,0,0,0,0,0,0,0,0,0,0,0,0,0,0,0,0
290,ダート,1200,全,新馬,,,0,0,0,0,0,0,0,0,0,0,0,0,0,0,0,0,0,0,0,0,0,0,0,0,0,0,0
291,ダート,1200,良,新馬,,,0,0,0,0,0,0,0,0,0,0,0,0,0,0,0,0,0,0,0,0,0,0,0,0,0,0,0
292,ダート,1200,稍重,新馬,,,0,0,0,0,0,0,0,0,0,0,0,0,0,0,0,0,0,0,0,0,0,0,0,0,0,0,0
293,ダート,1200,重,新馬,,,0,0,0,0,0,0,0,0,0,0,0,0,0,0,0,0,0,0,0,0,0,0,0,0,0,0,0
294,ダート,1200,不良,新馬,,,0,0,0,0,0,0,0,0,0,0,0,0,0,0,0,0,0,0,0,0,0,0,0,0,0,0,0
295,ダート,1200,全,1勝クラス,,,0,0,0,0,0,0,0,0,0,0,0,0,0,0,0,0,0,0,0,0,0,0,0,0,0,0,0
296,ダート,1200,良,1勝クラス,,,0,0,0,0,0,0,0,0,0,0,0,0,0,0,0,0,0,0,0,0,0,0,0,0,0,0,0
297,ダート,1200,稍重,1勝クラス,,,0,0,0,0,0,0,0,0,0,0,0,0,0,0,0,0,0,0,0,0,0,0,0,0,0,0,0
298,ダート,1200,重,1勝クラス,,,0,0,0,0,0,0,0,0,0,0,0,0,0,0,0,0,0,0,0,0,0,0,0,0,0,0,0
299,ダート,1200,不良,1勝クラス,,,0,0,0,0,0,0,0,0,0,0,0,0,0,0,0,0,0,0,0,0,0,0,0,0,0,0,0
300,ダート,1200,全,2勝クラス,,,0,0,0,0,0,0,0,0,0,0,0,0,0,0,0,0,0,0,0,0,0,0,0,0,0,0,0
301,ダート,1200,良,2勝クラス,,,0,0,0,0,0,0,0,0,0,0,0,0,0,0,0,0,0,0,0,0,0,0,0,0,0,0,0
302,ダート,1200,稍重,2勝クラス,,,0,0,0,0,0,0,0,0,0,0,0,0,0,0,0,0,0,0,0,0,0,0,0,0,0,0,0
303,ダート,1200,重,2勝クラス,,,0,0,0,0,0,0,0,0,0,0,0,0,0,0,0,0,0,0,0,0,0,0,0,0,0,0,0
304,ダート,1200,不良,2勝クラス,,,0,0,0,0,0,0,0,0,0,0,0,0,0,0,0,0,0,0,0,0,0,0,0,0,0,0,0
305,ダート,1200,全,3勝クラス,,,0,0,0,0,0,0,0,0,0,0,0,0,0,0,0,0,0,0,0,0,0,0,0,0,0,0,0
306,ダート,1200,良,3勝クラス,,,0,0,0,0,0,0,0,0,0,0,0,0,0,0,0,0,0,0,0,0,0,0,0,0,0,0,0
307,ダート,1200,稍重,3勝クラス,,,0,0,0,0,0,0,0,0,0,0,0,0,0,0,0,0,0,0,0,0,0,0,0,0,0,0,0
308,ダート,1200,重,3勝クラス,,,0,0,0,0,0,0,0,0,0,0,0,0,0,0,0,0,0,0,0,0,0,0,0,0,0,0,0
309,ダート,1200,不良,3勝クラス,,,0,0,0,0,0,0,0,0,0,0,0,0,0,0,0,0,0,0,0,0,0,0,0,0,0,0,0
310,ダート,1200,全,オープン,,,0,0,0,0,0,0,0,0,0,0,0,0,0,0,0,0,0,0,0,0,0,0,0,0,0,0,0
311,ダート,1200,良,オープン,,,0,0,0,0,0,0,0,0,0,0,0,0,0,0,0,0,0,0,0,0,0,0,0,0,0,0,0
312,ダート,1200,稍重,オープン,,,0,0,0,0,0,0,0,0,0,0,0,0,0,0,0,0,0,0,0,0,0,0,0,0,0,0,0
313,ダート,1200,重,オープン,,,0,0,0,0,0,0,0,0,0,0,0,0,0,0,0,0,0,0,0,0,0,0,0,0,0,0,0
314,ダート,1200,不良,オープン,,,0,0,0,0,0,0,0,0,0,0,0,0,0,0,0,0,0,0,0,0,0,0,0,0,0,0,0
315,ダート,1700,全,all,4.58,7.46,1392,167,159,164,181,174,207,161,179,108,106,92,110,94,93,93,108,100,90,93,90,69,53,51,42,0,0
316,ダート,1700,良,all,4.55,7.46,633,76,79,69,68,81,109,71,80,50,46,41,52,45,44,37,39,51,44,44,54,27,17,25,17,0,0
317,ダート,1700,稍重,all,4.74,7.93,360,37,36,38,57,52,56,40,44,23,30,20,24,20,27,29,32,29,28,25,19,20,15,9,10,0,0
318,ダート,1700,重,all,4.4,7.37,261,32,32,41,35,25,31,32,33,22,20,25,20,20,17,17,26,13,11,20,9,14,12,8,7,0,0
319,ダート,1700,不良,all,4.43,7.78,138,22,12,16,21,16,11,18,22,13,10,6,14,9,5,10,11,7,7,4,8,8,9,9,8,0,0
320,ダート,1700,全,未勝利,4.66,7.77,561,71,68,63,76,71,79,68,65,42,42,39,40,41,31,29,53,44,37,35,37,26,21,25,19,0,0
321,ダート,1700,良,未勝利,4.62,7.77,261,34,37,28,27,34,40,29,32,21,19,18,22,18,17,11,19,22,18,13,23,9,10,14,7,0,0
322,ダート,1700,稍重,未勝利,4.74,8.27,159,17,15,17,26,24,24,17,19,12,10,9,9,11,10,7,16,15,14,11,9,9,6,6,5,0,0
323,ダート,1700,重,未勝利,4.42,7.58,75,9,13,7,11,7,10,13,5,3,8,8,5,6,2,6,10,4,3,9,1,4,3,1,2,0,0
324,ダート,1700,不良,未勝利,4.52,8.05,66,11,3,11,12,6,5,9,9,6,5,4,4,6,2,5,8,3,2,2,4,4,2,4,5,0,0
325,ダート,1700,全,新馬,4.67,9.0,15,3,1,1,1,2,3,2,2,1,2,0,1,1,0,0,1,0,2,1,2,1,1,1,1,0,0
326,ダート,1700,良,新馬,5.0,9.58,12,2,1,1,0,1,3,2,2,1,1,0,1,1,0,0,0,0,1,1,2,1,1,1,1,0,0
327,ダート,1700,稍重,新馬,3.33,6.67,3,1,0,0,1,1,0,0,0,0,1,0,0,0,0,0,1,0,1,0,0,0,0,0,0,0,0
328,ダート,1700,重,新馬,,,0,0,0,0,0,0,0,0,0,0,0,0,0,0,0,0,0,0,0,0,0,0,0,0,0,0,0
329,ダート,1700,不良,新馬,,,0,0,0,0,0,0,0,0,0,0,0,0,0,0,0,0,0,0,0,0,0,0,0,0,0,0,0
330,ダート,1700,全,1勝クラス,4.47,7.02,453,55,48,57,64,47,72,47,63,41,35,30,43,32,35,39,28,27,22,32,28,27,15,10,9,0,0
331,ダート,1700,良,1勝クラス,4.49,7.15,198,25,24,19,25,19,35,23,28,18,16,10,17,16,13,17,9,11,12,20,14,11,5,5,4,0,0
332,ダート,1700,稍重,1勝クラス,4.59,7.34,102,9,12,11,18,13,19,10,10,6,10,6,10,5,10,14,7,8,4,3,7,6,3,0,3,0,0
333,ダート,1700,重,1勝クラス,4.68,7.61,117,14,10,23,16,10,14,11,19,13,6,13,12,8,10,6,10,7,3,7,6,7,4,3,2,0,0
334,ダート,1700,不良,1勝クラス,4.1,6.87,36,7,2,4,5,5,4,3,6,4,3,1,4,3,2,2,2,1,3,2,1,3,3,2,0,0,0
335,ダート,1700,全,2勝クラス,4.27,7.23,204,22,22,26,22,29,30,21,32,14,14,13,16,10,15,12,14,15,17,13,14,7,10,12,8,0,0
336,ダート,1700,良,2勝クラス,4.12,6.66,102,11,9,13,11,18,20,7,13,6,7,8,9,6,8,6,6,12,10,4,10,3,0,4,3,0,0
337,ダート,1700,稍重,2勝クラス,4.82,8.55,39,5,3,5,5,5,4,5,7,3,3,2,1,1,3,4,3,0,4,5,0,2,4,3,1,0,0
338,ダート,1700,重,2勝クラス,4.84,8.69,42,4,7,7,3,4,4,6,7,3,4,3,2,3,3,0,5,1,2,4,1,2,4,3,2,0,0
339,ダート,1700,不良,2勝クラス,4.62,8.4,21,2,3,1,3,2,2,3,5,2,0,0,4,0,1,2,0,2,1,0,3,0,2,2,2,0,0
340,ダート,1700,全,3勝クラス,4.5,7.45,75,8,7,10,11,15,9,11,4,4,5,6,4,7,5,8,3,8,6,5,6,3,3,1,1,0,0
341,ダート,1700,良,3勝クラス,4.78,7.64,30,0,4,6,2,7,4,5,2,0,1,4,2,3,3,2,1,5,1,3,3,1,0,0,1,0,0
342,ダート,1700,稍重,3勝クラス,4.9,8.07,18,2,0,2,3,3,4,3,1,0,2,1,0,2,1,1,1,2,2,2,2,1,1,0,0,0,0
343,ダート,1700,重,3勝クラス,4.3,7.89,18,4,0,2,5,3,1,2,1,3,1,0,0,2,1,4,1,0,2,0,1,1,1,1,0,0,0
344,ダート,1700,不良,3勝クラス,3.08,5.75,9,2,3,0,1,2,0,1,0,1,1,1,2,0,0,1,0,1,1,0,0,0,1,0,0,0,0
345,ダート,1700,全,オープン,4.54,7.77,42,4,6,4,3,6,10,4,5,3,3,2,2,2,4,2,4,3,4,3,3,2,1,2,2,0,0
346,ダート,1700,良,オープン,4.76,8.24,27,3,3,2,3,2,7,4,3,3,1,1,1,1,3,1,3,1,2,3,2,2,1,1,1,0,0
347,ダート,1700,稍重,オープン,5.33,10.33,3,0,0,0,0,2,1,0,0,0,0,0,0,0,0,0,0,1,1,0,1,0,0,0,0,0,0
348,ダート,1700,重,オープン,4.0,6.89,9,1,2,2,0,1,2,0,1,0,1,1,1,1,1,1,0,1,1,0,0,0,0,0,1,0,0
349,ダート,1700,不良,オープン,5.0,8.33,3,0,1,0,0,1,0,0,1,0,1,0,0,0,0,0,1,0,0,0,0,0,0,1,0,0,0
350,ダート,1800,全,all,,,0,0,0,0,0,0,0,0,0,0,0,0,0,0,0,0,0,0,0,0,0,0,0,0,0,0,0
351,ダート,1800,良,all,,,0,0,0,0,0,0,0,0,0,0,0,0,0,0,0,0,0,0,0,0,0,0,0,0,0,0,0
352,ダート,1800,稍重,all,,,0,0,0,0,0,0,0,0,0,0,0,0,0,0,0,0,0,0,0,0,0,0,0,0,0,0,0
353,ダート,1800,重,all,,,0,0,0,0,0,0,0,0,0,0,0,0,0,0,0,0,0,0,0,0,0,0,0,0,0,0,0
354,ダート,1800,不良,all,,,0,0,0,0,0,0,0,0,0,0,0,0,0,0,0,0,0,0,0,0,0,0,0,0,0,0,0
355,ダート,1800,全,未勝利,,,0,0,0,0,0,0,0,0,0,0,0,0,0,0,0,0,0,0,0,0,0,0,0,0,0,0,0
356,ダート,1800,良,未勝利,,,0,0,0,0,0,0,0,0,0,0,0,0,0,0,0,0,0,0,0,0,0,0,0,0,0,0,0
357,ダート,1800,稍重,未勝利,,,0,0,0,0,0,0,0,0,0,0,0,0,0,0,0,0,0,0,0,0,0,0,0,0,0,0,0
358,ダート,1800,重,未勝利,,,0,0,0,0,0,0,0,0,0,0,0,0,0,0,0,0,0,0,0,0,0,0,0,0,0,0,0
359,ダート,1800,不良,未勝利,,,0,0,0,0,0,0,0,0,0,0,0,0,0,0,0,0,0,0,0,0,0,0,0,0,0,0,0
360,ダート,1800,全,新馬,,,0,0,0,0,0,0,0,0,0,0,0,0,0,0,0,0,0,0,0,0,0,0,0,0,0,0,0
361,ダート,1800,良,新馬,,,0,0,0,0,0,0,0,0,0,0,0,0,0,0,0,0,0,0,0,0,0,0,0,0,0,0,0
362,ダート,1800,稍重,新馬,,,0,0,0,0,0,0,0,0,0,0,0,0,0,0,0,0,0,0,0,0,0,0,0,0,0,0,0
363,ダート,1800,重,新馬,,,0,0,0,0,0,0,0,0,0,0,0,0,0,0,0,0,0,0,0,0,0,0,0,0,0,0,0
364,ダート,1800,不良,新馬,,,0,0,0,0,0,0,0,0,0,0,0,0,0,0,0,0,0,0,0,0,0,0,0,0,0,0,0
365,ダート,1800,全,1勝クラス,,,0,0,0,0,0,0,0,0,0,0,0,0,0,0,0,0,0,0,0,0,0,0,0,0,0,0,0
366,ダート,1800,良,1勝クラス,,,0,0,0,0,0,0,0,0,0,0,0,0,0,0,0,0,0,0,0,0,0,0,0,0,0,0,0
367,ダート,1800,稍重,1勝クラス,,,0,0,0,0,0,0,0,0,0,0,0,0,0,0,0,0,0,0,0,0,0,0,0,0,0,0,0
368,ダート,1800,重,1勝クラス,,,0,0,0,0,0,0,0,0,0,0,0,0,0,0,0,0,0,0,0,0,0,0,0,0,0,0,0
369,ダート,1800,不良,1勝クラス,,,0,0,0,0,0,0,0,0,0,0,0,0,0,0,0,0,0,0,0,0,0,0,0,0,0,0,0
370,ダート,1800,全,2勝クラス,,,0,0,0,0,0,0,0,0,0,0,0,0,0,0,0,0,0,0,0,0,0,0,0,0,0,0,0
371,ダート,1800,良,2勝クラス,,,0,0,0,0,0,0,0,0,0,0,0,0,0,0,0,0,0,0,0,0,0,0,0,0,0,0,0
372,ダート,1800,稍重,2勝クラス,,,0,0,0,0,0,0,0,0,0,0,0,0,0,0,0,0,0,0,0,0,0,0,0,0,0,0,0
373,ダート,1800,重,2勝クラス,,,0,0,0,0,0,0,0,0,0,0,0,0,0,0,0,0,0,0,0,0,0,0,0,0,0,0,0
374,ダート,1800,不良,2勝クラス,,,0,0,0,0,0,0,0,0,0,0,0,0,0,0,0,0,0,0,0,0,0,0,0,0,0,0,0
375,ダート,1800,全,3勝クラス,,,0,0,0,0,0,0,0,0,0,0,0,0,0,0,0,0,0,0,0,0,0,0,0,0,0,0,0
376,ダート,1800,良,3勝クラス,,,0,0,0,0,0,0,0,0,0,0,0,0,0,0,0,0,0,0,0,0,0,0,0,0,0,0,0
377,ダート,1800,稍重,3勝クラス,,,0,0,0,0,0,0,0,0,0,0,0,0,0,0,0,0,0,0,0,0,0,0,0,0,0,0,0
378,ダート,1800,重,3勝クラス,,,0,0,0,0,0,0,0,0,0,0,0,0,0,0,0,0,0,0,0,0,0,0,0,0,0,0,0
379,ダート,1800,不良,3勝クラス,,,0,0,0,0,0,0,0,0,0,0,0,0,0,0,0,0,0,0,0,0,0,0,0,0,0,0,0
380,ダート,1800,全,オープン,,,0,0,0,0,0,0,0,0,0,0,0,0,0,0,0,0,0,0,0,0,0,0,0,0,0,0,0
381,ダート,1800,良,オープン,,,0,0,0,0,0,0,0,0,0,0,0,0,0,0,0,0,0,0,0,0,0,0,0,0,0,0,0
382,ダート,1800,稍重,オープン,,,0,0,0,0,0,0,0,0,0,0,0,0,0,0,0,0,0,0,0,0,0,0,0,0,0,0,0
383,ダート,1800,重,オープン,,,0,0,0,0,0,0,0,0,0,0,0,0,0,0,0,0,0,0,0,0,0,0,0,0,0,0,0
384,ダート,1800,不良,オープン,,,0,0,0,0,0,0,0,0,0,0,0,0,0,0,0,0,0,0,0,0,0,0,0,0,0,0,0
385,ダート,2000,全,all,,,0,0,0,0,0,0,0,0,0,0,0,0,0,0,0,0,0,0,0,0,0,0,0,0,0,0,0
386,ダート,2000,良,all,,,0,0,0,0,0,0,0,0,0,0,0,0,0,0,0,0,0,0,0,0,0,0,0,0,0,0,0
387,ダート,2000,稍重,all,,,0,0,0,0,0,0,0,0,0,0,0,0,0,0,0,0,0,0,0,0,0,0,0,0,0,0,0
388,ダート,2000,重,all,,,0,0,0,0,0,0,0,0,0,0,0,0,0,0,0,0,0,0,0,0,0,0,0,0,0,0,0
389,ダート,2000,不良,all,,,0,0,0,0,0,0,0,0,0,0,0,0,0,0,0,0,0,0,0,0,0,0,0,0,0,0,0
390,ダート,2000,全,未勝利,,,0,0,0,0,0,0,0,0,0,0,0,0,0,0,0,0,0,0,0,0,0,0,0,0,0,0,0
391,ダート,2000,良,未勝利,,,0,0,0,0,0,0,0,0,0,0,0,0,0,0,0,0,0,0,0,0,0,0,0,0,0,0,0
392,ダート,2000,稍重,未勝利,,,0,0,0,0,0,0,0,0,0,0,0,0,0,0,0,0,0,0,0,0,0,0,0,0,0,0,0
393,ダート,2000,重,未勝利,,,0,0,0,0,0,0,0,0,0,0,0,0,0,0,0,0,0,0,0,0,0,0,0,0,0,0,0
394,ダート,2000,不良,未勝利,,,0,0,0,0,0,0,0,0,0,0,0,0,0,0,0,0,0,0,0,0,0,0,0,0,0,0,0
395,ダート,2000,全,新馬,,,0,0,0,0,0,0,0,0,0,0,0,0,0,0,0,0,0,0,0,0,0,0,0,0,0,0,0
396,ダート,2000,良,新馬,,,0,0,0,0,0,0,0,0,0,0,0,0,0,0,0,0,0,0,0,0,0,0,0,0,0,0,0
397,ダート,2000,稍重,新馬,,,0,0,0,0,0,0,0,0,0,0,0,0,0,0,0,0,0,0,0,0,0,0,0,0,0,0,0
398,ダート,2000,重,新馬,,,0,0,0,0,0,0,0,0,0,0,0,0,0,0,0,0,0,0,0,0,0,0,0,0,0,0,0
399,ダート,2000,不良,新馬,,,0,0,0,0,0,0,0,0,0,0,0,0,0,0,0,0,0,0,0,0,0,0,0,0,0,0,0
400,ダート,2000,全,1勝クラス,,,0,0,0,0,0,0,0,0,0,0,0,0,0,0,0,0,0,0,0,0,0,0,0,0,0,0,0
401,ダート,2000,良,1勝クラス,,,0,0,0,0,0,0,0,0,0,0,0,0,0,0,0,0,0,0,0,0,0,0,0,0,0,0,0
402,ダート,2000,稍重,1勝クラス,,,0,0,0,0,0,0,0,0,0,0,0,0,0,0,0,0,0,0,0,0,0,0,0,0,0,0,0
403,ダート,2000,重,1勝クラス,,,0,0,0,0,0,0,0,0,0,0,0,0,0,0,0,0,0,0,0,0,0,0,0,0,0,0,0
404,ダート,2000,不良,1勝クラス,,,0,0,0,0,0,0,0,0,0,0,0,0,0,0,0,0,0,0,0,0,0,0,0,0,0,0,0
405,ダート,2000,全,2勝クラス,,,0,0,0,0,0,0,0,0,0,0,0,0,0,0,0,0,0,0,0,0,0,0,0,0,0,0,0
406,ダート,2000,良,2勝クラス,,,0,0,0,0,0,0,0,0,0,0,0,0,0,0,0,0,0,0,0,0,0,0,0,0,0,0,0
407,ダート,2000,稍重,2勝クラス,,,0,0,0,0,0,0,0,0,0,0,0,0,0,0,0,0,0,0,0,0,0,0,0,0,0,0,0
408,ダート,2000,重,2勝クラス,,,0,0,0,0,0,0,0,0,0,0,0,0,0,0,0,0,0,0,0,0,0,0,0,0,0,0,0
409,ダート,2000,不良,2勝クラス,,,0,0,0,0,0,0,0,0,0,0,0,0,0,0,0,0,0,0,0,0,0,0,0,0,0,0,0
410,ダート,2000,全,3勝クラス,,,0,0,0,0,0,0,0,0,0,0,0,0,0,0,0,0,0,0,0,0,0,0,0,0,0,0,0
411,ダート,2000,良,3勝クラス,,,0,0,0,0,0,0,0,0,0,0,0,0,0,0,0,0,0,0,0,0,0,0,0,0,0,0,0
412,ダート,2000,稍重,3勝クラス,,,0,0,0,0,0,0,0,0,0,0,0,0,0,0,0,0,0,0,0,0,0,0,0,0,0,0,0
413,ダート,2000,重,3勝クラス,,,0,0,0,0,0,0,0,0,0,0,0,0,0,0,0,0,0,0,0,0,0,0,0,0,0,0,0
414,ダート,2000,不良,3勝クラス,,,0,0,0,0,0,0,0,0,0,0,0,0,0,0,0,0,0,0,0,0,0,0,0,0,0,0,0
415,ダート,2000,全,オープン,,,0,0,0,0,0,0,0,0,0,0,0,0,0,0,0,0,0,0,0,0,0,0,0,0,0,0,0
416,ダート,2000,良,オープン,,,0,0,0,0,0,0,0,0,0,0,0,0,0,0,0,0,0,0,0,0,0,0,0,0,0,0,0
417,ダート,2000,稍重,オープン,,,0,0,0,0,0,0,0,0,0,0,0,0,0,0,0,0,0,0,0,0,0,0,0,0,0,0,0
418,ダート,2000,重,オープン,,,0,0,0,0,0,0,0,0,0,0,0,0,0,0,0,0,0,0,0,0,0,0,0,0,0,0,0
419,ダート,2000,不良,オープン,,,0,0,0,0,0,0,0,0,0,0,0,0,0,0,0,0,0,0,0,0,0,0,0,0,0,0,0
420,ダート,2400,全,all,4.23,4.79,48,7,5,6,6,8,7,4,5,7,5,5,6,7,5,4,2,2,3,1,0,1,0,0,0,0,0
421,ダート,2400,良,all,4.86,5.6,24,4,1,2,4,3,4,3,3,4,1,1,5,1,3,3,1,2,2,1,0,0,0,0,0,0,0
422,ダート,2400,稍重,all,4.33,5.0,12,1,2,2,1,2,2,1,1,1,2,2,0,3,1,1,1,0,0,0,0,1,0,0,0,0,0
423,ダート,2400,重,all,2.67,2.67,3,1,1,0,0,1,0,0,0,1,1,0,0,1,0,0,0,0,0,0,0,0,0,0,0,0,0
424,ダート,2400,不良,all,4.0,4.17,9,1,1,2,1,2,1,0,1,1,1,2,1,2,1,0,0,0,1,0,0,0,0,0,0,0,0
425,ダート,2400,全,未勝利,,,0,0,0,0,0,0,0,0,0,0,0,0,0,0,0,0,0,0,0,0,0,0,0,0,0,0,0
426,ダート,2400,良,未勝利,,,0,0,0,0,0,0,0,0,0,0,0,0,0,0,0,0,0,0,0,0,0,0,0,0,0,0,0
427,ダート,2400,稍重,未勝利,,,0,0,0,0,0,0,0,0,0,0,0,0,0,0,0,0,0,0,0,0,0,0,0,0,0,0,0
428,ダート,2400,重,未勝利,,,0,0,0,0,0,0,0,0,0,0,0,0,0,0,0,0,0,0,0,0,0,0,0,0,0,0,0
429,ダート,2400,不良,未勝利,,,0,0,0,0,0,0,0,0,0,0,0,0,0,0,0,0,0,0,0,0,0,0,0,0,0,0,0
430,ダート,2400,全,新馬,,,0,0,0,0,0,0,0,0,0,0,0,0,0,0,0,0,0,0,0,0,0,0,0,0,0,0,0
431,ダート,2400,良,新馬,,,0,0,0,0,0,0,0,0,0,0,0,0,0,0,0,0,0,0,0,0,0,0,0,0,0,0,0
432,ダート,2400,稍重,新馬,,,0,0,0,0,0,0,0,0,0,0,0,0,0,0,0,0,0,0,0,0,0,0,0,0,0,0,0
433,ダート,2400,重,新馬,,,0,0,0,0,0,0,0,0,0,0,0,0,0,0,0,0,0,0,0,0,0,0,0,0,0,0,0
434,ダート,2400,不良,新馬,,,0,0,0,0,0,0,0,0,0,0,0,0,0,0,0,0,0,0,0,0,0,0,0,0,0,0,0
435,ダート,2400,全,1勝クラス,4.12,4.76,42,7,4,5,5,8,6,3,4,7,4,4,5,7,4,3,1,2,3,1,0,1,0,0,0,0,0
436,ダート,2400,良,1勝クラス,4.61,5.47,21,4,1,2,3,3,4,2,2,4,1,1,4,1,3,2,0,2,2,1,0,0,0,0,0,0,0
437,ダート,2400,稍重,1勝クラス,4.33,5.0,12,1,2,2,1,2,2,1,1,1,2,2,0,3,1,1,1,0,0,0,0,1,0,0,0,0,0
438,ダート,2400,重,1勝クラス,2.67,2.67,3,1,1,0,0,1,0,0,0,1,1,0,0,1,0,0,0,0,0,0,0,0,0,0,0,0,0
439,ダート,2400,不良,1勝クラス,4.33,4.67,6,1,0,1,1,2,0,0,1,1,0,1,1,2,0,0,0,0,1,0,0,0,0,0,0,0,0
440,ダート,2400,全,2勝クラス,,,0,0,0,0,0,0,0,0,0,0,0,0,0,0,0,0,0,0,0,0,0,0,0,0,0,0,0
441,ダート,2400,良,2勝クラス,,,0,0,0,0,0,0,0,0,0,0,0,0,0,0,0,0,0,0,0,0,0,0,0,0,0,0,0
442,ダート,2400,稍重,2勝クラス,,,0,0,0,0,0,0,0,0,0,0,0,0,0,0,0,0,0,0,0,0,0,0,0,0,0,0,0
443,ダート,2400,重,2勝クラス,,,0,0,0,0,0,0,0,0,0,0,0,0,0,0,0,0,0,0,0,0,0,0,0,0,0,0,0
444,ダート,2400,不良,2勝クラス,,,0,0,0,0,0,0,0,0,0,0,0,0,0,0,0,0,0,0,0,0,0,0,0,0,0,0,0
445,ダート,2400,全,3勝クラス,,,0,0,0,0,0,0,0,0,0,0,0,0,0,0,0,0,0,0,0,0,0,0,0,0,0,0,0
446,ダート,2400,良,3勝クラス,,,0,0,0,0,0,0,0,0,0,0,0,0,0,0,0,0,0,0,0,0,0,0,0,0,0,0,0
447,ダート,2400,稍重,3勝クラス,,,0,0,0,0,0,0,0,0,0,0,0,0,0,0,0,0,0,0,0,0,0,0,0,0,0,0,0
448,ダート,2400,重,3勝クラス,,,0,0,0,0,0,0,0,0,0,0,0,0,0,0,0,0,0,0,0,0,0,0,0,0,0,0,0
449,ダート,2400,不良,3勝クラス,,,0,0,0,0,0,0,0,0,0,0,0,0,0,0,0,0,0,0,0,0,0,0,0,0,0,0,0
450,ダート,2400,全,オープン,,,0,0,0,0,0,0,0,0,0,0,0,0,0,0,0,0,0,0,0,0,0,0,0,0,0,0,0
451,ダート,2400,良,オープン,,,0,0,0,0,0,0,0,0,0,0,0,0,0,0,0,0,0,0,0,0,0,0,0,0,0,0,0
452,ダート,2400,稍重,オープン,,,0,0,0,0,0,0,0,0,0,0,0,0,0,0,0,0,0,0,0,0,0,0,0,0,0,0,0
453,ダート,2400,重,オープン,,,0,0,0,0,0,0,0,0,0,0,0,0,0,0,0,0,0,0,0,0,0,0,0,0,0,0,0
454,ダート,2400,不良,オープン,,,0,0,0,0,0,0,0,0,0,0,0,0,0,0,0,0,0,0,0,0,0,0,0,0,0,0,0
455,ダート,2600,全,all,,,0,0,0,0,0,0,0,0,0,0,0,0,0,0,0,0,0,0,0,0,0,0,0,0,0,0,0
456,ダート,2600,良,all,,,0,0,0,0,0,0,0,0,0,0,0,0,0,0,0,0,0,0,0,0,0,0,0,0,0,0,0
457,ダート,2600,稍重,all,,,0,0,0,0,0,0,0,0,0,0,0,0,0,0,0,0,0,0,0,0,0,0,0,0,0,0,0
458,ダート,2600,重,all,,,0,0,0,0,0,0,0,0,0,0,0,0,0,0,0,0,0,0,0,0,0,0,0,0,0,0,0
459,ダート,2600,不良,all,,,0,0,0,0,0,0,0,0,0,0,0,0,0,0,0,0,0,0,0,0,0,0,0,0,0,0,0
460,ダート,2600,全,未勝利,,,0,0,0,0,0,0,0,0,0,0,0,0,0,0,0,0,0,0,0,0,0,0,0,0,0,0,0
461,ダート,2600,良,未勝利,,,0,0,0,0,0,0,0,0,0,0,0,0,0,0,0,0,0,0,0,0,0,0,0,0,0,0,0
462,ダート,2600,稍重,未勝利,,,0,0,0,0,0,0,0,0,0,0,0,0,0,0,0,0,0,0,0,0,0,0,0,0,0,0,0
463,ダート,2600,重,未勝利,,,0,0,0,0,0,0,0,0,0,0,0,0,0,0,0,0,0,0,0,0,0,0,0,0,0,0,0
464,ダート,2600,不良,未勝利,,,0,0,0,0,0,0,0,0,0,0,0,0,0,0,0,0,0,0,0,0,0,0,0,0,0,0,0
465,ダート,2600,全,新馬,,,0,0,0,0,0,0,0,0,0,0,0,0,0,0,0,0,0,0,0,0,0,0,0,0,0,0,0
466,ダート,2600,良,新馬,,,0,0,0,0,0,0,0,0,0,0,0,0,0,0,0,0,0,0,0,0,0,0,0,0,0,0,0
467,ダート,2600,稍重,新馬,,,0,0,0,0,0,0,0,0,0,0,0,0,0,0,0,0,0,0,0,0,0,0,0,0,0,0,0
468,ダート,2600,重,新馬,,,0,0,0,0,0,0,0,0,0,0,0,0,0,0,0,0,0,0,0,0,0,0,0,0,0,0,0
469,ダート,2600,不良,新馬,,,0,0,0,0,0,0,0,0,0,0,0,0,0,0,0,0,0,0,0,0,0,0,0,0,0,0,0
470,ダート,2600,全,1勝クラス,,,0,0,0,0,0,0,0,0,0,0,0,0,0,0,0,0,0,0,0,0,0,0,0,0,0,0,0
471,ダート,2600,良,1勝クラス,,,0,0,0,0,0,0,0,0,0,0,0,0,0,0,0,0,0,0,0,0,0,0,0,0,0,0,0
472,ダート,2600,稍重,1勝クラス,,,0,0,0,0,0,0,0,0,0,0,0,0,0,0,0,0,0,0,0,0,0,0,0,0,0,0,0
473,ダート,2600,重,1勝クラス,,,0,0,0,0,0,0,0,0,0,0,0,0,0,0,0,0,0,0,0,0,0,0,0,0,0,0,0
474,ダート,2600,不良,1勝クラス,,,0,0,0,0,0,0,0,0,0,0,0,0,0,0,0,0,0,0,0,0,0,0,0,0,0,0,0
475,ダート,2600,全,2勝クラス,,,0,0,0,0,0,0,0,0,0,0,0,0,0,0,0,0,0,0,0,0,0,0,0,0,0,0,0
476,ダート,2600,良,2勝クラス,,,0,0,0,0,0,0,0,0,0,0,0,0,0,0,0,0,0,0,0,0,0,0,0,0,0,0,0
477,ダート,2600,稍重,2勝クラス,,,0,0,0,0,0,0,0,0,0,0,0,0,0,0,0,0,0,0,0,0,0,0,0,0,0,0,0
478,ダート,2600,重,2勝クラス,,,0,0,0,0,0,0,0,0,0,0,0,0,0,0,0,0,0,0,0,0,0,0,0,0,0,0,0
479,ダート,2600,不良,2勝クラス,,,0,0,0,0,0,0,0,0,0,0,0,0,0,0,0,0,0,0,0,0,0,0,0,0,0,0,0
480,ダート,2600,全,3勝クラス,,,0,0,0,0,0,0,0,0,0,0,0,0,0,0,0,0,0,0,0,0,0,0,0,0,0,0,0
481,ダート,2600,良,3勝クラス,,,0,0,0,0,0,0,0,0,0,0,0,0,0,0,0,0,0,0,0,0,0,0,0,0,0,0,0
482,ダート,2600,稍重,3勝クラス,,,0,0,0,0,0,0,0,0,0,0,0,0,0,0,0,0,0,0,0,0,0,0,0,0,0,0,0
483,ダート,2600,重,3勝クラス,,,0,0,0,0,0,0,0,0,0,0,0,0,0,0,0,0,0,0,0,0,0,0,0,0,0,0,0
484,ダート,2600,不良,3勝クラス,,,0,0,0,0,0,0,0,0,0,0,0,0,0,0,0,0,0,0,0,0,0,0,0,0,0,0,0
485,ダート,2600,全,オープン,,,0,0,0,0,0,0,0,0,0,0,0,0,0,0,0,0,0,0,0,0,0,0,0,0,0,0,0
486,ダート,2600,良,オープン,,,0,0,0,0,0,0,0,0,0,0,0,0,0,0,0,0,0,0,0,0,0,0,0,0,0,0,0
487,ダート,2600,稍重,オープン,,,0,0,0,0,0,0,0,0,0,0,0,0,0,0,0,0,0,0,0,0,0,0,0,0,0,0,0
488,ダート,2600,重,オープン,,,0,0,0,0,0,0,0,0,0,0,0,0,0,0,0,0,0,0,0,0,0,0,0,0,0,0,0
489,ダート,2600,不良,オープン,,,0,0,0,0,0,0,0,0,0,0,0,0,0,0,0,0,0,0,0,0,0,0,0,0,0,0,0
